ref	topic	kind	depth	checked	sha	check_with	probe	missing	claim
uiarc:arc-foundation	focus-outline	ok	browser	2026-10-08	164a06f61891430f		has:--focus-outline && lacks::is(*:focus, *:focus-visible, *:focus-within)	读屏实测；在完整组件页面上逐个组件的键盘实测（浏览器实测用的是真实 foundation.css + 最小页面）	键盘焦点由全局 `:focus-visible` 描边统一处理（`--focus-outline`，带 `!important`）；文本框、菜单项、listbox 选项和 `tabindex="-1"` 有意不画；旧版的全局 `outline: none !important` 已移除，不要再删或覆盖它的焦点规则
uiarc:button	focus-style	gap	source	2026-10-08	a87bfc7182d4372c		lacks:focus-visible		模块 CSS 没有焦点样式：装了 arc-foundation 时靠它的全局描边；不装 foundation 单独借用时要自己补
uiarc:switch	focus-style	gap	source	2026-10-08	bc3b514941718cf6		has:.switch:focus-visible { outline: none; }		模块 CSS 写了 `.switch:focus-visible { outline: none; }`：装了 foundation 时被它带 `!important` 的描边盖过；不装时没有任何焦点样式
uiarc:input	weak-focus	gap	source	2026-10-08	6cf1b1f78bbfb29f		has:.input:focus-visible { border-color: var(--foreground); }		聚焦和 hover 一样只把 1px 边框变成 `--foreground`，焦点可见但不好分辨
uiarc:textarea	weak-focus	gap	source	2026-10-08	606f8ce2bf88ed45		has:box-shadow: 0 0 0 3px var(--focus-ring)		聚焦和 hover 一样只把 1px 边框变成 `--foreground`；它画的 `--focus-ring` 光圈默认透明
uiarc:password-field	weak-focus	gap	source	2026-10-08	5990c94b69cc09c4		has:.shell:focus-within { border-color: var(--foreground); }		聚焦和 hover 一样只把外框 1px 边框变成 `--foreground`，焦点可见但不好分辨
uiarc:search-field	weak-focus	gap	source	2026-10-08	406c01f957792ddd		has:.shell:focus-within { border-color: var(--foreground); }		聚焦和 hover 一样只把外框 1px 边框变成 `--foreground`，焦点可见但不好分辨
uiarc:combobox	focus-border	ok	source	2026-10-08	a0632ef5ca8cd3a3		has:.control:focus-within { border-color: var(--accent);		聚焦时边框变成 `--accent`；自带的 `--focus-ring` 光圈默认透明
uiarc:donut-chart	focus-style	gap	source	2026-10-08	711eb5c73940fdbc		lacks:outline && has:tabIndex={legend ? undefined : 0}		组件自身不画焦点（catalog："No focus rings are drawn"）；无图例时环是 `tabIndex=0` 的 `role="group"`，有图例时每行是按钮；装了 foundation 时由它的描边显示焦点
uiarc:user-menu	menu-focus	ok	source	2026-10-08	ef016a7de2c4cbda		has:role="menuitem" tabIndex={-1}		触发器是原生按钮（foundation 描边）；菜单项是 `role="menuitem"` + `tabIndex=-1`，靠高亮表示键盘位置
uiarc:command-palette	active-result	ok	source	2026-10-08	4fce306d9a1ffee8		has:aria-activedescendant && has:.highlight		活动结果用共享高亮底色表示，输入框 `aria-activedescendant` 指向它，不是描边
uiarc:billing-toggle	keyboard	ok	source	2026-10-08	3ff007b6378dafb7		has:role="radiogroup" && has:ArrowRight && has:useReducedMotion	读屏实测	`role="radiogroup"` + `role="radio"`、`aria-checked`，roving tabindex，方向键切换，有 `useReducedMotion` 分支
obsidianui:split-showcase	reduced-motion	ok	source	2026-10-08	6e30d1d26e7bc5c1		has:useReducedMotion		用 `useReducedMotion` 关掉 hover 的弹簧位移
npm:tw-animate-css	reduced-motion	gap	source	2026-10-08	6035b41301945cd6	https://unpkg.com/tw-animate-css@latest/dist/tw-animate.css	lacks:prefers-reduced-motion		`animate-in/out`、accordion 等动画不处理 `prefers-reduced-motion`；shadcn 弹层和 accordion 的进出场要自己补 `motion-reduce:`（核对时 1.4.0）
npm:shadcn	tailwind-css-reduced-motion	gap	source	2026-10-08	4c371f7a1ff5d219	https://unpkg.com/shadcn@latest/dist/tailwind.css			`shadcn/tailwind.css` 只给 shimmer 工具类加了 `prefers-reduced-motion` 守卫，不覆盖弹层和 accordion 动画（核对时 4.21.4）
beautifului:thinking-state	timer-driven	demo	source	2026-10-08	ac29d8e0227c581b		has:STAGES && has:useSequence		内部用 `STAGES` 定时器自己推进，没有 working/status prop，"Thought for N seconds" 写死；上线要改成由外部状态驱动
beautifului:tool-chips	timer-driven	demo	source	2026-10-08	67035ec579eb8d4c		has:STEP_MS		内置 `STEP_MS` 演示时间线，要改成按 tool-call / tool-result 事件渲染
beautifului:stream-text	replay-on-update	defect	source	2026-10-08	99b82b8960aacc75		has:setCount(0)		拿到完整字符串后用定时器逐字放出；`text` 变化时 `setCount(0)`，接真流式时每来一个 token 都从头重播
uiarc:sign-in	demo-logic	demo	source	2026-10-08	8558de0821f2cd7b		has:demoCode && has:123456		逻辑是模拟的：props 只有 `demoCode`（默认 "123456"）和 `onSignIn`，发码用定时器，没有发送、校验验证码的回调；原样上线任何人都能用 123456 登录
uiarc:plan-comparison	demo-data	demo	source	2026-10-08	f6e0965dd5d30e25		has:Studio		内置 Team / Studio 的演示功能清单和价格，要换成真实数据
uiarc:cta-section	demo-action	demo	source	2026-10-08	11dbcee22a612094		has:const simulated = !action.onClick		`action` 既没有 `href` 也没有 `onClick` 时，点击只在原地切换成 `confirmedLabel`，什么也没发生（演示用）
uiarc:hero-section	demo-action	demo	source	2026-10-08	9c5c3061020b10ba		has:setDone(true) && has:2400 && has:/media/people/		传了 `doneLabel` 时点击立刻显示完成态（不等 `onClick` 的结果），2.4 秒后复原；`centered` 演示的图片 `/media/people/*.jpg` 不随 registry 附带
bencho:slide-confirm	keyboard	defect	source	2026-10-08	3a3e67af828e6b7b		lacks:onKeyDown && lacks:onConfirm		手柄是 `<button>` 但没有 `onClick` / `onKeyDown`，键盘用户无法完成确认；没有 `onConfirm` 回调，props 只有外观参数
bencho:confirm	no-confirm-step	defect	source	2026-10-08	9a910d668b4ec5a3		lacks:aria-live && lacks:role="status"		没有确认步骤：点击即删除，之后给几秒撤销；没有 live region 播报
bencho:picker	keyboard	defect	source	2026-10-08	592a767584200c92		has:role="listbox" && lacks:onKeyDown		列表有 `role="listbox"` / `role="option"`，但没有任何键盘处理（无 `onKeyDown`、方向键、Esc），键盘用户选不了
bencho:one-time-code	demo-props	demo	source	2026-10-08	116b9587a2176f00		lacks:onComplete		props 只有 `length`、`answer`（Accept/Reject 演示开关）、`corner`，没有 `onComplete` 或 value 回调，接真实校验要改代码
bencho:upload-dropzone	prop-files	demo	source	2026-10-08	78181435581ee5b4		has:NO REAL FILES && has:Math.random		不是真的上传：三个文件是组件自带的道具，不读本地文件、不发请求，进度用 `Math.random()` 推进
reactbits:aurora	offscreen	gap	source	2026-10-08	bd48840640c4e50c		lacks:IntersectionObserver && lacks:visibilitychange && has:loseContext		没有 IntersectionObserver / visibilitychange，离屏和标签页隐藏时不停；卸载时有 `loseContext`
reactbits:grainient	cleanup	gap	source	2026-10-08	80708ab615e4e32e		has:IntersectionObserver && has:visibilitychange && lacks:loseContext && lacks:prefers-reduced-motion && lacks:useReducedMotion		有 IntersectionObserver 和 visibilitychange；卸载时没有 `loseContext`；不处理减弱动效
reactbits:blur-text	reduced-motion	gap	source	2026-10-08	863b4d448ceb4212		lacks:prefers-reduced-motion && lacks:useReducedMotion		不处理减弱动效；初始 `opacity: 0`，动画不触发时文字一直不可见
reactbits:splash-cursor	raf-cleanup	defect	source	2026-10-08	bef2dfc562ad15e3		lacks:cancelAnimationFrame		没有 `cancelAnimationFrame`，卸载后 rAF 循环不停
reactbits:animated-content	hidden-default	defect	source	2026-10-08	c1cbbd2ecbcc58bd		has:snap-main-container		挂载时把元素设成透明，ScrollTrigger 不触发时内容一直不可见；源码残留站点专用的 `snap-main-container`；不处理减弱动效
reactbits:shiny-text	contrast	defect	source	2026-10-08	3fdc7d6b6b7fe57a		has:#b5b5b5		默认 `color="#b5b5b5"`，放在白底上对比度约 2:1；`useAnimationFrame` 常驻，离屏也不停
reactbits:text-type	ssr-empty	defect	source	2026-10-08	5b8ad9ec25225900		lacks:prefers-reduced-motion && lacks:useReducedMotion		SSR 输出空字符串，JS 跑起来前文字不可见；循环删除重打会让读屏反复读到半截；不处理减弱动效
reactbits:magnet	pointer-only	gap	source	2026-10-08	7e15e1bab0490050		lacks:pointer: fine		跟随指针用 React state 更新，没有 `(pointer: fine)` 判断，触屏没有效果
shadcn:empty	undeclared-dep	gap	source	2026-10-08	e89ffe0fc2969956		has:class-variance-authority		源码 import 了 `class-variance-authority`，自己的 registry 依赖只写了 `cn`；cva 由 `shadcn init` 安装的 style 提供（base-nova 的 style 依赖里有它），没跑过 init 的项目单独装 empty 时要手动装 cva
loadingui:text-shimmer	motion-create	defect	source	2026-10-08	93522a076003984e		has:motion.create(		在组件体内调用 `motion.create`，每次渲染都新建一个组件类型
magicui:marquee	reduced-motion	gap	source	2026-10-08	6378d12f6ac7b383		lacks:prefers-reduced-motion && lacks:useReducedMotion && has:pauseOnHover = false		无限滚动不处理减弱动效，`pauseOnHover` 默认 false，也没有暂停按钮；接入时打开 pauseOnHover、补可见的暂停控制和 `motion-reduce` 停止
magicui:border-beam	reduced-motion	gap	source	2026-10-08	5ed4f31cf1aa2cf4		lacks:prefers-reduced-motion && lacks:useReducedMotion		边框光束无限循环（默认 6 秒一圈），不处理减弱动效，要自己补
aielements:shimmer	reduced-motion	gap	source	2026-10-08	3920932a64b2a516		lacks:prefers-reduced-motion && lacks:useReducedMotion		流光循环动画不处理减弱动效；和 `shadcn:shimmer`（官方工具类自带减弱动效守卫）相比要自己补
aielements:tool	real-state	ok	source	2026-10-08	866cf6bdf488f5a5		has:input-streaming && has:output-error		状态徽章直接取 AI SDK 工具 part 的 state（input-streaming / input-available / output-available / output-error），没有内部定时器
shadcn:helpers-ai-sdk	fake-transport	demo	vendor	2026-10-08	71ef70377fa9bfce		has:predefined conversations && has:without a model		预先写好的对话经本地 transport 回放（官方文档：没有模型、API 路由、网络请求和 API key）；只用于原型和 Storybook，上线前必须换成真实 transport，否则界面状态是假的
shadcn:helpers-tanstack-ai	fake-transport	demo	vendor	2026-10-08	ba19d8a30b119a42		has:predefined conversations && has:without a model		预先写好的对话经本地 connection 以 AG-UI 事件回放（官方文档：没有模型和网络请求）；只用于原型，上线前换成真实连接
animateui:components-backgrounds-bubble	reduced-motion	gap	source	2026-10-08	36dad502b3c47e93		lacks:prefers-reduced-motion && lacks:useReducedMotion && lacks:motion-reduce && lacks:reducedMotion	未做浏览器和读屏实测	源码没有减弱动效处理，动画在系统开启"减少动态效果"时照常播放；接入时自己补（motion 组件可用 `MotionConfig reducedMotion="user"`）
animateui:components-backgrounds-fireworks	reduced-motion	gap	source	2026-10-08	600cbbc350fb7bd7		lacks:prefers-reduced-motion && lacks:useReducedMotion && lacks:motion-reduce && lacks:reducedMotion	未做浏览器和读屏实测	源码没有减弱动效处理，动画在系统开启"减少动态效果"时照常播放；接入时自己补（motion 组件可用 `MotionConfig reducedMotion="user"`）
animateui:components-backgrounds-gradient	reduced-motion	gap	source	2026-10-08	7c548815ab4330bb		lacks:prefers-reduced-motion && lacks:useReducedMotion && lacks:motion-reduce && lacks:reducedMotion	未做浏览器和读屏实测	源码没有减弱动效处理，动画在系统开启"减少动态效果"时照常播放；接入时自己补（motion 组件可用 `MotionConfig reducedMotion="user"`）
animateui:components-backgrounds-gravity-stars	reduced-motion	gap	source	2026-10-08	e288554d85212ac4		lacks:prefers-reduced-motion && lacks:useReducedMotion && lacks:motion-reduce && lacks:reducedMotion	未做浏览器和读屏实测	源码没有减弱动效处理，动画在系统开启"减少动态效果"时照常播放；接入时自己补（motion 组件可用 `MotionConfig reducedMotion="user"`）
animateui:components-backgrounds-hexagon	reduced-motion	gap	source	2026-10-08	74bbc2aac4a3a18d		lacks:prefers-reduced-motion && lacks:useReducedMotion && lacks:motion-reduce && lacks:reducedMotion	未做浏览器和读屏实测	源码没有减弱动效处理，动画在系统开启"减少动态效果"时照常播放；接入时自己补（motion 组件可用 `MotionConfig reducedMotion="user"`）
animateui:components-backgrounds-hole	reduced-motion	gap	source	2026-10-08	80b679a939c639bf		lacks:prefers-reduced-motion && lacks:useReducedMotion && lacks:motion-reduce && lacks:reducedMotion	未做浏览器和读屏实测	源码没有减弱动效处理，动画在系统开启"减少动态效果"时照常播放；接入时自己补（motion 组件可用 `MotionConfig reducedMotion="user"`）
animateui:components-backgrounds-stars	reduced-motion	gap	source	2026-10-08	191e25bea78e3b8c		lacks:prefers-reduced-motion && lacks:useReducedMotion && lacks:motion-reduce && lacks:reducedMotion	未做浏览器和读屏实测	源码没有减弱动效处理，动画在系统开启"减少动态效果"时照常播放；接入时自己补（motion 组件可用 `MotionConfig reducedMotion="user"`）
animateui:components-base-dialog	reduced-motion	gap	source	2026-10-08	8d2b7fabb0620e6a		lacks:prefers-reduced-motion && lacks:useReducedMotion && lacks:motion-reduce && lacks:reducedMotion	未做浏览器和读屏实测	源码没有减弱动效处理，动画在系统开启"减少动态效果"时照常播放；接入时自己补（motion 组件可用 `MotionConfig reducedMotion="user"`）
animateui:components-base-switch	reduced-motion	gap	source	2026-10-08	e39f3e094e561efd		lacks:prefers-reduced-motion && lacks:useReducedMotion && lacks:motion-reduce && lacks:reducedMotion	未做浏览器和读屏实测	源码没有减弱动效处理，动画在系统开启"减少动态效果"时照常播放；接入时自己补（motion 组件可用 `MotionConfig reducedMotion="user"`）
animateui:components-base-tabs	reduced-motion	gap	source	2026-10-08	fff995ce595a59b1		lacks:prefers-reduced-motion && lacks:useReducedMotion && lacks:motion-reduce && lacks:reducedMotion	未做浏览器和读屏实测	源码没有减弱动效处理，动画在系统开启"减少动态效果"时照常播放；接入时自己补（motion 组件可用 `MotionConfig reducedMotion="user"`）
animateui:components-buttons-button	reduced-motion	gap	source	2026-10-08	fe92f89b7b4b8193		lacks:prefers-reduced-motion && lacks:useReducedMotion && lacks:motion-reduce && lacks:reducedMotion	未做浏览器和读屏实测	源码没有减弱动效处理，动画在系统开启"减少动态效果"时照常播放；接入时自己补（motion 组件可用 `MotionConfig reducedMotion="user"`）
animateui:components-buttons-copy	reduced-motion	gap	source	2026-10-08	d91bd2ad6b4ebf62		lacks:prefers-reduced-motion && lacks:useReducedMotion && lacks:motion-reduce && lacks:reducedMotion	未做浏览器和读屏实测	源码没有减弱动效处理，动画在系统开启"减少动态效果"时照常播放；接入时自己补（motion 组件可用 `MotionConfig reducedMotion="user"`）
animateui:components-buttons-flip	reduced-motion	gap	source	2026-10-08	c6b7ae2950728c3f		lacks:prefers-reduced-motion && lacks:useReducedMotion && lacks:motion-reduce && lacks:reducedMotion	未做浏览器和读屏实测	源码没有减弱动效处理，动画在系统开启"减少动态效果"时照常播放；接入时自己补（motion 组件可用 `MotionConfig reducedMotion="user"`）
animateui:components-buttons-github-stars	reduced-motion	gap	source	2026-10-08	41920089e7ab5189		lacks:prefers-reduced-motion && lacks:useReducedMotion && lacks:motion-reduce && lacks:reducedMotion	未做浏览器和读屏实测	源码没有减弱动效处理，动画在系统开启"减少动态效果"时照常播放；接入时自己补（motion 组件可用 `MotionConfig reducedMotion="user"`）
animateui:components-buttons-icon	reduced-motion	gap	source	2026-10-08	49d506d473a711ab		lacks:prefers-reduced-motion && lacks:useReducedMotion && lacks:motion-reduce && lacks:reducedMotion	未做浏览器和读屏实测	源码没有减弱动效处理，动画在系统开启"减少动态效果"时照常播放；接入时自己补（motion 组件可用 `MotionConfig reducedMotion="user"`）
animateui:components-buttons-liquid	reduced-motion	gap	source	2026-10-08	3aece19286aa0278		lacks:prefers-reduced-motion && lacks:useReducedMotion && lacks:motion-reduce && lacks:reducedMotion	未做浏览器和读屏实测	源码没有减弱动效处理，动画在系统开启"减少动态效果"时照常播放；接入时自己补（motion 组件可用 `MotionConfig reducedMotion="user"`）
animateui:components-buttons-ripple	reduced-motion	gap	source	2026-10-08	e0043e0ff63a5bff		lacks:prefers-reduced-motion && lacks:useReducedMotion && lacks:motion-reduce && lacks:reducedMotion	未做浏览器和读屏实测	源码没有减弱动效处理，动画在系统开启"减少动态效果"时照常播放；接入时自己补（motion 组件可用 `MotionConfig reducedMotion="user"`）
animateui:components-buttons-theme-toggler	reduced-motion	gap	source	2026-10-08	c9939cd650c49a7b		lacks:prefers-reduced-motion && lacks:useReducedMotion && lacks:motion-reduce && lacks:reducedMotion	未做浏览器和读屏实测	源码没有减弱动效处理，动画在系统开启"减少动态效果"时照常播放；接入时自己补（motion 组件可用 `MotionConfig reducedMotion="user"`）
animateui:components-radix-dialog	reduced-motion	gap	source	2026-10-08	51921e0d55157c21		lacks:prefers-reduced-motion && lacks:useReducedMotion && lacks:motion-reduce && lacks:reducedMotion	未做浏览器和读屏实测	源码没有减弱动效处理，动画在系统开启"减少动态效果"时照常播放；接入时自己补（motion 组件可用 `MotionConfig reducedMotion="user"`）
animateui:components-radix-sidebar	reduced-motion	gap	source	2026-10-08	e16198bd221d2ca6		lacks:prefers-reduced-motion && lacks:useReducedMotion && lacks:motion-reduce && lacks:reducedMotion	未做浏览器和读屏实测	源码没有减弱动效处理，动画在系统开启"减少动态效果"时照常播放；接入时自己补（motion 组件可用 `MotionConfig reducedMotion="user"`）
animateui:components-radix-switch	reduced-motion	gap	source	2026-10-08	887b8cba761dfb31		lacks:prefers-reduced-motion && lacks:useReducedMotion && lacks:motion-reduce && lacks:reducedMotion	未做浏览器和读屏实测	源码没有减弱动效处理，动画在系统开启"减少动态效果"时照常播放；接入时自己补（motion 组件可用 `MotionConfig reducedMotion="user"`）
animateui:components-radix-tabs	reduced-motion	gap	source	2026-10-08	21af2ce050460644		lacks:prefers-reduced-motion && lacks:useReducedMotion && lacks:motion-reduce && lacks:reducedMotion	未做浏览器和读屏实测	源码没有减弱动效处理，动画在系统开启"减少动态效果"时照常播放；接入时自己补（motion 组件可用 `MotionConfig reducedMotion="user"`）
animateui:icons-icon	reduced-motion	gap	source	2026-10-08	768ea1dbc78338e0		lacks:prefers-reduced-motion && lacks:useReducedMotion && lacks:motion-reduce && lacks:reducedMotion	未做浏览器和读屏实测	源码没有减弱动效处理，动画在系统开启"减少动态效果"时照常播放；接入时自己补（motion 组件可用 `MotionConfig reducedMotion="user"`）
animateui:primitives-effects-auto-height	reduced-motion	gap	source	2026-10-08	3e95fd8ca96062ed		lacks:prefers-reduced-motion && lacks:useReducedMotion && lacks:motion-reduce && lacks:reducedMotion	未做浏览器和读屏实测	源码没有减弱动效处理，动画在系统开启"减少动态效果"时照常播放；接入时自己补（motion 组件可用 `MotionConfig reducedMotion="user"`）
animateui:primitives-effects-blur	reduced-motion	gap	source	2026-10-08	ac1f7a51f956cf8e		lacks:prefers-reduced-motion && lacks:useReducedMotion && lacks:motion-reduce && lacks:reducedMotion	未做浏览器和读屏实测	源码没有减弱动效处理，动画在系统开启"减少动态效果"时照常播放；接入时自己补（motion 组件可用 `MotionConfig reducedMotion="user"`）
animateui:primitives-effects-click	reduced-motion	ok	source	2026-10-08	18e28e1a5a8012da		has:prefers-reduced-motion	未做浏览器和读屏实测	源码有减弱动效处理（prefers-reduced-motion）
animateui:primitives-effects-effect	reduced-motion	gap	source	2026-10-08	893f7a7aff915aa3		lacks:prefers-reduced-motion && lacks:useReducedMotion && lacks:motion-reduce && lacks:reducedMotion	未做浏览器和读屏实测	源码没有减弱动效处理，动画在系统开启"减少动态效果"时照常播放；接入时自己补（motion 组件可用 `MotionConfig reducedMotion="user"`）
animateui:primitives-effects-fade	reduced-motion	gap	source	2026-10-08	d1adfe8cf31e7b66		lacks:prefers-reduced-motion && lacks:useReducedMotion && lacks:motion-reduce && lacks:reducedMotion	未做浏览器和读屏实测	源码没有减弱动效处理，动画在系统开启"减少动态效果"时照常播放；接入时自己补（motion 组件可用 `MotionConfig reducedMotion="user"`）
animateui:primitives-effects-highlight	reduced-motion	gap	source	2026-10-08	2d3c2022061f894d		lacks:prefers-reduced-motion && lacks:useReducedMotion && lacks:motion-reduce && lacks:reducedMotion	未做浏览器和读屏实测	源码没有减弱动效处理，动画在系统开启"减少动态效果"时照常播放；接入时自己补（motion 组件可用 `MotionConfig reducedMotion="user"`）
animateui:primitives-effects-image-zoom	reduced-motion	gap	source	2026-10-08	6ff2c886c68b295a		lacks:prefers-reduced-motion && lacks:useReducedMotion && lacks:motion-reduce && lacks:reducedMotion	未做浏览器和读屏实测	源码没有减弱动效处理，动画在系统开启"减少动态效果"时照常播放；接入时自己补（motion 组件可用 `MotionConfig reducedMotion="user"`）
animateui:primitives-effects-magnetic	reduced-motion	gap	source	2026-10-08	c74cc862d9a44885		lacks:prefers-reduced-motion && lacks:useReducedMotion && lacks:motion-reduce && lacks:reducedMotion	未做浏览器和读屏实测	源码没有减弱动效处理，动画在系统开启"减少动态效果"时照常播放；接入时自己补（motion 组件可用 `MotionConfig reducedMotion="user"`）
animateui:primitives-effects-particles	reduced-motion	gap	source	2026-10-08	e030dd887959aa85		lacks:prefers-reduced-motion && lacks:useReducedMotion && lacks:motion-reduce && lacks:reducedMotion	未做浏览器和读屏实测	源码没有减弱动效处理，动画在系统开启"减少动态效果"时照常播放；接入时自己补（motion 组件可用 `MotionConfig reducedMotion="user"`）
animateui:primitives-effects-shine	reduced-motion	gap	source	2026-10-08	4f4f3868deeb95d7		lacks:prefers-reduced-motion && lacks:useReducedMotion && lacks:motion-reduce && lacks:reducedMotion	未做浏览器和读屏实测	源码没有减弱动效处理，动画在系统开启"减少动态效果"时照常播放；接入时自己补（motion 组件可用 `MotionConfig reducedMotion="user"`）
animateui:primitives-effects-slide	reduced-motion	gap	source	2026-10-08	f90a372150b4dcca		lacks:prefers-reduced-motion && lacks:useReducedMotion && lacks:motion-reduce && lacks:reducedMotion	未做浏览器和读屏实测	源码没有减弱动效处理，动画在系统开启"减少动态效果"时照常播放；接入时自己补（motion 组件可用 `MotionConfig reducedMotion="user"`）
animateui:primitives-effects-theme-toggler	reduced-motion	gap	source	2026-10-08	b9463a4eaa169680		lacks:prefers-reduced-motion && lacks:useReducedMotion && lacks:motion-reduce && lacks:reducedMotion	未做浏览器和读屏实测	源码没有减弱动效处理，动画在系统开启"减少动态效果"时照常播放；接入时自己补（motion 组件可用 `MotionConfig reducedMotion="user"`）
animateui:primitives-effects-tilt	reduced-motion	gap	source	2026-10-08	df66788d09d5ba4d		lacks:prefers-reduced-motion && lacks:useReducedMotion && lacks:motion-reduce && lacks:reducedMotion	未做浏览器和读屏实测	源码没有减弱动效处理，动画在系统开启"减少动态效果"时照常播放；接入时自己补（motion 组件可用 `MotionConfig reducedMotion="user"`）
animateui:primitives-effects-zoom	reduced-motion	gap	source	2026-10-08	91a2337e221f8ab3		lacks:prefers-reduced-motion && lacks:useReducedMotion && lacks:motion-reduce && lacks:reducedMotion	未做浏览器和读屏实测	源码没有减弱动效处理，动画在系统开启"减少动态效果"时照常播放；接入时自己补（motion 组件可用 `MotionConfig reducedMotion="user"`）
animateui:primitives-texts-counting-number	reduced-motion	gap	source	2026-10-08	a498083ae9d2a5b4		lacks:prefers-reduced-motion && lacks:useReducedMotion && lacks:motion-reduce && lacks:reducedMotion	未做浏览器和读屏实测	源码没有减弱动效处理，动画在系统开启"减少动态效果"时照常播放；接入时自己补（motion 组件可用 `MotionConfig reducedMotion="user"`）
animateui:primitives-texts-gradient	reduced-motion	gap	source	2026-10-08	700c27d061230af0		lacks:prefers-reduced-motion && lacks:useReducedMotion && lacks:motion-reduce && lacks:reducedMotion	未做浏览器和读屏实测	源码没有减弱动效处理，动画在系统开启"减少动态效果"时照常播放；接入时自己补（motion 组件可用 `MotionConfig reducedMotion="user"`）
animateui:primitives-texts-highlight	reduced-motion	gap	source	2026-10-08	0bbbb424af6692c9		lacks:prefers-reduced-motion && lacks:useReducedMotion && lacks:motion-reduce && lacks:reducedMotion	未做浏览器和读屏实测	源码没有减弱动效处理，动画在系统开启"减少动态效果"时照常播放；接入时自己补（motion 组件可用 `MotionConfig reducedMotion="user"`）
animateui:primitives-texts-morphing	reduced-motion	gap	source	2026-10-08	f2a318fd881c8942		lacks:prefers-reduced-motion && lacks:useReducedMotion && lacks:motion-reduce && lacks:reducedMotion	未做浏览器和读屏实测	源码没有减弱动效处理，动画在系统开启"减少动态效果"时照常播放；接入时自己补（motion 组件可用 `MotionConfig reducedMotion="user"`）
animateui:primitives-texts-rolling	reduced-motion	gap	source	2026-10-08	bf3dd142e3a296a7		lacks:prefers-reduced-motion && lacks:useReducedMotion && lacks:motion-reduce && lacks:reducedMotion	未做浏览器和读屏实测	源码没有减弱动效处理，动画在系统开启"减少动态效果"时照常播放；接入时自己补（motion 组件可用 `MotionConfig reducedMotion="user"`）
animateui:primitives-texts-rotating	reduced-motion	gap	source	2026-10-08	b873e947413e1618		lacks:prefers-reduced-motion && lacks:useReducedMotion && lacks:motion-reduce && lacks:reducedMotion	未做浏览器和读屏实测	源码没有减弱动效处理，动画在系统开启"减少动态效果"时照常播放；接入时自己补（motion 组件可用 `MotionConfig reducedMotion="user"`）
animateui:primitives-texts-scrolling-number	reduced-motion	gap	source	2026-10-08	d4f3e9f885946f81		lacks:prefers-reduced-motion && lacks:useReducedMotion && lacks:motion-reduce && lacks:reducedMotion	未做浏览器和读屏实测	源码没有减弱动效处理，动画在系统开启"减少动态效果"时照常播放；接入时自己补（motion 组件可用 `MotionConfig reducedMotion="user"`）
animateui:primitives-texts-shimmering	reduced-motion	gap	source	2026-10-08	2dffb0910b21da20		lacks:prefers-reduced-motion && lacks:useReducedMotion && lacks:motion-reduce && lacks:reducedMotion	未做浏览器和读屏实测	源码没有减弱动效处理，动画在系统开启"减少动态效果"时照常播放；接入时自己补（motion 组件可用 `MotionConfig reducedMotion="user"`）
animateui:primitives-texts-sliding-number	reduced-motion	gap	source	2026-10-08	b038d8d4c35d7cb3		lacks:prefers-reduced-motion && lacks:useReducedMotion && lacks:motion-reduce && lacks:reducedMotion	未做浏览器和读屏实测	源码没有减弱动效处理，动画在系统开启"减少动态效果"时照常播放；接入时自己补（motion 组件可用 `MotionConfig reducedMotion="user"`）
animateui:primitives-texts-splitting	reduced-motion	gap	source	2026-10-08	6d45b11736008327		lacks:prefers-reduced-motion && lacks:useReducedMotion && lacks:motion-reduce && lacks:reducedMotion	未做浏览器和读屏实测	源码没有减弱动效处理，动画在系统开启"减少动态效果"时照常播放；接入时自己补（motion 组件可用 `MotionConfig reducedMotion="user"`）
animateui:primitives-texts-typing	reduced-motion	gap	source	2026-10-08	c3970f86e1085757		lacks:prefers-reduced-motion && lacks:useReducedMotion && lacks:motion-reduce && lacks:reducedMotion	未做浏览器和读屏实测	源码没有减弱动效处理，动画在系统开启"减少动态效果"时照常播放；接入时自己补（motion 组件可用 `MotionConfig reducedMotion="user"`）
magicui:animated-beam	reduced-motion	gap	source	2026-10-08	4b68e61eb2cfa71b		lacks:prefers-reduced-motion && lacks:useReducedMotion && lacks:motion-reduce && lacks:reducedMotion	未做浏览器和读屏实测	源码没有减弱动效处理，动画在系统开启"减少动态效果"时照常播放；接入时自己补（motion 组件可用 `MotionConfig reducedMotion="user"`）
magicui:animated-beam	hardcoded-color	gap	source	2026-10-08	4b68e61eb2cfa71b		has:#ffaa40		颜色写死（如 `#ffaa40`，共 2 处），不随 shadcn 主题和暗色切换；通过 props 或改源码换成主底座颜色
magicui:aurora-text	reduced-motion	gap	source	2026-10-08	22a3f272cb03dfa7		lacks:prefers-reduced-motion && lacks:useReducedMotion && lacks:motion-reduce && lacks:reducedMotion	未做浏览器和读屏实测	源码没有减弱动效处理，动画在系统开启"减少动态效果"时照常播放；接入时自己补（motion 组件可用 `MotionConfig reducedMotion="user"`）
magicui:aurora-text	hardcoded-color	gap	source	2026-10-08	22a3f272cb03dfa7		has:#FF0080		颜色写死（如 `#FF0080`，共 4 处），不随 shadcn 主题和暗色切换；通过 props 或改源码换成主底座颜色
magicui:bento-grid	reduced-motion	gap	source	2026-10-08	f43018c50fbc37f0		lacks:prefers-reduced-motion && lacks:useReducedMotion && lacks:motion-reduce && lacks:reducedMotion	未做浏览器和读屏实测	源码没有减弱动效处理，动画在系统开启"减少动态效果"时照常播放；接入时自己补（motion 组件可用 `MotionConfig reducedMotion="user"`）
magicui:cool-mode	reduced-motion	gap	source	2026-10-08	ec49e6707fc9b00f		lacks:prefers-reduced-motion && lacks:useReducedMotion && lacks:motion-reduce && lacks:reducedMotion	未做浏览器和读屏实测	源码没有减弱动效处理，动画在系统开启"减少动态效果"时照常播放；接入时自己补（motion 组件可用 `MotionConfig reducedMotion="user"`）
magicui:dock	reduced-motion	gap	source	2026-10-08	f7e92adb3389cc4f		lacks:prefers-reduced-motion && lacks:useReducedMotion && lacks:motion-reduce && lacks:reducedMotion	未做浏览器和读屏实测	源码没有减弱动效处理，动画在系统开启"减少动态效果"时照常播放；接入时自己补（motion 组件可用 `MotionConfig reducedMotion="user"`）
magicui:dot-pattern	reduced-motion	gap	source	2026-10-08	ff4f9d159cc8e681		lacks:prefers-reduced-motion && lacks:useReducedMotion && lacks:motion-reduce && lacks:reducedMotion	未做浏览器和读屏实测	源码没有减弱动效处理，动画在系统开启"减少动态效果"时照常播放；接入时自己补（motion 组件可用 `MotionConfig reducedMotion="user"`）
magicui:flickering-grid	reduced-motion	gap	source	2026-10-08	f79b5e0da3e8c48c		lacks:prefers-reduced-motion && lacks:useReducedMotion && lacks:motion-reduce && lacks:reducedMotion	未做浏览器和读屏实测	源码没有减弱动效处理，动画在系统开启"减少动态效果"时照常播放；接入时自己补（motion 组件可用 `MotionConfig reducedMotion="user"`）
magicui:hero-video-dialog	reduced-motion	gap	source	2026-10-08	1e47b6dd98bbadd8		lacks:prefers-reduced-motion && lacks:useReducedMotion && lacks:motion-reduce && lacks:reducedMotion	未做浏览器和读屏实测	源码没有减弱动效处理，动画在系统开启"减少动态效果"时照常播放；接入时自己补（motion 组件可用 `MotionConfig reducedMotion="user"`）
magicui:hyper-text	reduced-motion	gap	source	2026-10-08	154f3afd5e33135d		lacks:prefers-reduced-motion && lacks:useReducedMotion && lacks:motion-reduce && lacks:reducedMotion	未做浏览器和读屏实测	源码没有减弱动效处理，动画在系统开启"减少动态效果"时照常播放；接入时自己补（motion 组件可用 `MotionConfig reducedMotion="user"`）
magicui:interactive-hover-button	reduced-motion	gap	source	2026-10-08	97cae7d013db9d17		lacks:prefers-reduced-motion && lacks:useReducedMotion && lacks:motion-reduce && lacks:reducedMotion	未做浏览器和读屏实测	源码没有减弱动效处理，动画在系统开启"减少动态效果"时照常播放；接入时自己补（motion 组件可用 `MotionConfig reducedMotion="user"`）
magicui:lens	reduced-motion	gap	source	2026-10-08	c74b03b6602beeef		lacks:prefers-reduced-motion && lacks:useReducedMotion && lacks:motion-reduce && lacks:reducedMotion	未做浏览器和读屏实测	源码没有减弱动效处理，动画在系统开启"减少动态效果"时照常播放；接入时自己补（motion 组件可用 `MotionConfig reducedMotion="user"`）
magicui:light-rays	reduced-motion	gap	source	2026-10-08	ea7c8fd7de5333bd		lacks:prefers-reduced-motion && lacks:useReducedMotion && lacks:motion-reduce && lacks:reducedMotion	未做浏览器和读屏实测	源码没有减弱动效处理，动画在系统开启"减少动态效果"时照常播放；接入时自己补（motion 组件可用 `MotionConfig reducedMotion="user"`）
magicui:magic-card	reduced-motion	gap	source	2026-10-08	d487ae39795640bd		lacks:prefers-reduced-motion && lacks:useReducedMotion && lacks:motion-reduce && lacks:reducedMotion	未做浏览器和读屏实测	源码没有减弱动效处理，动画在系统开启"减少动态效果"时照常播放；接入时自己补（motion 组件可用 `MotionConfig reducedMotion="user"`）
magicui:magic-card	hardcoded-color	gap	source	2026-10-08	d487ae39795640bd		has:#262626		颜色写死（如 `#262626`，共 7 处），不随 shadcn 主题和暗色切换；通过 props 或改源码换成主底座颜色
magicui:meteors	reduced-motion	gap	source	2026-10-08	541a4a88f9a9a77e		lacks:prefers-reduced-motion && lacks:useReducedMotion && lacks:motion-reduce && lacks:reducedMotion	未做浏览器和读屏实测	源码没有减弱动效处理，动画在系统开启"减少动态效果"时照常播放；接入时自己补（motion 组件可用 `MotionConfig reducedMotion="user"`）
magicui:number-ticker	reduced-motion	gap	source	2026-10-08	c4808c7218100b21		lacks:prefers-reduced-motion && lacks:useReducedMotion && lacks:motion-reduce && lacks:reducedMotion	未做浏览器和读屏实测	源码没有减弱动效处理，动画在系统开启"减少动态效果"时照常播放；接入时自己补（motion 组件可用 `MotionConfig reducedMotion="user"`）
magicui:orbiting-circles	reduced-motion	gap	source	2026-10-08	96aaf67d75288ebd		lacks:prefers-reduced-motion && lacks:useReducedMotion && lacks:motion-reduce && lacks:reducedMotion	未做浏览器和读屏实测	源码没有减弱动效处理，动画在系统开启"减少动态效果"时照常播放；接入时自己补（motion 组件可用 `MotionConfig reducedMotion="user"`）
magicui:particles	reduced-motion	gap	source	2026-10-08	e7d4b820112bafc2		lacks:prefers-reduced-motion && lacks:useReducedMotion && lacks:motion-reduce && lacks:reducedMotion	未做浏览器和读屏实测	源码没有减弱动效处理，动画在系统开启"减少动态效果"时照常播放；接入时自己补（motion 组件可用 `MotionConfig reducedMotion="user"`）
magicui:particles	hardcoded-color	gap	source	2026-10-08	e7d4b820112bafc2		has:#ffffff		颜色写死（如 `#ffffff`，共 1 处），不随 shadcn 主题和暗色切换；通过 props 或改源码换成主底座颜色
magicui:rainbow-button	reduced-motion	gap	source	2026-10-08	1af54e0e9aef154d		lacks:prefers-reduced-motion && lacks:useReducedMotion && lacks:motion-reduce && lacks:reducedMotion	未做浏览器和读屏实测	源码没有减弱动效处理，动画在系统开启"减少动态效果"时照常播放；接入时自己补（motion 组件可用 `MotionConfig reducedMotion="user"`）
magicui:rainbow-button	hardcoded-color	gap	source	2026-10-08	1af54e0e9aef154d		has:#121213		颜色写死（如 `#121213`，共 6 处），不随 shadcn 主题和暗色切换；通过 props 或改源码换成主底座颜色
magicui:retro-grid	reduced-motion	ok	source	2026-10-08	e05da0e4b2036036		has:prefers-reduced-motion	未做浏览器和读屏实测	源码有减弱动效处理（prefers-reduced-motion）
magicui:shimmer-button	reduced-motion	gap	source	2026-10-08	b545d291f05a00b4		lacks:prefers-reduced-motion && lacks:useReducedMotion && lacks:motion-reduce && lacks:reducedMotion	未做浏览器和读屏实测	源码没有减弱动效处理，动画在系统开启"减少动态效果"时照常播放；接入时自己补（motion 组件可用 `MotionConfig reducedMotion="user"`）
magicui:shimmer-button	hardcoded-color	gap	source	2026-10-08	b545d291f05a00b4		has:#ffffff		颜色写死（如 `#ffffff`，共 1 处），不随 shadcn 主题和暗色切换；通过 props 或改源码换成主底座颜色
magicui:shine-border	reduced-motion	gap	source	2026-10-08	56329b539c8b1ddc		lacks:prefers-reduced-motion && lacks:useReducedMotion && lacks:motion-reduce && lacks:reducedMotion	未做浏览器和读屏实测	源码没有减弱动效处理，动画在系统开启"减少动态效果"时照常播放；接入时自己补（motion 组件可用 `MotionConfig reducedMotion="user"`）
magicui:shine-border	hardcoded-color	gap	source	2026-10-08	56329b539c8b1ddc		has:#000000		颜色写死（如 `#000000`，共 2 处），不随 shadcn 主题和暗色切换；通过 props 或改源码换成主底座颜色
magicui:text-animate	reduced-motion	gap	source	2026-10-08	47876244e2036c60		lacks:prefers-reduced-motion && lacks:useReducedMotion && lacks:motion-reduce && lacks:reducedMotion	未做浏览器和读屏实测	源码没有减弱动效处理，动画在系统开启"减少动态效果"时照常播放；接入时自己补（motion 组件可用 `MotionConfig reducedMotion="user"`）
magicui:typing-animation	reduced-motion	gap	source	2026-10-08	490cfa9ef93c4b85		lacks:prefers-reduced-motion && lacks:useReducedMotion && lacks:motion-reduce && lacks:reducedMotion	未做浏览器和读屏实测	源码没有减弱动效处理，动画在系统开启"减少动态效果"时照常播放；接入时自己补（motion 组件可用 `MotionConfig reducedMotion="user"`）
magicui:word-rotate	reduced-motion	gap	source	2026-10-08	d90065bc6e4f7b74		lacks:prefers-reduced-motion && lacks:useReducedMotion && lacks:motion-reduce && lacks:reducedMotion	未做浏览器和读屏实测	源码没有减弱动效处理，动画在系统开启"减少动态效果"时照常播放；接入时自己补（motion 组件可用 `MotionConfig reducedMotion="user"`）
animateui:primitives-headless-tabs	wrong-source	defect	source	2026-10-09	6bb3e6ffec8bce68		has:Switch as SwitchPrimitive && lacks:Tab		上游 registry 项 primitives-headless-tabs 打包的是 headless/switch 的源码（索引里两项指向同一文件），取码或安装得到的是 Switch 原语而不是 tabs；要 tabs 请用 primitives-base-tabs / primitives-radix-tabs 或等上游修正
reactbits:crystalized-ball	reduced-motion	ok	source	2026-10-09	315be23d83d61a4c		has:prefers-reduced-motion	未在浏览器里实测；只在挂载时读一次，不监听 change	源码读 prefers-reduced-motion：为真时跳过入场、关闭指针响应、只渲染静态帧；运行中切换系统设置不会生效
