beautifului	foundation	Beautiful UI foundation	style	设计 token（:root/.dark）、@theme 映射、primitive-* 间距工具类、共享 keyframes；所有组件的必备前置样式 design tokens theme	npx shadcn@latest add https://www.beautifului.dev/r/foundation.json	free	install	registry:https://www.beautifului.dev/r/foundation.json
beautifului	button	Button	atom	共享按钮原子组件（cva 变体），被审批卡/推荐卡/差异表等引用 button	npx shadcn@latest add https://www.beautifului.dev/r/button.json	free	install	registry:https://www.beautifului.dev/r/button.json
beautifului	glide-menu	GlideMenu	atom	共享下拉/滑动高亮菜单原子组件，被审批卡、表格、搜索、侧栏等引用 menu dropdown	npx shadcn@latest add https://www.beautifului.dev/r/glide-menu.json	free	install	registry:https://www.beautifului.dev/r/glide-menu.json
beautifului	entity-chip	EntityChip	atom	共享实体标签 chip 原子组件（推荐卡使用）entity tag chip	npx shadcn@latest add https://www.beautifului.dev/r/entity-chip.json	free	install	registry:https://www.beautifului.dev/r/entity-chip.json
beautifului	value-pill	ValuePill	atom	共享数值药丸标签原子组件（推荐卡使用）value pill badge	npx shadcn@latest add https://www.beautifului.dev/r/value-pill.json	free	install	registry:https://www.beautifului.dev/r/value-pill.json
beautifului	shimmer	Shimmer	atom	共享文字闪光扫过效果原子组件 shimmer text loading	npx shadcn@latest add https://www.beautifului.dev/r/shimmer.json	free	install	registry:https://www.beautifului.dev/r/shimmer.json
beautifului	stream-text	StreamText	atom	共享流式逐字显现文本原子组件 streaming text typewriter	npx shadcn@latest add https://www.beautifului.dev/r/stream-text.json	free	install	registry:https://www.beautifului.dev/r/stream-text.json
beautifului	loading-state	Loading State	ai-state	AI 加载态：像素点阵 loader + 文字 shimmer + 计时，变体 Drive/Dots/Orbit/Surfer pixel loader elapsed time	npx shadcn@latest add https://www.beautifului.dev/r/loading-state.json	free	install	registry:https://www.beautifului.dev/r/loading-state.json
beautifului	thinking-state	Thinking	ai-state	可展开的 agent 思考轨迹，四种变体 Steps/Reasoning/Search/Coding，结束后折叠为 Thought for Ns thinking trace reasoning	npx shadcn@latest add https://www.beautifului.dev/r/thinking-state.json	free	install	registry:https://www.beautifului.dev/r/thinking-state.json
beautifului	streaming-text	Streaming Text	ai-chat	流式回答：模糊渐显、行内引用来源、操作按钮与追问建议 streaming answer citations sources follow-ups	npx shadcn@latest add https://www.beautifului.dev/r/streaming-text.json	free	install	registry:https://www.beautifului.dev/r/streaming-text.json
beautifului	approval-card	Approval Card	human-in-the-loop	agent 执行前向用户提问的多步审批/选择卡片（选项、自定义答案、跳过、分页）HITL approval question	npx shadcn@latest add https://www.beautifului.dev/r/approval-card.json	free	install	registry:https://www.beautifului.dev/r/approval-card.json
beautifului	tool-chips	Tool Chips	agent-trace	把代码编辑和工具调用渲染为紧凑 chip，可展开看文件 diff tool calls code edits	npx shadcn@latest add https://www.beautifului.dev/r/tool-chips.json	free	install	registry:https://www.beautifului.dev/r/tool-chips.json
beautifului	task-rows	Task Rows	agent-trace	agent 任务实时状态行（运行中/失败/完成、进度、子项），变体 Capsules/List task status progress	npx shadcn@latest add https://www.beautifului.dev/r/task-rows.json	free	install	registry:https://www.beautifului.dev/r/task-rows.json
beautifului	chat-composer	Chat	ai-chat	带标签页的聊天面板，含推理过程回复与输入框 chat panel composer tabs	npx shadcn@latest add https://www.beautifului.dev/r/chat-composer.json	free	install	registry:https://www.beautifului.dev/r/chat-composer.json
beautifului	prompt-bar	Prompt Bar	ai-chat	AI 输入框：@ 引用来源、/ 命令、模型选择、语音听写，Rounded/Pill 两种外形 prompt input composer model picker	npx shadcn@latest add https://www.beautifului.dev/r/prompt-bar.json	free	install	registry:https://www.beautifului.dev/r/prompt-bar.json
beautifului	recommendation-card	Recommendation Card	human-in-the-loop	agent 建议卡：置信度条、备选方案、接受/拒绝操作 recommendation confidence accept	npx shadcn@latest add https://www.beautifului.dev/r/recommendation-card.json	free	install	registry:https://www.beautifului.dev/r/recommendation-card.json
beautifului	context-cards	Context Cards	rag	RAG 检索到的知识片段卡片，显示字符数与来源文件 retrieved chunks citations knowledge	npx shadcn@latest add https://www.beautifului.dev/r/context-cards.json	free	install	registry:https://www.beautifului.dev/r/context-cards.json
beautifului	diff-table	Diff Table	data	AI 提议的表格数据修改，逐行扫过显示增删 diff，可接受 table diff proposed edits	npx shadcn@latest add https://www.beautifului.dev/r/diff-table.json	free	install	registry:https://www.beautifului.dev/r/diff-table.json
beautifului	records-table	Records Table	data	CRM 风格数据网格：标签、排序、列宽拖拽、多选、关系强度、汇总计算 data grid CRM table	npx shadcn@latest add https://www.beautifului.dev/r/records-table.json	free	install	registry:https://www.beautifului.dev/r/records-table.json
beautifului	filter-table	Filter Table	data	状态 chip 筛选并实时重排的任务表格 filter tabs status table	npx shadcn@latest add https://www.beautifului.dev/r/filter-table.json	free	install	registry:https://www.beautifului.dev/r/filter-table.json
beautifului	sidebar-nav	Sidebar Nav	navigation	可折叠的工作区+聊天记录侧边导航，滑动 hover 高亮 sidebar navigation chat history	npx shadcn@latest add https://www.beautifului.dev/r/sidebar-nav.json	free	install	registry:https://www.beautifului.dev/r/sidebar-nav.json
beautifului	search	Search	navigation	命令式搜索列表，实时过滤与空状态 command palette search empty state	npx shadcn@latest add https://www.beautifului.dev/r/search.json	free	install	registry:https://www.beautifului.dev/r/search.json
beautifului	flowchart	Flowchart	workflow	点阵画布上的工作流触发器与 If/Else 条件节点 workflow builder flowchart nodes	npx shadcn@latest add https://www.beautifului.dev/r/flowchart.json	free	install	registry:https://www.beautifului.dev/r/flowchart.json
beautifului	insight-cards	Insight Cards	data	分页的 agent 洞察卡片，带可拖动读数的实时折线图 insights chart sparkline	npx shadcn@latest add https://www.beautifului.dev/r/insight-cards.json	free	install	registry:https://www.beautifului.dev/r/insight-cards.json
beautifului	code-block	Code Block	code	带行号的代码块与统一 diff 视图，可复制 code block syntax diff	npx shadcn@latest add https://www.beautifului.dev/r/code-block.json	free	install	registry:https://www.beautifului.dev/r/code-block.json
beautifului	fine-tune-card	Fine-tune Card	design-tool	agent 在属性检查器中调整设计参数（宽高、圆角、透明度、字体）inspector design properties	npx shadcn@latest add https://www.beautifului.dev/r/fine-tune-card.json	free	install	registry:https://www.beautifului.dev/r/fine-tune-card.json
beautifului	selection-actions	Selection Actions	ai-edit	选中文本后弹出操作（解释/改进/缩短/语气/语法），交给 agent 改写并流式替换 text selection rewrite	npx shadcn@latest add https://www.beautifului.dev/r/selection-actions.json	free	install	registry:https://www.beautifului.dev/r/selection-actions.json
beautifului	agent-screen	Agent Screen	agent-trace	观看 agent 屏幕的实时查看器：打开全屏、教学任务、录制（REC 徽标）agent computer use screen viewer	https://www.beautifului.dev/#agent-screen 点 Copy code（registry 404）	free	source	manual
