bencho	asset-swap	Asset swap	Press	https://bencho.dev/blocks/asset-swap	scripts/fetch.sh bencho:asset-swap；或 https://bencho.dev/blocks/asset-swap → Code → Copy prompt	script:bencho asset-swap	free	source	react		active		2026-10-07	
bencho	heat-word	Heat map	Hover	https://bencho.dev/blocks/heat-word	scripts/fetch.sh bencho:heat-word；或 https://bencho.dev/blocks/heat-word → Code → Copy prompt	script:bencho heat-word	free	source	react		active		2026-10-07	
bencho	image-compare	Image compare	Drag	https://bencho.dev/blocks/image-compare	scripts/fetch.sh bencho:image-compare；或 https://bencho.dev/blocks/image-compare → Code → Copy prompt	script:bencho image-compare	free	source	react		active		2026-10-07	
bencho	like	Like	Press	https://bencho.dev/blocks/like	scripts/fetch.sh bencho:like；或 https://bencho.dev/blocks/like → Code → Copy prompt	script:bencho like	free	source	react		active		2026-10-07	
bencho	signature	Signature pad	Drag	https://bencho.dev/blocks/signature	scripts/fetch.sh bencho:signature；或 https://bencho.dev/blocks/signature → Code → Copy prompt	script:bencho signature	free	source	react		active		2026-10-07	
bencho	voice-note	Voice note	Press	https://bencho.dev/blocks/voice-note	scripts/fetch.sh bencho:voice-note；或 https://bencho.dev/blocks/voice-note → Code → Copy prompt	script:bencho voice-note	free	source	react		active		2026-10-07	
bencho	eye-tracker	Eye tracker	Hover	https://bencho.dev/blocks/eye-tracker	scripts/fetch.sh bencho:eye-tracker；或 https://bencho.dev/blocks/eye-tracker → Code → Copy prompt	script:bencho eye-tracker	free	source	react		active		2026-10-07	
bencho	dynamic-island	Dynamic island	Press	https://bencho.dev/blocks/dynamic-island	scripts/fetch.sh bencho:dynamic-island；或 https://bencho.dev/blocks/dynamic-island → Code → Copy prompt	script:bencho dynamic-island	free	source	react		active		2026-10-07	
bencho	time-scrubber	Time scrubber	Slide	https://bencho.dev/blocks/time-scrubber	scripts/fetch.sh bencho:time-scrubber；或 https://bencho.dev/blocks/time-scrubber → Code → Copy prompt	script:bencho time-scrubber	free	source	react		active		2026-10-07	
bencho	upload-dropzone	Upload dropzone	Drag	https://bencho.dev/blocks/upload-dropzone	scripts/fetch.sh bencho:upload-dropzone；或 https://bencho.dev/blocks/upload-dropzone → Code → Copy prompt	script:bencho upload-dropzone	free	source	react		active		2026-10-07	
bencho	particles	Particles	Hover	https://bencho.dev/blocks/particles	scripts/fetch.sh bencho:particles；或 https://bencho.dev/blocks/particles → Code → Copy prompt	script:bencho particles	free	source	react		active		2026-10-07	
bencho	label-input	Label input	Type	https://bencho.dev/blocks/label-input	scripts/fetch.sh bencho:label-input；或 https://bencho.dev/blocks/label-input → Code → Copy prompt	script:bencho label-input	free	source	react		active		2026-10-07	
bencho	one-time-code	One-time code	Type	https://bencho.dev/blocks/one-time-code	scripts/fetch.sh bencho:one-time-code；或 https://bencho.dev/blocks/one-time-code → Code → Copy prompt	script:bencho one-time-code	free	source	react		active		2026-10-07	
bencho	generate	Generate	Press	https://bencho.dev/blocks/generate	scripts/fetch.sh bencho:generate；或 https://bencho.dev/blocks/generate → Code → Copy prompt	script:bencho generate	free	source	react		active		2026-10-07	
bencho	step-player	Step player	Press	https://bencho.dev/blocks/step-player	scripts/fetch.sh bencho:step-player；或 https://bencho.dev/blocks/step-player → Code → Copy prompt	script:bencho step-player	free	source	react		active		2026-10-07	
bencho	todo-tower	Todo tower	Press	https://bencho.dev/blocks/todo-tower	scripts/fetch.sh bencho:todo-tower；或 https://bencho.dev/blocks/todo-tower → Code → Copy prompt	script:bencho todo-tower	free	source	react		active		2026-10-07	
bencho	image-accordion	Image accordion	Hover	https://bencho.dev/blocks/image-accordion	scripts/fetch.sh bencho:image-accordion；或 https://bencho.dev/blocks/image-accordion → Code → Copy prompt	script:bencho image-accordion	free	source	react		active		2026-10-07	
bencho	glass-bubble	Glass bubble	Drag	https://bencho.dev/blocks/glass-bubble	scripts/fetch.sh bencho:glass-bubble；或 https://bencho.dev/blocks/glass-bubble → Code → Copy prompt	script:bencho glass-bubble	free	source	react		active		2026-10-07	
bencho	action-node	Action node	Hover	https://bencho.dev/blocks/action-node	scripts/fetch.sh bencho:action-node；或 https://bencho.dev/blocks/action-node → Code → Copy prompt	script:bencho action-node	free	source	react		active		2026-10-07	
bencho	magnet-select	Magnetic select	Select	https://bencho.dev/blocks/magnet-select	scripts/fetch.sh bencho:magnet-select；或 https://bencho.dev/blocks/magnet-select → Code → Copy prompt	script:bencho magnet-select	free	source	react		active		2026-10-07	
bencho	slide-confirm	Slide to confirm	Drag	https://bencho.dev/blocks/slide-confirm	scripts/fetch.sh bencho:slide-confirm；或 https://bencho.dev/blocks/slide-confirm → Code → Copy prompt	script:bencho slide-confirm	free	source	react		active		2026-10-07	
bencho	picker	Assignees	Select	https://bencho.dev/blocks/picker	scripts/fetch.sh bencho:picker；或 https://bencho.dev/blocks/picker → Code → Copy prompt	script:bencho picker	free	source	react		active		2026-10-07	
bencho	checklist	Checklist	Press	https://bencho.dev/blocks/checklist	scripts/fetch.sh bencho:checklist；或 https://bencho.dev/blocks/checklist → Code → Copy prompt	script:bencho checklist	free	source	react		active		2026-10-07	
bencho	carousel	Carousel	Swipe	https://bencho.dev/blocks/carousel	scripts/fetch.sh bencho:carousel；或 https://bencho.dev/blocks/carousel → Code → Copy prompt	script:bencho carousel	free	source	react		active		2026-10-07	
bencho	palette	Palette	Press	https://bencho.dev/blocks/palette	scripts/fetch.sh bencho:palette；或 https://bencho.dev/blocks/palette → Code → Copy prompt	script:bencho palette	free	source	react		active		2026-10-07	
bencho	aspect	Aspect ratio	Select	https://bencho.dev/blocks/aspect	scripts/fetch.sh bencho:aspect；或 https://bencho.dev/blocks/aspect → Code → Copy prompt	script:bencho aspect	free	source	react		active		2026-10-07	
bencho	tilt	Tilt card	Hover	https://bencho.dev/blocks/tilt	scripts/fetch.sh bencho:tilt；或 https://bencho.dev/blocks/tilt → Code → Copy prompt	script:bencho tilt	free	source	react		active		2026-10-07	
bencho	sound	Now playing	Press	https://bencho.dev/blocks/sound	scripts/fetch.sh bencho:sound；或 https://bencho.dev/blocks/sound → Code → Copy prompt	script:bencho sound	free	source	react		active		2026-10-07	
bencho	drag-ball	Dragging ball	Drag	https://bencho.dev/blocks/drag-ball	scripts/fetch.sh bencho:drag-ball；或 https://bencho.dev/blocks/drag-ball → Code → Copy prompt	script:bencho drag-ball	free	source	react		active		2026-10-07	
bencho	seek	Search	Press	https://bencho.dev/blocks/seek	scripts/fetch.sh bencho:seek；或 https://bencho.dev/blocks/seek → Code → Copy prompt	script:bencho seek	free	source	react		active		2026-10-07	
bencho	pull	Pull to refresh	Drag	https://bencho.dev/blocks/pull	scripts/fetch.sh bencho:pull；或 https://bencho.dev/blocks/pull → Code → Copy prompt	script:bencho pull	free	source	react		active		2026-10-07	
bencho	escape	Escape button	Hover	https://bencho.dev/blocks/escape	scripts/fetch.sh bencho:escape；或 https://bencho.dev/blocks/escape → Code → Copy prompt	script:bencho escape	free	source	react		active		2026-10-07	
bencho	slosh	Slosh slider	Slide	https://bencho.dev/blocks/slosh	scripts/fetch.sh bencho:slosh；或 https://bencho.dev/blocks/slosh → Code → Copy prompt	script:bencho slosh	free	source	react		active		2026-10-07	
bencho	liq-create	Create menu	Press	https://bencho.dev/blocks/liq-create	scripts/fetch.sh bencho:liq-create；或 https://bencho.dev/blocks/liq-create → Code → Copy prompt	script:bencho liq-create	free	source	react		active		2026-10-07	
bencho	liq-arrange	Reorder list	Drag	https://bencho.dev/blocks/liq-arrange	scripts/fetch.sh bencho:liq-arrange；或 https://bencho.dev/blocks/liq-arrange → Code → Copy prompt	script:bencho liq-arrange	free	source	react		active		2026-10-07	
bencho	toolbar	Canvas toolbar	Select	https://bencho.dev/blocks/toolbar	scripts/fetch.sh bencho:toolbar；或 https://bencho.dev/blocks/toolbar → Code → Copy prompt	script:bencho toolbar	free	source	react		active		2026-10-07	
bencho	radial	Radial menu	Press	https://bencho.dev/blocks/radial	scripts/fetch.sh bencho:radial；或 https://bencho.dev/blocks/radial → Code → Copy prompt	script:bencho radial	free	source	react		active		2026-10-07	
bencho	stepper	Drag stepper	Press	https://bencho.dev/blocks/stepper	scripts/fetch.sh bencho:stepper；或 https://bencho.dev/blocks/stepper → Code → Copy prompt	script:bencho stepper	free	source	react		active		2026-10-07	
bencho	confirm	Inline confirm	Press	https://bencho.dev/blocks/confirm	scripts/fetch.sh bencho:confirm；或 https://bencho.dev/blocks/confirm → Code → Copy prompt	script:bencho confirm	free	source	react		active		2026-10-07	
bencho	toasts	Notify	Press	https://bencho.dev/blocks/toasts	scripts/fetch.sh bencho:toasts；或 https://bencho.dev/blocks/toasts → Code → Copy prompt	script:bencho toasts	free	source	react		active		2026-10-07	
bencho	icon-bar	Icon bar	Select	https://bencho.dev/blocks/icon-bar	scripts/fetch.sh bencho:icon-bar；或 https://bencho.dev/blocks/icon-bar → Code → Copy prompt	script:bencho icon-bar	free	source	react		active		2026-10-07	
bencho	dock	Magnifying dock	Hover	https://bencho.dev/blocks/dock	scripts/fetch.sh bencho:dock；或 https://bencho.dev/blocks/dock → Code → Copy prompt	script:bencho dock	free	source	react		active		2026-10-07	
bencho	progress	Progress ticks	Hover	https://bencho.dev/blocks/progress	scripts/fetch.sh bencho:progress；或 https://bencho.dev/blocks/progress → Code → Copy prompt	script:bencho progress	free	source	react		active		2026-10-07	
bencho	humidity	Wheel	Drag	https://bencho.dev/blocks/humidity	scripts/fetch.sh bencho:humidity；或 https://bencho.dev/blocks/humidity → Code → Copy prompt	script:bencho humidity	free	source	react		active		2026-10-07	
bencho	command	Command bar	Type	https://bencho.dev/blocks/command	scripts/fetch.sh bencho:command；或 https://bencho.dev/blocks/command → Code → Copy prompt	script:bencho command	free	source	react		active		2026-10-07	
bencho	roster	Selection list	Select	https://bencho.dev/blocks/roster	scripts/fetch.sh bencho:roster；或 https://bencho.dev/blocks/roster → Code → Copy prompt	script:bencho roster	free	source	react		active		2026-10-07	
bencho	sleep	Range dial	Drag	https://bencho.dev/blocks/sleep	scripts/fetch.sh bencho:sleep；或 https://bencho.dev/blocks/sleep → Code → Copy prompt	script:bencho sleep	free	source	react		active		2026-10-07	
bencho	liq-toggle	Liquid toggle	Press	https://bencho.dev/blocks/liq-toggle	scripts/fetch.sh bencho:liq-toggle；或 https://bencho.dev/blocks/liq-toggle → Code → Copy prompt	script:bencho liq-toggle	free	source	react		active		2026-10-07	
bencho	ascii-wake	ASCII wake	Hover	https://bencho.dev/blocks/ascii-wake	scripts/fetch.sh bencho:ascii-wake（未上架，仅 bundle 内有源码）	script:bencho ascii-wake	free	source	react		active		2026-10-07	
bencho	browser-tabs	Browser tabs	Drag	https://bencho.dev/blocks/browser-tabs	scripts/fetch.sh bencho:browser-tabs（未上架，仅 bundle 内有源码）	script:bencho browser-tabs	free	source	react		active		2026-10-07	
bencho	card-stack	Card stack	Hover	https://bencho.dev/blocks/card-stack	scripts/fetch.sh bencho:card-stack（未上架，仅 bundle 内有源码）	script:bencho card-stack	free	source	react		active		2026-10-07	
bencho	emoji-reactions	Emoji reactions	Hover	https://bencho.dev/blocks/emoji-reactions	scripts/fetch.sh bencho:emoji-reactions（未上架，仅 bundle 内有源码）	script:bencho emoji-reactions	free	source	react		active		2026-10-07	
bencho	foggy-glass	Foggy glass	Hover	https://bencho.dev/blocks/foggy-glass	scripts/fetch.sh bencho:foggy-glass（未上架，仅 bundle 内有源码）	script:bencho foggy-glass	free	source	react		active		2026-10-07	
bencho	fold	Folding frame	Drag	https://bencho.dev/blocks/fold	scripts/fetch.sh bencho:fold（未上架，仅 bundle 内有源码）	script:bencho fold	free	source	react		active		2026-10-07	
bencho	hold-delete	Hold to delete	Press	https://bencho.dev/blocks/hold-delete	scripts/fetch.sh bencho:hold-delete（未上架，仅 bundle 内有源码）	script:bencho hold-delete	free	source	react		active		2026-10-07	
bencho	mb-compare	Before and after	Drag	https://bencho.dev/blocks/mb-compare	scripts/fetch.sh bencho:mb-compare（未上架，仅 bundle 内有源码）	script:bencho mb-compare	free	source	react		active		2026-10-07	
bencho	mb-deck	Poster deck	Swipe	https://bencho.dev/blocks/mb-deck	scripts/fetch.sh bencho:mb-deck（未上架，仅 bundle 内有源码）	script:bencho mb-deck	free	source	react		active		2026-10-07	
bencho	mb-holo	Holo card	Hover	https://bencho.dev/blocks/mb-holo	scripts/fetch.sh bencho:mb-holo（未上架，仅 bundle 内有源码）	script:bencho mb-holo	free	source	react		active		2026-10-07	
bencho	mb-spot	Spotlight	Hover	https://bencho.dev/blocks/mb-spot	scripts/fetch.sh bencho:mb-spot（未上架，仅 bundle 内有源码）	script:bencho mb-spot	free	source	react		active		2026-10-07	
bencho	rolling-counter	Rolling counter	Drag	https://bencho.dev/blocks/rolling-counter	scripts/fetch.sh bencho:rolling-counter（未上架，仅 bundle 内有源码）	script:bencho rolling-counter	free	source	react		active		2026-10-07	
bencho	scratch-card	Scratch card	Drag	https://bencho.dev/blocks/scratch-card	scripts/fetch.sh bencho:scratch-card（未上架，仅 bundle 内有源码）	script:bencho scratch-card	free	source	react		active		2026-10-07	
bencho	swipe-row	Swipe row	Swipe	https://bencho.dev/blocks/swipe-row	scripts/fetch.sh bencho:swipe-row（未上架，仅 bundle 内有源码）	script:bencho swipe-row	free	source	react		active		2026-10-07	
bencho	tag-input	Tag input	Type	https://bencho.dev/blocks/tag-input	scripts/fetch.sh bencho:tag-input（未上架，仅 bundle 内有源码）	script:bencho tag-input	free	source	react		active		2026-10-07	
bencho	category:sounds	Sounds	sound	https://bencho.dev/sounds（浏览器内合成后	https://bencho.dev/sounds（浏览器内合成后 Download WAV）	browser:https://bencho.dev/sounds	free	reference	react		active		2026-10-07	
bencho	find:sucodeee-code-verify	Code that verifies	finds/Type/Morph	https://bencho.dev/finds/sucodeee-code-verify	https://bencho.dev/finds/sucodeee-code-verify ；原帖 https://x.com/sucodeee/status/2107420636113191248	url:https://media.bencho.dev/finds/sucodeee-code-verify.mp4 browser:https://bencho.dev/finds/sucodeee-code-verify	free	reference	react		active		2026-10-07	
bencho	find:joshpuckett-graphical-theme	Theme playground	finds/Select/Morph	https://bencho.dev/finds/joshpuckett-graphical-theme	https://bencho.dev/finds/joshpuckett-graphical-theme ；原帖 https://x.com/seesawsite/status/2107185446589747515	url:https://media.bencho.dev/finds/joshpuckett-graphical-theme.mp4 browser:https://bencho.dev/finds/joshpuckett-graphical-theme	free	reference	react		active		2026-10-07	
bencho	find:lauracsc-team-silhouettes	Team in silhouette	finds/Hover/Reveal	https://bencho.dev/finds/lauracsc-team-silhouettes	https://bencho.dev/finds/lauracsc-team-silhouettes ；原帖 https://x.com/Lauracsc_/status/2107184974092746818	url:https://media.bencho.dev/finds/Lauracsc_-team-silhouettes.mp4 browser:https://bencho.dev/finds/lauracsc-team-silhouettes	free	reference	react		active		2026-10-07	
bencho	find:davidtheophine-ranges-reorder	Ranges that reorder	finds/Select/Morph	https://bencho.dev/finds/davidtheophine-ranges-reorder	https://bencho.dev/finds/davidtheophine-ranges-reorder ；原帖 https://x.com/davidtheophine/status/2107179535858823216	url:https://media.bencho.dev/finds/davidtheophine-ranges-reorder.mp4 browser:https://bencho.dev/finds/davidtheophine-ranges-reorder	free	reference	react		active		2026-10-07	
bencho	find:vanjek-pixel-select	Pixel-burst select	finds/Select/Reveal	https://bencho.dev/finds/vanjek-pixel-select	https://bencho.dev/finds/vanjek-pixel-select ；原帖 https://x.com/vanjek/status/2107120208964116634	url:https://media.bencho.dev/finds/vanjek-pixel-select.mp4 browser:https://bencho.dev/finds/vanjek-pixel-select	free	reference	react		active		2026-10-07	
bencho	find:vansh1029-lit-keyboard	Keys that light up	finds/Type/Press	https://bencho.dev/finds/vansh1029-lit-keyboard	https://bencho.dev/finds/vansh1029-lit-keyboard ；原帖 https://x.com/vansh1029/status/2107110007653421324	url:https://media.bencho.dev/finds/vansh1029-lit-keyboard.mp4 browser:https://bencho.dev/finds/vansh1029-lit-keyboard	free	reference	react		active		2026-10-07	
bencho	find:kylethacker-view-picker	Toolbar views	finds/Press/Morph	https://bencho.dev/finds/kylethacker-view-picker	https://bencho.dev/finds/kylethacker-view-picker ；原帖 https://x.com/kylethacker/status/2106909046880244165	url:https://media.bencho.dev/finds/kylethacker-view-picker.mp4 browser:https://bencho.dev/finds/kylethacker-view-picker	free	reference	react		active		2026-10-07	
bencho	find:azlenelza-resize-frame	Sizing a frame	finds/Drag/Type	https://bencho.dev/finds/azlenelza-resize-frame	https://bencho.dev/finds/azlenelza-resize-frame ；原帖 https://x.com/azlenelza/status/2106600214593462393	url:https://media.bencho.dev/finds/azlenelza-resize-frame.mp4 browser:https://bencho.dev/finds/azlenelza-resize-frame	free	reference	react		active		2026-10-07	
bencho	find:adriankuleszo-dashboard-cards	Self-filling cards	finds/Reveal	https://bencho.dev/finds/adriankuleszo-dashboard-cards	https://bencho.dev/finds/adriankuleszo-dashboard-cards ；原帖 https://x.com/adriankuleszo/status/2106557434726920504	url:https://media.bencho.dev/finds/adriankuleszo-dashboard-cards.mp4 browser:https://bencho.dev/finds/adriankuleszo-dashboard-cards	free	reference	react		active		2026-10-07	
bencho	find:disarto_max-model-router	Model router	finds/Select/Morph	https://bencho.dev/finds/disarto_max-model-router	https://bencho.dev/finds/disarto_max-model-router ；原帖 https://x.com/disarto_max/status/2106420376548815238	url:https://media.bencho.dev/finds/disarto_max-model-router.mp4 browser:https://bencho.dev/finds/disarto_max-model-router	free	reference	react		active		2026-10-07	
bencho	find:wheresryan22-isometric-wireframes	Isometric wireframes you can work	finds/Press/Reveal	https://bencho.dev/finds/wheresryan22-isometric-wireframes	https://bencho.dev/finds/wheresryan22-isometric-wireframes ；原帖 https://x.com/wheresryan22/status/2106439475551154186	url:https://media.bencho.dev/finds/wheresryan22-isometric.mp4 browser:https://bencho.dev/finds/wheresryan22-isometric-wireframes	free	reference	react		active		2026-10-07	
bencho	find:peterdev934-todo-motion	Todos that tick themselves away	finds/Press/Morph	https://bencho.dev/finds/peterdev934-todo-motion	https://bencho.dev/finds/peterdev934-todo-motion ；原帖 https://x.com/peterdev934/status/2106391321820717431	url:https://media.bencho.dev/finds/peterdev934-todos.mp4 browser:https://bencho.dev/finds/peterdev934-todo-motion	free	reference	react		active		2026-10-07	
bencho	find:ggsimm-broken-select	The chevron that got away	finds/Press/Elastic	https://bencho.dev/finds/ggsimm-broken-select	https://bencho.dev/finds/ggsimm-broken-select ；原帖 https://x.com/ggsimm/status/2106053054374305995	url:https://media.bencho.dev/finds/ggsimm-select.mp4 browser:https://bencho.dev/finds/ggsimm-broken-select	free	reference	react		active		2026-10-07	
bencho	find:rndr-realm-chart-wager	Betting on the chart	finds/Press/Morph	https://bencho.dev/finds/rndr-realm-chart-wager	https://bencho.dev/finds/rndr-realm-chart-wager ；原帖 https://x.com/rndr_realm/status/2105752624700043746	url:https://media.bencho.dev/finds/rndr-realm-wagering.mp4 browser:https://bencho.dev/finds/rndr-realm-chart-wager	free	reference	react		active		2026-10-07	
bencho	find:yashachaarya-cardboard-tear	Tearing open a box	finds/Drag/Reveal	https://bencho.dev/finds/yashachaarya-cardboard-tear	https://bencho.dev/finds/yashachaarya-cardboard-tear ；原帖 https://x.com/yashachaarya/status/2105597600078663894	url:https://media.bencho.dev/finds/yashachaarya-cardboard.mp4 browser:https://bencho.dev/finds/yashachaarya-cardboard-tear	free	reference	react		active		2026-10-07	
bencho	find:alx-mindset-light-editor	Placing the light	finds/Drag	https://bencho.dev/finds/alx-mindset-light-editor	https://bencho.dev/finds/alx-mindset-light-editor ；原帖 https://x.com/eugene_mindset/status/2105585502174708035	url:https://media.bencho.dev/finds/eugene-mindset-duo.mp4 browser:https://bencho.dev/finds/alx-mindset-light-editor	free	reference	react		active		2026-10-07	
bencho	find:samfcheng-lanyard-badge	Badge on a lanyard	finds/Drag/Elastic	https://bencho.dev/finds/samfcheng-lanyard-badge	https://bencho.dev/finds/samfcheng-lanyard-badge ；原帖 https://x.com/samfcheng/status/2104993779510047203	url:https://media.bencho.dev/finds/samfcheng-site.mp4 browser:https://bencho.dev/finds/samfcheng-lanyard-badge	free	reference	react		active		2026-10-07	
bencho	find:victornunez-dots	Dots that dress up	finds/Morph	https://bencho.dev/finds/victornunez-dots	https://bencho.dev/finds/victornunez-dots ；原帖 https://x.com/victornunez/status/2104987200735911971	url:https://media.bencho.dev/finds/victornunez-dot.mp4 browser:https://bencho.dev/finds/victornunez-dots	free	reference	react		active		2026-10-07	
bencho	find:kippe-progress-squeeze	Squeezing progress	finds/Press/Elastic	https://bencho.dev/finds/kippe-progress-squeeze	https://bencho.dev/finds/kippe-progress-squeeze ；原帖 https://x.com/kippe07/status/2105216988855542196	url:https://media.bencho.dev/finds/kippe-progress.mp4 browser:https://bencho.dev/finds/kippe-progress-squeeze	free	reference	react		active		2026-10-07	
bencho	find:tantan-bubble-assistants	Bubble assistants	finds/Hover/Refract	https://bencho.dev/finds/tantan-bubble-assistants	https://bencho.dev/finds/tantan-bubble-assistants ；原帖 https://x.com/premiumtantan/status/2105090941690454255	url:https://media.bencho.dev/finds/tantan-bots.mp4 browser:https://bencho.dev/finds/tantan-bubble-assistants	free	reference	react		active		2026-10-07	
bencho	find:kazarov-reasoning-slider	Reasoning slider	finds/Slide	https://bencho.dev/finds/kazarov-reasoning-slider	https://bencho.dev/finds/kazarov-reasoning-slider ；原帖 https://x.com/kazarov_d/status/2104975742991765715	url:https://media.bencho.dev/finds/kazarov-reasoning.mp4 browser:https://bencho.dev/finds/kazarov-reasoning-slider	free	reference	react		active		2026-10-07	
bencho	find:wabi-invite-tickets	Invite tickets	finds/Refract	https://bencho.dev/finds/wabi-invite-tickets	https://bencho.dev/finds/wabi-invite-tickets ；原帖 https://x.com/isnk30/status/2104970566876741778	url:https://media.bencho.dev/finds/wabi-isnk.mp4 browser:https://bencho.dev/finds/wabi-invite-tickets	free	reference	react		active		2026-10-07	
bencho	find:jerry-avatar-circle	Circle of faces	finds/Elastic/Morph	https://bencho.dev/finds/jerry-avatar-circle	https://bencho.dev/finds/jerry-avatar-circle ；原帖 https://x.com/Jerrythe2d/status/2104968027062296613	url:https://media.bencho.dev/finds/jerry-circle.mp4 browser:https://bencho.dev/finds/jerry-avatar-circle	free	reference	react		active		2026-10-07	
bencho	find:azlen-cat-space	Traversing cat-space	finds/Drag/Morph	https://bencho.dev/finds/azlen-cat-space	https://bencho.dev/finds/azlen-cat-space ；原帖 https://x.com/azlenelza/status/2104798485849800854	url:https://media.bencho.dev/finds/azlen-catspace.mp4 browser:https://bencho.dev/finds/azlen-cat-space	free	reference	react		active		2026-10-07	
bencho	find:isaiah-aspect-picker	Aspect ratios you can see	finds/Select/Morph	https://bencho.dev/finds/isaiah-aspect-picker	https://bencho.dev/finds/isaiah-aspect-picker ；原帖 https://x.com/eyexayuh/status/2104758001479327745	url:https://media.bencho.dev/finds/isaiah-aspect.mp4 browser:https://bencho.dev/finds/isaiah-aspect-picker	free	reference	react		active		2026-10-07	
bencho	find:bespalov-refero-pro	Welcome to Pro	finds/Reveal	https://bencho.dev/finds/bespalov-refero-pro	https://bencho.dev/finds/bespalov-refero-pro ；原帖 https://x.com/bbssppllvv/status/2104747296671883312	url:https://media.bencho.dev/finds/refero-upgrade.mp4 browser:https://bencho.dev/finds/bespalov-refero-pro	free	reference	react		active		2026-10-07	
bencho	find:heyzsolt-spin-button	Button with a spinning glyph	finds/Hover/Morph	https://bencho.dev/finds/heyzsolt-spin-button	https://bencho.dev/finds/heyzsolt-spin-button ；原帖 https://x.com/heyzsolt/status/2104633548443656203	url:https://media.bencho.dev/finds/zsolt-button.mp4 browser:https://bencho.dev/finds/heyzsolt-spin-button	free	reference	react		active		2026-10-07	
bencho	find:angelo-framed-layout	Framed layout	finds/Slide/Reveal	https://bencho.dev/finds/angelo-framed-layout	https://bencho.dev/finds/angelo-framed-layout ；原帖 https://x.com/angeloldesigns/status/2104568077526437994	url:https://media.bencho.dev/finds/angelo-frame.mp4 browser:https://bencho.dev/finds/angelo-framed-layout	free	reference	react		active		2026-10-07	
bencho	find:dossi-mood-wheel	Mood wheel	finds/Scroll/Morph	https://bencho.dev/finds/dossi-mood-wheel	https://bencho.dev/finds/dossi-mood-wheel ；原帖 https://x.com/lorenzodossi/status/2104614174206939180	url:https://media.bencho.dev/finds/dossi-demo.mp4 browser:https://bencho.dev/finds/dossi-mood-wheel	free	reference	react		active		2026-10-07	
bencho	find:murat-island-wos	Island that splits	finds/Morph/Elastic	https://bencho.dev/finds/murat-island-wos	https://bencho.dev/finds/murat-island-wos ；原帖 https://x.com/murattenil/status/2104628145458675789	url:https://media.bencho.dev/finds/murat-island.mp4 browser:https://bencho.dev/finds/murat-island-wos	free	reference	react		active		2026-10-07	
bencho	find:hsn-agent-orb	Agent state orb	finds/Select/Morph	https://bencho.dev/finds/hsn-agent-orb	https://bencho.dev/finds/hsn-agent-orb ；原帖 https://x.com/sir_hsn/status/2104474465317118390	url:https://media.bencho.dev/finds/hsn-ready.mp4 browser:https://bencho.dev/finds/hsn-agent-orb	free	reference	react		active		2026-10-07	
bencho	find:adi-access-request	Access requests	finds/Press/Morph	https://bencho.dev/finds/adi-access-request	https://bencho.dev/finds/adi-access-request ；原帖 https://x.com/AdityaSur11/status/2104488784083685629	url:https://media.bencho.dev/finds/access-request.mp4 browser:https://bencho.dev/finds/adi-access-request	free	reference	react		active		2026-10-07	
bencho	find:okazz-p5-ring	Confetti ring	finds/Reveal	https://bencho.dev/finds/okazz-p5-ring	https://bencho.dev/finds/okazz-p5-ring ；原帖 https://x.com/okazz_/status/2104236116316655942	url:https://media.bencho.dev/finds/okazz-p5.mp4 browser:https://bencho.dev/finds/okazz-p5-ring	free	reference	react		active		2026-10-07	
bencho	find:beyza-trash-literal	Move to trash, literally	finds/Press/Morph	https://bencho.dev/finds/beyza-trash-literal	https://bencho.dev/finds/beyza-trash-literal ；原帖 https://x.com/beyzasezeer/status/2102141401785876569	url:https://media.bencho.dev/finds/trash-literal.mp4 browser:https://bencho.dev/finds/beyza-trash-literal	free	reference	react		active		2026-10-07	
bencho	find:kris-island-agent	Horse in the island	finds/Morph	https://bencho.dev/finds/kris-island-agent	https://bencho.dev/finds/kris-island-agent ；原帖 https://x.com/krispuckett/status/2103342411581882811	url:https://media.bencho.dev/finds/island-agent.mp4 browser:https://bencho.dev/finds/kris-island-agent	free	reference	react		active		2026-10-07	
bencho	find:oguz-swap-assets	Swap that assembles	finds/Reveal	https://bencho.dev/finds/oguz-swap-assets	https://bencho.dev/finds/oguz-swap-assets ；原帖 https://x.com/moguzbulbul/status/2103588512650133759	url:https://media.bencho.dev/finds/swap-assets.mp4 browser:https://bencho.dev/finds/oguz-swap-assets	free	reference	react		active		2026-10-07	
bencho	find:cursor-dot-loaders	Dot loaders	finds/Morph	https://bencho.dev/finds/cursor-dot-loaders	https://bencho.dev/finds/cursor-dot-loaders ；原帖 https://x.com/sashabirukoff/status/2103542045461901417	url:https://media.bencho.dev/finds/cursor-loaders.mp4 browser:https://bencho.dev/finds/cursor-dot-loaders	free	reference	react		active		2026-10-07	
bencho	find:louis-tape-rack	Picking a tape	finds/Reveal	https://bencho.dev/finds/louis-tape-rack	https://bencho.dev/finds/louis-tape-rack ；原帖 https://x.com/louis_bcqt/status/2103456252298953188	url:https://media.bencho.dev/finds/tape-rack.mp4 browser:https://bencho.dev/finds/louis-tape-rack	free	reference	react		active		2026-10-07	
bencho	find:raul-tool-folders	Folders of tools	finds/Hover/Reveal	https://bencho.dev/finds/raul-tool-folders	https://bencho.dev/finds/raul-tool-folders ；原帖 https://x.com/raul_dronca/status/2103409890781720977	url:https://media.bencho.dev/finds/tool-folders.mp4 browser:https://bencho.dev/finds/raul-tool-folders	free	reference	react		active		2026-10-07	
bencho	find:adi-music-widget	Music video widget	finds/Press	https://bencho.dev/finds/adi-music-widget	https://bencho.dev/finds/adi-music-widget ；原帖 https://x.com/AdityaSur11/status/2103326122716934319	url:https://media.bencho.dev/finds/music-widget.mp4 browser:https://bencho.dev/finds/adi-music-widget	free	reference	react		active		2026-10-07	
bencho	find:kevin-effort-slider	Reasoning effort slider	finds/Slide	https://bencho.dev/finds/kevin-effort-slider	https://bencho.dev/finds/kevin-effort-slider ；原帖 https://x.com/kvnkld/status/2102753600477011970	url:https://media.bencho.dev/finds/effort-slider.mp4 browser:https://bencho.dev/finds/kevin-effort-slider	free	reference	react		active		2026-10-07	
bencho	find:martin-money-pull	Dragging money to a friend	finds/Drag/Morph	https://bencho.dev/finds/martin-money-pull	https://bencho.dev/finds/martin-money-pull ；原帖 https://x.com/m_strba/status/2103104160472129847	url:https://media.bencho.dev/finds/money-pull.mp4 browser:https://bencho.dev/finds/martin-money-pull	free	reference	react		active		2026-10-07	
bencho	find:jaimin-message-sheet	A sheet rises over the list	finds/Reveal	https://bencho.dev/finds/jaimin-message-sheet	https://bencho.dev/finds/jaimin-message-sheet ；原帖 https://x.com/jaimintf/status/2102827785811333410	url:https://media.bencho.dev/finds/message-sheet-720.mp4 browser:https://bencho.dev/finds/jaimin-message-sheet	free	reference	react		active		2026-10-07	
bencho	find:flo-chat-tray	A tray slides out from behind	finds/Reveal	https://bencho.dev/finds/flo-chat-tray	https://bencho.dev/finds/flo-chat-tray ；原帖 https://x.com/flohoeller/status/2102660458658582913	url:https://media.bencho.dev/finds/chat-tray.mp4 browser:https://bencho.dev/finds/flo-chat-tray	free	reference	react		active		2026-10-07	
bencho	find:paul-spinner-reel	A reel of small spinners	finds/Morph	https://bencho.dev/finds/paul-spinner-reel	https://bencho.dev/finds/paul-spinner-reel ；原帖 https://x.com/paulfaivret/status/2102423057671573522	url:https://media.bencho.dev/finds/spinner-reel.mp4 browser:https://bencho.dev/finds/paul-spinner-reel	free	reference	react		active		2026-10-07	
bencho	find:oguz-work-stack	The stack rolls a screen flat	finds/Reveal	https://bencho.dev/finds/oguz-work-stack	https://bencho.dev/finds/oguz-work-stack ；原帖 https://x.com/moguzbulbul/status/2102422579558400042	url:https://media.bencho.dev/finds/work-stack.mp4 browser:https://bencho.dev/finds/oguz-work-stack	free	reference	react		active		2026-10-07	
bencho	find:rooh-wheel-carousel	The cards lean into the throw	finds/Swipe/Elastic	https://bencho.dev/finds/rooh-wheel-carousel	https://bencho.dev/finds/rooh-wheel-carousel ；原帖 https://x.com/roohbuilds/status/2102025426344480804	url:https://media.bencho.dev/finds/wheel-carousel-720.mp4 browser:https://bencho.dev/finds/rooh-wheel-carousel	free	reference	react		active		2026-10-07	
bencho	find:luc-sky-pad	Drag the weather over the mountain	finds/Drag	https://bencho.dev/finds/luc-sky-pad	https://bencho.dev/finds/luc-sky-pad ；原帖 https://x.com/lucchaissac/status/2102042091442282653	url:https://media.bencho.dev/finds/sky-pad.mp4 browser:https://bencho.dev/finds/luc-sky-pad	free	reference	react		active		2026-10-07	
bencho	find:alok-sent-card	The amount becomes the receipt	finds/Press/Morph	https://bencho.dev/finds/alok-sent-card	https://bencho.dev/finds/alok-sent-card ；原帖 https://x.com/Alok619308/status/2101955340547879167	url:https://media.bencho.dev/finds/sent-card.mp4 browser:https://bencho.dev/finds/alok-sent-card	free	reference	react		active		2026-10-07	
bencho	find:studiyo-welcome-orb	The face pulls back	finds/Elastic	https://bencho.dev/finds/studiyo-welcome-orb	https://bencho.dev/finds/studiyo-welcome-orb ；原帖 https://x.com/Studiyoco/status/2101753237305201001	url:https://media.bencho.dev/finds/welcome-orb.mp4 browser:https://bencho.dev/finds/studiyo-welcome-orb	free	reference	react		active		2026-10-07	
bencho	find:amir-cloth-shader	Light on a hanging cloth	finds/Drag	https://bencho.dev/finds/amir-cloth-shader	https://bencho.dev/finds/amir-cloth-shader ；原帖 https://x.com/AmirMushich/status/2101710585394053599	url:https://media.bencho.dev/finds/cloth-shader.mp4 browser:https://bencho.dev/finds/amir-cloth-shader	free	reference	react		active		2026-10-07	
bencho	find:marshall-case-portal	The case opens up	finds/Press/Reveal	https://bencho.dev/finds/marshall-case-portal	https://bencho.dev/finds/marshall-case-portal ；原帖 https://x.com/MarshallJGould/status/2101786413071032320	url:https://media.bencho.dev/finds/case-portal.mp4 browser:https://bencho.dev/finds/marshall-case-portal	free	reference	react		active		2026-10-07	
bencho	find:davidhaz-radius-scrub	The number runs under your finger	finds/Drag	https://bencho.dev/finds/davidhaz-radius-scrub	https://bencho.dev/finds/davidhaz-radius-scrub ；原帖 https://x.com/vladzima/status/2101762760312860862	url:https://media.bencho.dev/finds/radius-scrub.mp4 browser:https://bencho.dev/finds/davidhaz-radius-scrub	free	reference	react		active		2026-10-07	
bencho	find:davidhaz-paper-crumple	The page screws itself up	finds/Morph	https://bencho.dev/finds/davidhaz-paper-crumple	https://bencho.dev/finds/davidhaz-paper-crumple ；原帖 https://x.com/davidhaz/status/2101756094678733149	url:https://media.bencho.dev/finds/paper-crumple-720.mp4 browser:https://bencho.dev/finds/davidhaz-paper-crumple	free	reference	react		active		2026-10-07	
bencho	find:movin-invoice-unfold	The receipt unfolds	finds/Press/Reveal	https://bencho.dev/finds/movin-invoice-unfold	https://bencho.dev/finds/movin-invoice-unfold ；原帖 https://x.com/movindesign_/status/2101688131854483939	url:https://media.bencho.dev/finds/invoice-unfold.mp4 browser:https://bencho.dev/finds/movin-invoice-unfold	free	reference	react		active		2026-10-07	
bencho	find:fabian-warmth-slider	The slider is the colour	finds/Drag/Morph	https://bencho.dev/finds/fabian-warmth-slider	https://bencho.dev/finds/fabian-warmth-slider ；原帖 https://x.com/fabiuix/status/2101678957271654695	url:https://media.bencho.dev/finds/warmth-slider.mp4 browser:https://bencho.dev/finds/fabian-warmth-slider	free	reference	react		active		2026-10-07	
bencho	find:adi-brick-stack	It builds while you wait	finds/Reveal/Morph	https://bencho.dev/finds/adi-brick-stack	https://bencho.dev/finds/adi-brick-stack ；原帖 https://x.com/AdityaSur11/status/2101529283810210252	url:https://media.bencho.dev/finds/brick-stack.mp4 browser:https://bencho.dev/finds/adi-brick-stack	free	reference	react		active		2026-10-07	
bencho	find:davidhaz-tear-stub	The stub tears off	finds/Morph	https://bencho.dev/finds/davidhaz-tear-stub	https://bencho.dev/finds/davidhaz-tear-stub ；原帖 https://x.com/davidhaz/status/2101318157356917030	url:https://media.bencho.dev/finds/tear-stub.mp4 browser:https://bencho.dev/finds/davidhaz-tear-stub	free	reference	react		active		2026-10-07	
bencho	find:shlok-drop-row	A row drops out	finds/Reveal	https://bencho.dev/finds/shlok-drop-row	https://bencho.dev/finds/shlok-drop-row ；原帖 https://x.com/shlok776/status/2101375771277504674	url:https://media.bencho.dev/finds/drop-row.mp4 browser:https://bencho.dev/finds/shlok-drop-row	free	reference	react		active		2026-10-07	
bencho	find:zsolt-invert-cards	Cards that invert	finds/Hover	https://bencho.dev/finds/zsolt-invert-cards	https://bencho.dev/finds/zsolt-invert-cards ；原帖 https://x.com/kaolti/status/2101335516360647104	url:https://media.bencho.dev/finds/invert-cards.mp4 browser:https://bencho.dev/finds/zsolt-invert-cards	free	reference	react		active		2026-10-07	
bencho	find:cornelius-drop-it	Send, and it folds	finds/Press/Morph	https://bencho.dev/finds/cornelius-drop-it	https://bencho.dev/finds/cornelius-drop-it ；原帖 https://x.com/SebCornelius/status/2101052847940943918	url:https://media.bencho.dev/finds/drop-it.mp4 browser:https://bencho.dev/finds/cornelius-drop-it	free	reference	react		active		2026-10-07	
bencho	find:swami-done-sinks	Done sinks away	finds/Select	https://bencho.dev/finds/swami-done-sinks	https://bencho.dev/finds/swami-done-sinks ；原帖 https://x.com/SwamiMalode/status/2101264330549539041	url:https://media.bencho.dev/finds/done-sinks.mp4 browser:https://bencho.dev/finds/swami-done-sinks	free	reference	react		active		2026-10-07	
bencho	find:jamie-row-borders	Borders that hide	finds/Hover/Select	https://bencho.dev/finds/jamie-row-borders	https://bencho.dev/finds/jamie-row-borders ；原帖 https://x.com/Jamie_Merrill/status/2101171676595527918	url:https://media.bencho.dev/finds/row-borders.mp4 browser:https://bencho.dev/finds/jamie-row-borders	free	reference	react		active		2026-10-07	
bencho	find:ab-agent-widget	Agent in a widget	finds/Morph	https://bencho.dev/finds/ab-agent-widget	https://bencho.dev/finds/ab-agent-widget ；原帖 https://x.com/ab_workss/status/2100984617180242155	url:https://media.bencho.dev/finds/agent-widget.mp4 browser:https://bencho.dev/finds/ab-agent-widget	free	reference	react		active		2026-10-07	
bencho	find:bryce-agent-blob	Liquid task pill	finds/Drag/Elastic	https://bencho.dev/finds/bryce-agent-blob	https://bencho.dev/finds/bryce-agent-blob ；原帖 https://x.com/_bryceking/status/2101065283712729168	url:https://media.bencho.dev/finds/agent-blob.mp4 browser:https://bencho.dev/finds/bryce-agent-blob	free	reference	react		active		2026-10-07	
bencho	find:gustavo-infinite-faq	Ask the FAQ	finds/Type/Reveal	https://bencho.dev/finds/gustavo-infinite-faq	https://bencho.dev/finds/gustavo-infinite-faq ；原帖 https://x.com/heyimgustavo/status/2100728786694136224	url:https://media.bencho.dev/finds/infinite-faq.mp4 browser:https://bencho.dev/finds/gustavo-infinite-faq	free	reference	react		active		2026-10-07	
bencho	find:shohan-aivo-heart	Pill into a card	finds/Morph	https://bencho.dev/finds/shohan-aivo-heart	https://bencho.dev/finds/shohan-aivo-heart ；原帖 https://x.com/ShohanUIX/status/2100619974125424683	url:https://bencho.dev/finds/aivo-heart-card.jpg browser:https://bencho.dev/finds/shohan-aivo-heart	free	reference	react		active		2026-10-07	
bencho	find:oguz-turning-coat	A coat that turns	finds/Drag	https://bencho.dev/finds/oguz-turning-coat	https://bencho.dev/finds/oguz-turning-coat ；原帖 https://x.com/oguzyagizkara/status/2100914061508477276	url:https://media.bencho.dev/finds/turning-coat.mp4 browser:https://bencho.dev/finds/oguz-turning-coat	free	reference	react		active		2026-10-07	
bencho	find:daryl-swinging-stub	A stub that swings	finds/Hover/Elastic	https://bencho.dev/finds/daryl-swinging-stub	https://bencho.dev/finds/daryl-swinging-stub ；原帖 https://x.com/darel023/status/2100663150769062251	url:https://media.bencho.dev/finds/tilt-stub.mp4 browser:https://bencho.dev/finds/daryl-swinging-stub	free	reference	react		active		2026-10-07	
bencho	find:jeet-preempt-queue	Urgent jumps ahead	finds/Press	https://bencho.dev/finds/jeet-preempt-queue	https://bencho.dev/finds/jeet-preempt-queue ；原帖 https://x.com/jeetnirnejak/status/2100652705203224582	url:https://media.bencho.dev/finds/preempt-queue.mp4 browser:https://bencho.dev/finds/jeet-preempt-queue	free	reference	react		active		2026-10-07	
bencho	find:vishal-elastic-stepper	Stepper that gives	finds/Press/Elastic	https://bencho.dev/finds/vishal-elastic-stepper	https://bencho.dev/finds/vishal-elastic-stepper ；原帖 https://x.com/iamvishal16_ios/status/2100596660032172287	url:https://media.bencho.dev/finds/elastic-stepper.mp4 browser:https://bencho.dev/finds/vishal-elastic-stepper	free	reference	react		active		2026-10-07	
bencho	find:moiz-glass-paint	Glass over paint	finds/Refract	https://bencho.dev/finds/moiz-glass-paint	https://bencho.dev/finds/moiz-glass-paint ；原帖 https://x.com/MoizArshi29/status/2100228031113793717	url:https://media.bencho.dev/finds/glass-paint.mp4 browser:https://bencho.dev/finds/moiz-glass-paint	free	reference	react		active		2026-10-07	
bencho	find:grokbot-voice-bar	A bar that listens	finds/Reveal	https://bencho.dev/finds/grokbot-voice-bar	https://bencho.dev/finds/grokbot-voice-bar ；原帖 https://x.com/bot/status/2100659463569170779	url:https://media.bencho.dev/finds/voice-bar.mp4 browser:https://bencho.dev/finds/grokbot-voice-bar	free	reference	react		active		2026-10-07	
bencho	find:petar-menu-mark	Dots become a mark	finds/Press/Morph	https://bencho.dev/finds/petar-menu-mark	https://bencho.dev/finds/petar-menu-mark ；原帖 https://x.com/kippe07/status/2100491538081968135	url:https://media.bencho.dev/finds/menu-mark.mp4 browser:https://bencho.dev/finds/petar-menu-mark	free	reference	react		active		2026-10-07	
bencho	find:cz-pill-cards	Pills into cards	finds/Press/Morph	https://bencho.dev/finds/cz-pill-cards	https://bencho.dev/finds/cz-pill-cards ；原帖 https://x.com/wherescz/status/2100473433897222224	url:https://media.bencho.dev/finds/pill-cards.mp4 browser:https://bencho.dev/finds/cz-pill-cards	free	reference	react		active		2026-10-07	
bencho	find:jamie-rail-flyout	Rail flyout	finds/Hover/Reveal	https://bencho.dev/finds/jamie-rail-flyout	https://bencho.dev/finds/jamie-rail-flyout ；原帖 https://x.com/Jamie_Merrill/status/2100445139030135151	url:https://media.bencho.dev/finds/rail-flyout.mp4 browser:https://bencho.dev/finds/jamie-rail-flyout	free	reference	react		active		2026-10-07	
bencho	find:adi-capsule-toggle	Capsule toggle	finds/Press/Elastic	https://bencho.dev/finds/adi-capsule-toggle	https://bencho.dev/finds/adi-capsule-toggle ；原帖 https://x.com/AdityaSur11/status/2100411920230797782	url:https://media.bencho.dev/finds/capsule-toggle.mp4 browser:https://bencho.dev/finds/adi-capsule-toggle	free	reference	react		active		2026-10-07	
bencho	find:adi-tool-grid	Tools fill a grid	finds/Reveal	https://bencho.dev/finds/adi-tool-grid	https://bencho.dev/finds/adi-tool-grid ；原帖 https://x.com/AdityaSur11/status/2100230726880747725	url:https://media.bencho.dev/finds/tool-grid.mp4 browser:https://bencho.dev/finds/adi-tool-grid	free	reference	react		active		2026-10-07	
bencho	find:sam-event-fan	Events fan out	finds/Drag/Reveal	https://bencho.dev/finds/sam-event-fan	https://bencho.dev/finds/sam-event-fan ；原帖 https://x.com/artntek/status/2100247096993485129	url:https://media.bencho.dev/finds/event-fan.mp4 browser:https://bencho.dev/finds/sam-event-fan	free	reference	react		active		2026-10-07	
bencho	find:zafar-upload-chips	Uploads that fill	finds/Reveal	https://bencho.dev/finds/zafar-upload-chips	https://bencho.dev/finds/zafar-upload-chips ；原帖 https://x.com/iszafar92/status/2100071020916834622	url:https://media.bencho.dev/finds/upload-chips.mp4 browser:https://bencho.dev/finds/zafar-upload-chips	free	reference	react		active		2026-10-07	
bencho	find:armond-photo-swap	Photos that travel	finds/Press/Morph	https://bencho.dev/finds/armond-photo-swap	https://bencho.dev/finds/armond-photo-swap ；原帖 https://x.com/armondme/status/2100016405576061016	url:https://media.bencho.dev/finds/photo-swap.mp4 browser:https://bencho.dev/finds/armond-photo-swap	free	reference	react		active		2026-10-07	
bencho	find:minsang-metal-orbs	Metal that pools	finds/Press/Morph	https://bencho.dev/finds/minsang-metal-orbs	https://bencho.dev/finds/minsang-metal-orbs ；原帖 https://x.com/radiofun8/status/2100013199907278941	url:https://media.bencho.dev/finds/metal-orbs.mp4 browser:https://bencho.dev/finds/minsang-metal-orbs	free	reference	react		active		2026-10-07	
bencho	find:charles-heart-burst	A like that never repeats	finds/Press	https://bencho.dev/finds/charles-heart-burst	https://bencho.dev/finds/charles-heart-burst ；原帖 https://x.com/CharlesPattson/status/2099920654384431565	url:https://media.bencho.dev/finds/heart-burst.mp4 browser:https://bencho.dev/finds/charles-heart-burst	free	reference	react		active		2026-10-07	
bencho	find:danny-dock-menu	A dock that unfolds	finds/Press/Morph	https://bencho.dev/finds/danny-dock-menu	https://bencho.dev/finds/danny-dock-menu ；原帖 https://x.com/dannyjpwilliams/status/2099861544326848811	url:https://media.bencho.dev/finds/dock-menu.mp4 browser:https://bencho.dev/finds/danny-dock-menu	free	reference	react		active		2026-10-07	
bencho	find:aditya-split-discs	Six ways to cut a circle	finds/Morph	https://bencho.dev/finds/aditya-split-discs	https://bencho.dev/finds/aditya-split-discs ；原帖 https://x.com/indurajaditya/status/2099491194388750816	url:https://media.bencho.dev/finds/split-discs.mp4 browser:https://bencho.dev/finds/aditya-split-discs	free	reference	react		active		2026-10-07	
bencho	find:hakim-sagging-field	A field that sags	finds/Type/Elastic	https://bencho.dev/finds/hakim-sagging-field	https://bencho.dev/finds/hakim-sagging-field ；原帖 https://x.com/hakimel/status/2099805812336030149	url:https://media.bencho.dev/finds/sagging-field.mp4 browser:https://bencho.dev/finds/hakim-sagging-field	free	reference	react		active		2026-10-07	
bencho	find:moiz-dismiss-toasts	Dismissible toasts	finds/Press/Morph	https://bencho.dev/finds/moiz-dismiss-toasts	https://bencho.dev/finds/moiz-dismiss-toasts ；原帖 https://x.com/MoizArshi29/status/2099792389921796540	url:https://media.bencho.dev/finds/dismiss-toasts.mp4 browser:https://bencho.dev/finds/moiz-dismiss-toasts	free	reference	react		active		2026-10-07	
bencho	find:apple-icloud-tint	A cloud that tints	finds/Morph	https://bencho.dev/finds/apple-icloud-tint	https://bencho.dev/finds/apple-icloud-tint ；原帖 https://x.com/avstorm/status/2099764487771341228	url:https://media.bencho.dev/finds/icloud-tint.mp4 browser:https://bencho.dev/finds/apple-icloud-tint	free	reference	react		active		2026-10-07	
bencho	find:loong-fold-open	A phone unfolding	finds/Morph	https://bencho.dev/finds/loong-fold-open	https://bencho.dev/finds/loong-fold-open ；原帖 https://x.com/bigloong2013/status/2099678719120228469	url:https://media.bencho.dev/finds/fold-open.mp4 browser:https://bencho.dev/finds/loong-fold-open	free	reference	react		active		2026-10-07	
bencho	find:sergy-card-flip	A card flips out	finds/Hover/Reveal	https://bencho.dev/finds/sergy-card-flip	https://bencho.dev/finds/sergy-card-flip ；原帖 https://x.com/sergyproject/status/2099600693833195678	url:https://media.bencho.dev/finds/card-flip.mp4 browser:https://bencho.dev/finds/sergy-card-flip	free	reference	react		active		2026-10-07	
bencho	find:fred-shader-wall	Shader over photos	finds/Scroll/Refract	https://bencho.dev/finds/fred-shader-wall	https://bencho.dev/finds/fred-shader-wall ；原帖 https://x.com/beastydesign/status/2099495136111599734	url:https://media.bencho.dev/finds/shader-wall.mp4 browser:https://bencho.dev/finds/fred-shader-wall	free	reference	react		active		2026-10-07	
bencho	find:jamie-pin-reorder	Reordering pins	finds/Drag	https://bencho.dev/finds/jamie-pin-reorder	https://bencho.dev/finds/jamie-pin-reorder ；原帖 https://x.com/Jamie_Merrill/status/2099719860070559859	url:https://media.bencho.dev/finds/pin-reorder.mp4 browser:https://bencho.dev/finds/jamie-pin-reorder	free	reference	react		active		2026-10-07	
bencho	find:tantan-photo-swipe	Chrome that clears	finds/Swipe	https://bencho.dev/finds/tantan-photo-swipe	https://bencho.dev/finds/tantan-photo-swipe ；原帖 https://x.com/tantandesigns/status/2099703062478918099	url:https://media.bencho.dev/finds/photo-swipe.mp4 browser:https://bencho.dev/finds/tantan-photo-swipe	free	reference	react		active		2026-10-07	
bencho	find:benny-bending-rail	Rail that bends	finds/Drag/Elastic	https://bencho.dev/finds/benny-bending-rail	https://bencho.dev/finds/benny-bending-rail ；原帖 https://x.com/bennyschudel/status/2099594593880727622	url:https://media.bencho.dev/finds/bending-rail.mp4 browser:https://bencho.dev/finds/benny-bending-rail	free	reference	react		active		2026-10-07	
bencho	find:apple-timer-ruler	Timer on a ruler	finds/Morph	https://bencho.dev/finds/apple-timer-ruler	https://bencho.dev/finds/apple-timer-ruler ；原帖 https://x.com/samifathi/status/2099576013134909554	url:https://media.bencho.dev/finds/timer-ruler.mp4 browser:https://bencho.dev/finds/apple-timer-ruler	free	reference	react		active		2026-10-07	
bencho	find:julian-photo-bow	Photos that bow	finds/Scroll/Morph	https://bencho.dev/finds/julian-photo-bow	https://bencho.dev/finds/julian-photo-bow ；原帖 https://x.com/juli_fella/status/2099486465101029515	url:https://media.bencho.dev/finds/photo-bow.mp4 browser:https://bencho.dev/finds/julian-photo-bow	free	reference	react		active		2026-10-07	
bencho	find:adi-leaning-pills	Pills that lean	finds/Hover/Magnetic	https://bencho.dev/finds/adi-leaning-pills	https://bencho.dev/finds/adi-leaning-pills ；原帖 https://x.com/AdityaSur11/status/2099415354657083652	url:https://media.bencho.dev/finds/leaning-pills.mp4 browser:https://bencho.dev/finds/adi-leaning-pills	free	reference	react		active		2026-10-07	
bencho	find:swami-matrix-orb	Dot-matrix orb	finds/Press/Morph	https://bencho.dev/finds/swami-matrix-orb	https://bencho.dev/finds/swami-matrix-orb ；原帖 https://x.com/SwamiMalode/status/2099138409663201557	url:https://media.bencho.dev/finds/matrix-orb.mp4 browser:https://bencho.dev/finds/swami-matrix-orb	free	reference	react		active		2026-10-07	
bencho	find:kopp-ascii-cursor	Cursor wake in ASCII	finds/Hover/Magnetic	https://bencho.dev/finds/kopp-ascii-cursor	https://bencho.dev/finds/kopp-ascii-cursor ；原帖 https://x.com/koppxo/status/2099366193945608222	url:https://media.bencho.dev/finds/ascii-cursor.mp4 browser:https://bencho.dev/finds/kopp-ascii-cursor	free	reference	react		active		2026-10-07	
bencho	find:mrunal-sticky-mark	A mark that sticks	finds/Hover/Magnetic	https://bencho.dev/finds/mrunal-sticky-mark	https://bencho.dev/finds/mrunal-sticky-mark ；原帖 https://x.com/DhaygudeMrunal/status/2098546054040109296	url:https://media.bencho.dev/finds/sticky-mark.mp4 browser:https://bencho.dev/finds/mrunal-sticky-mark	free	reference	react		active		2026-10-07	
bencho	find:chewei-columns	Columns that resize together	finds/Drag/Elastic	https://bencho.dev/finds/chewei-columns	https://bencho.dev/finds/chewei-columns ；原帖 https://x.com/cheweileee/status/2098827014819996024	url:https://media.bencho.dev/finds/columns.mp4 browser:https://bencho.dev/finds/chewei-columns	free	reference	react		active		2026-10-07	
bencho	find:rolando-sound-cards	Shuffling albums	finds/Drag	https://bencho.dev/finds/rolando-sound-cards	https://bencho.dev/finds/rolando-sound-cards ；原帖 https://x.com/rnmp/status/2098396152970309948	url:https://media.bencho.dev/finds/sound-cards.mp4 browser:https://bencho.dev/finds/rolando-sound-cards	free	reference	react		active		2026-10-07	
bencho	find:raul-photo-grid	Opening a photograph	finds/Press/Reveal	https://bencho.dev/finds/raul-photo-grid	https://bencho.dev/finds/raul-photo-grid ；原帖 https://x.com/raul_dronca/status/2097689128561172775	url:https://media.bencho.dev/finds/photo-grid.mp4 browser:https://bencho.dev/finds/raul-photo-grid	free	reference	react		active		2026-10-07	
bencho	find:mrunal-chrome-ball	A gallery you flick	finds/Swipe	https://bencho.dev/finds/mrunal-chrome-ball	https://bencho.dev/finds/mrunal-chrome-ball ；原帖 https://x.com/DhaygudeMrunal/status/2077102435747975556	url:https://media.bencho.dev/finds/chrome-ball.mp4 browser:https://bencho.dev/finds/mrunal-chrome-ball	free	reference	react		active		2026-10-07	
bencho	find:mal-trim-schedule	Trimming a schedule	finds/Hover/Reveal	https://bencho.dev/finds/mal-trim-schedule	https://bencho.dev/finds/mal-trim-schedule ；原帖 https://x.com/malikyoloo/status/2099110454123725265	url:https://media.bencho.dev/finds/trim-schedule.mp4 browser:https://bencho.dev/finds/mal-trim-schedule	free	reference	react		active		2026-10-07	
bencho	find:gsimone-angry-sliders	Sliders that bolt	finds/Drag/Elastic	https://bencho.dev/finds/gsimone-angry-sliders	https://bencho.dev/finds/gsimone-angry-sliders ；原帖 https://x.com/ggsimm/status/2099497518627184949	url:https://media.bencho.dev/finds/angry-sliders.mp4 browser:https://bencho.dev/finds/gsimone-angry-sliders	free	reference	react		active		2026-10-07	
bencho	find:eduard-fan-deck	Opening a fan deck	finds/Press/Reveal	https://bencho.dev/finds/eduard-fan-deck	https://bencho.dev/finds/eduard-fan-deck ；原帖 https://x.com/eduardwieandt/status/2099530613606781339	url:https://media.bencho.dev/finds/fan-deck.mp4 browser:https://bencho.dev/finds/eduard-fan-deck	free	reference	react		active		2026-10-07	
bencho	find:arek-taffy-dial	Gooey speed dial	finds/Hover/Morph	https://bencho.dev/finds/arek-taffy-dial	https://bencho.dev/finds/arek-taffy-dial ；原帖 https://x.com/arknow91/status/2090317913513136235	url:https://media.bencho.dev/finds/taffy-dial.mp4 browser:https://bencho.dev/finds/arek-taffy-dial	free	reference	react		active		2026-10-07	
bencho	find:caleb-badge-sleeve	Signing a badge	finds/Drag/Reveal	https://bencho.dev/finds/caleb-badge-sleeve	https://bencho.dev/finds/caleb-badge-sleeve ；原帖 https://x.com/saradu/status/2063037780239008179	url:https://media.bencho.dev/finds/badge-sleeve.mp4 browser:https://bencho.dev/finds/caleb-badge-sleeve	free	reference	react		active		2026-10-07	
bencho	find:caleb-day-streak	Adding to a streak	finds/Press/Morph	https://bencho.dev/finds/caleb-day-streak	https://bencho.dev/finds/caleb-day-streak ；原帖 https://x.com/calebwu_/status/2035377140024115308	url:https://media.bencho.dev/finds/day-streak.mp4 browser:https://bencho.dev/finds/caleb-day-streak	free	reference	react		active		2026-10-07	
bencho	find:flo-action-node	Actions off a node	finds/Hover/Reveal	https://bencho.dev/finds/flo-action-node	https://bencho.dev/finds/flo-action-node ；原帖 https://x.com/flohoeller/status/2092919168421011811	url:https://media.bencho.dev/finds/action-node.mp4 browser:https://bencho.dev/finds/flo-action-node	free	reference	react		active		2026-10-07	
bencho	find:jakub-step-stack	Onboarding stack	finds/Reveal	https://bencho.dev/finds/jakub-step-stack	https://bencho.dev/finds/jakub-step-stack ；原帖 https://x.com/jakubkrehel/status/2038645821537722726	url:https://media.bencho.dev/finds/step-stack.mp4 browser:https://bencho.dev/finds/jakub-step-stack	free	reference	react		active		2026-10-07	
bencho	find:jakub-hold-next	Hold to continue	finds/Press/Reveal	https://bencho.dev/finds/jakub-hold-next	https://bencho.dev/finds/jakub-hold-next ；原帖 https://x.com/jakubkrehel/status/2014024232317931526	url:https://media.bencho.dev/finds/hold-next.mp4 browser:https://bencho.dev/finds/jakub-hold-next	free	reference	react		active		2026-10-07	
bencho	find:kevin-agent-pill	Agent status pill	finds/Morph/Reveal	https://bencho.dev/finds/kevin-agent-pill	https://bencho.dev/finds/kevin-agent-pill ；原帖 https://x.com/k_grajeda/status/2008640405886382541	url:https://media.bencho.dev/finds/agent-pill.mp4 browser:https://bencho.dev/finds/kevin-agent-pill	free	reference	react		active		2026-10-07	
bencho	find:abhijeet-code-shimmer	Shimmer on verify	finds/Type/Elastic	https://bencho.dev/finds/abhijeet-code-shimmer	https://bencho.dev/finds/abhijeet-code-shimmer ；原帖 https://x.com/abjt14/status/1930670665926914450	url:https://media.bencho.dev/finds/code-shimmer.mp4 browser:https://bencho.dev/finds/abhijeet-code-shimmer	free	reference	react		active		2026-10-07	
bencho	find:renzo-nav-pill	Nav that stretches	finds/Press/Morph	https://bencho.dev/finds/renzo-nav-pill	https://bencho.dev/finds/renzo-nav-pill ；原帖 https://x.com/renzobianchi_/status/2097400239162351924	url:https://media.bencho.dev/finds/nav-pill.mp4 browser:https://bencho.dev/finds/renzo-nav-pill	free	reference	react		active		2026-10-07	
bencho	find:adrian-clearing-pile	Clearing the pile	finds/Reveal	https://bencho.dev/finds/adrian-clearing-pile	https://bencho.dev/finds/adrian-clearing-pile ；原帖 https://x.com/adriankuleszo/status/2094402386383208575	url:https://media.bencho.dev/finds/clearing-pile.mp4 browser:https://bencho.dev/finds/adrian-clearing-pile	free	reference	react		active		2026-10-07	
bencho	find:swami-moving-pill	Moving nav pill	finds/Press/Morph	https://bencho.dev/finds/swami-moving-pill	https://bencho.dev/finds/swami-moving-pill ；原帖 https://x.com/SwamiMalode/status/2094065656648134690	url:https://media.bencho.dev/finds/moving-pill.mp4 browser:https://bencho.dev/finds/swami-moving-pill	free	reference	react		active		2026-10-07	
bencho	find:jeet-date-range	Range that slides	finds/Press/Morph	https://bencho.dev/finds/jeet-date-range	https://bencho.dev/finds/jeet-date-range ；原帖 https://x.com/jeetnirnejak/status/2085725970720591984	url:https://media.bencho.dev/finds/date-range.mp4 browser:https://bencho.dev/finds/jeet-date-range	free	reference	react		active		2026-10-07	
bencho	find:chan-glass-controls	Glass controls	finds/Refract	https://bencho.dev/finds/chan-glass-controls	https://bencho.dev/finds/chan-glass-controls ；原帖 https://x.com/chan_k/status/1932185261162766459	url:https://media.bencho.dev/finds/glass-controls.mp4 browser:https://bencho.dev/finds/chan-glass-controls	free	reference	react		active		2026-10-07	
bencho	find:adi-revision-folder	Revision folder	finds/Hover/Reveal	https://bencho.dev/finds/adi-revision-folder	https://bencho.dev/finds/adi-revision-folder ；原帖 https://x.com/AdityaSur11/status/2098992569665368528	url:https://media.bencho.dev/finds/revision-folder.mp4 browser:https://bencho.dev/finds/adi-revision-folder	free	reference	react		active		2026-10-07	
bencho	find:adi-document-wallet	Gatefold wallet	finds/Hover/Reveal	https://bencho.dev/finds/adi-document-wallet	https://bencho.dev/finds/adi-document-wallet ；原帖 https://x.com/AdityaSur11/status/2098328193660833874	url:https://media.bencho.dev/finds/document-wallet.mp4 browser:https://bencho.dev/finds/adi-document-wallet	free	reference	react		active		2026-10-07	
bencho	find:jesper-folding-photos	Folding photos	finds/Morph/Reveal	https://bencho.dev/finds/jesper-folding-photos	https://bencho.dev/finds/jesper-folding-photos ；原帖 https://x.com/jesper_alpacka/status/2098019413630898328	url:https://media.bencho.dev/finds/folding-photos.mp4 browser:https://bencho.dev/finds/jesper-folding-photos	free	reference	react		active		2026-10-07	
bencho	find:paulius-component-anatomy	Exploded component	finds/Press/Reveal	https://bencho.dev/finds/paulius-component-anatomy	https://bencho.dev/finds/paulius-component-anatomy ；原帖 https://x.com/kairevicius/status/2097653970135052421	url:https://media.bencho.dev/finds/component-anatomy.mp4 browser:https://bencho.dev/finds/paulius-component-anatomy	free	reference	react		active		2026-10-07	
bencho	find:marvin-component-layers	Component layers	finds/Press/Reveal	https://bencho.dev/finds/marvin-component-layers	https://bencho.dev/finds/marvin-component-layers ；原帖 https://x.com/MSchwaibold/status/2097463320521445446	url:https://media.bencho.dev/finds/component-layers.mp4 browser:https://bencho.dev/finds/marvin-component-layers	free	reference	react		active		2026-10-07	
bencho	find:mamuso-jobs-shelf	Jobs on a shelf	finds/Reveal	https://bencho.dev/finds/mamuso-jobs-shelf	https://bencho.dev/finds/mamuso-jobs-shelf ；原帖 https://x.com/mamuso/status/2097364642800787532	url:https://media.bencho.dev/finds/jobs-shelf.mp4 browser:https://bencho.dev/finds/mamuso-jobs-shelf	free	reference	react		active		2026-10-07	
bencho	find:paulius-rippling-sheet	Rippling sheet	finds/Morph	https://bencho.dev/finds/paulius-rippling-sheet	https://bencho.dev/finds/paulius-rippling-sheet ；原帖 https://x.com/kairevicius/status/2090424600886759913	url:https://media.bencho.dev/finds/rippling-sheet.mp4 browser:https://bencho.dev/finds/paulius-rippling-sheet	free	reference	react		active		2026-10-07	
bencho	find:george-voice-orb	Voice orb states	finds/Press/Morph	https://bencho.dev/finds/george-voice-orb	https://bencho.dev/finds/george-voice-orb ；原帖 https://x.com/vanjek/status/2090399194096005618	url:https://media.bencho.dev/finds/voice-orb.mp4 browser:https://bencho.dev/finds/george-voice-orb	free	reference	react		active		2026-10-07	
bencho	find:raul-shader-stamps	Stamps that swirl	finds/Hover/Reveal	https://bencho.dev/finds/raul-shader-stamps	https://bencho.dev/finds/raul-shader-stamps ；原帖 https://x.com/raul_dronca/status/2090037588639744306	url:https://media.bencho.dev/finds/shader-stamps.mp4 browser:https://bencho.dev/finds/raul-shader-stamps	free	reference	react		active		2026-10-07	
bencho	find:leon-layout-switch	Layout switch	finds/Press/Morph	https://bencho.dev/finds/leon-layout-switch	https://bencho.dev/finds/leon-layout-switch ；原帖 https://x.com/shawn_kel/status/2087937950424129978	url:https://media.bencho.dev/finds/layout-switch.mp4 browser:https://bencho.dev/finds/leon-layout-switch	free	reference	react		active		2026-10-07	
bencho	find:gabriel-share-dropdown	Share dropdown	finds/Press/Reveal	https://bencho.dev/finds/gabriel-share-dropdown	https://bencho.dev/finds/gabriel-share-dropdown ；原帖 https://x.com/gabriell_lab/status/2086065082279079968	url:https://media.bencho.dev/finds/share-dropdown.mp4 browser:https://bencho.dev/finds/gabriel-share-dropdown	free	reference	react		active		2026-10-07	
bencho	find:malik-bills-day	Bills by the day	finds/Hover/Reveal	https://bencho.dev/finds/malik-bills-day	https://bencho.dev/finds/malik-bills-day ；原帖 https://x.com/malikyoloo/status/2085371287116136620	url:https://media.bencho.dev/finds/bills-day.mp4 browser:https://bencho.dev/finds/malik-bills-day	free	reference	react		active		2026-10-07	
bencho	find:prosku-asset-ribbon	Ribbon of assets	finds/Parallax	https://bencho.dev/finds/prosku-asset-ribbon	https://bencho.dev/finds/prosku-asset-ribbon ；原帖 https://x.com/proskuaaa/status/2084279117449716119	url:https://media.bencho.dev/finds/asset-ribbon.mp4 browser:https://bencho.dev/finds/prosku-asset-ribbon	free	reference	react		active		2026-10-07	
bencho	find:nils-crumple-bin	Crumple and throw	finds/Drag/Morph	https://bencho.dev/finds/nils-crumple-bin	https://bencho.dev/finds/nils-crumple-bin ；原帖 https://x.com/nilseller/status/2077423947004641474	url:https://media.bencho.dev/finds/crumple-bin.mp4 browser:https://bencho.dev/finds/nils-crumple-bin	free	reference	react		active		2026-10-07	
bencho	find:colton-lens-scroll	Refracting scroll	finds/Scroll/Refract	https://bencho.dev/finds/colton-lens-scroll	https://bencho.dev/finds/colton-lens-scroll ；原帖 https://x.com/colton__tollett/status/2054175507181093201	url:https://media.bencho.dev/finds/lens-scroll.mp4 browser:https://bencho.dev/finds/colton-lens-scroll	free	reference	react		active		2026-10-07	
bencho	find:janum-glass-lens	Glass you can drag	finds/Drag/Refract	https://bencho.dev/finds/janum-glass-lens	https://bencho.dev/finds/janum-glass-lens ；原帖 https://x.com/jmtrivedi/status/1986572630292631861	url:https://media.bencho.dev/finds/glass-lens.mp4 browser:https://bencho.dev/finds/janum-glass-lens	free	reference	react		active		2026-10-07	
bencho	find:florian-action-plan	Action plan folder	finds/Hover/Reveal	https://bencho.dev/finds/florian-action-plan	https://bencho.dev/finds/florian-action-plan ；原帖 https://x.com/flornkm/status/1978522422195216475	url:https://media.bencho.dev/finds/action-plan.mp4 browser:https://bencho.dev/finds/florian-action-plan	free	reference	react		active		2026-10-07	
bencho	find:ryan-curved-tabs	Tabs on a curve	finds/Press	https://bencho.dev/finds/ryan-curved-tabs	https://bencho.dev/finds/ryan-curved-tabs ；原帖 https://x.com/Ryan__Stephen/status/1907802257992618039	url:https://media.bencho.dev/finds/curved-tabs.mp4 browser:https://bencho.dev/finds/ryan-curved-tabs	free	reference	react		active		2026-10-07	
bencho	find:pranav-copy-id	Copy confirmation	finds/Press/Morph	https://bencho.dev/finds/pranav-copy-id	https://bencho.dev/finds/pranav-copy-id ；原帖 https://x.com/ThatsPranav/status/2098736380008448180	url:https://media.bencho.dev/finds/copy-id.mp4 browser:https://bencho.dev/finds/pranav-copy-id	free	reference	react		active		2026-10-07	
bencho	find:seb-sidebar-collapse	Sidebar collapse	finds/Press/Morph	https://bencho.dev/finds/seb-sidebar-collapse	https://bencho.dev/finds/seb-sidebar-collapse ；原帖 https://x.com/guerriero_se/status/2098053631727530215	url:https://media.bencho.dev/finds/sidebar-collapse.mp4 browser:https://bencho.dev/finds/seb-sidebar-collapse	free	reference	react		active		2026-10-07	
bencho	find:seb-hover-borders	Gapless hover	finds/Hover/Reveal	https://bencho.dev/finds/seb-hover-borders	https://bencho.dev/finds/seb-hover-borders ；原帖 https://x.com/guerriero_se/status/2095883833761755217	url:https://media.bencho.dev/finds/hover-borders.mp4 browser:https://bencho.dev/finds/seb-hover-borders	free	reference	react		active		2026-10-07	
bencho	find:pranav-sub-menu	Sidebar sub menu	finds/Press/Reveal	https://bencho.dev/finds/pranav-sub-menu	https://bencho.dev/finds/pranav-sub-menu ；原帖 https://x.com/ThatsPranav/status/2091478053025468727	url:https://media.bencho.dev/finds/sub-menu.mp4 browser:https://bencho.dev/finds/pranav-sub-menu	free	reference	react		active		2026-10-07	
bencho	find:cj-issue-rows	Inline issue rows	finds/Type/Reveal	https://bencho.dev/finds/cj-issue-rows	https://bencho.dev/finds/cj-issue-rows ；原帖 https://x.com/CJfromJBW/status/2087514678721147373	url:https://media.bencho.dev/finds/issue-rows.mp4 browser:https://bencho.dev/finds/cj-issue-rows	free	reference	react		active		2026-10-07	
bencho	find:alex-money-stack	Payment card stack	finds/Reveal	https://bencho.dev/finds/alex-money-stack	https://bencho.dev/finds/alex-money-stack ；原帖 https://x.com/alexabraham/status/2082984238232502402	url:https://media.bencho.dev/finds/money-stack.mp4 browser:https://bencho.dev/finds/alex-money-stack	free	reference	react		active		2026-10-07	
bencho	find:gabriel-image-drum	Image drum	finds/Parallax	https://bencho.dev/finds/gabriel-image-drum	https://bencho.dev/finds/gabriel-image-drum ；原帖 https://x.com/gabriell_lab/status/2080660215037415927	url:https://media.bencho.dev/finds/image-drum.mp4 browser:https://bencho.dev/finds/gabriel-image-drum	free	reference	react		active		2026-10-07	
bencho	find:alex-x-toasts	Notification toasts	finds/Morph	https://bencho.dev/finds/alex-x-toasts	https://bencho.dev/finds/alex-x-toasts ；原帖 https://x.com/alexabraham/status/2069103017182327287	url:https://media.bencho.dev/finds/x-toasts.mp4 browser:https://bencho.dev/finds/alex-x-toasts	free	reference	react		active		2026-10-07	
bencho	find:tcosta-day-cell	Growing day cell	finds/Hover/Morph/Reveal	https://bencho.dev/finds/tcosta-day-cell	https://bencho.dev/finds/tcosta-day-cell ；原帖 https://x.com/tcosta/status/1936102863648047476	url:https://media.bencho.dev/finds/day-cell.mp4 browser:https://bencho.dev/finds/tcosta-day-cell	free	reference	react		active		2026-10-07	
bencho	find:rauno-notif-stack	Collapsing stack	finds/Morph/Reveal	https://bencho.dev/finds/rauno-notif-stack	https://bencho.dev/finds/rauno-notif-stack ；原帖 https://x.com/raunofreiberg/status/2098476550635085917	url:https://media.bencho.dev/finds/notif-stack.mp4 browser:https://bencho.dev/finds/rauno-notif-stack	free	reference	react		active		2026-10-07	
bencho	find:joy-tool-bar	Unfolding tab bar	finds/Press/Morph/Reveal	https://bencho.dev/finds/joy-tool-bar	https://bencho.dev/finds/joy-tool-bar ；原帖 https://x.com/uiuxjoy99/status/2096819458719498548	url:https://media.bencho.dev/finds/tool-bar.mp4 browser:https://bencho.dev/finds/joy-tool-bar	free	reference	react		active		2026-10-07	
bencho	find:tcosta-poof	Tumbling dismiss	finds/Press/Reveal	https://bencho.dev/finds/tcosta-poof	https://bencho.dev/finds/tcosta-poof ；原帖 https://x.com/tcosta/status/2097385373584203921	url:https://media.bencho.dev/finds/poof.mp4 browser:https://bencho.dev/finds/tcosta-poof	free	reference	react		active		2026-10-07	
bencho	find:shawn-floating-menu	Options in a cross	finds/Press/Morph/Reveal	https://bencho.dev/finds/shawn-floating-menu	https://bencho.dev/finds/shawn-floating-menu ；原帖 https://x.com/zzzzshawn/status/2092588110316208178	url:https://media.bencho.dev/finds/floating-menu.mp4 browser:https://bencho.dev/finds/shawn-floating-menu	free	reference	react		active		2026-10-07	
