fluid-illumination	动效/微交互灵感视频：fluid illumination	motion-transition,micro-interaction	reference				
downloading-an-invoice	产品界面/应用 UI灵感视频：downloading an invoice	loading,media	reference				
color-text-in-notes	动效/微交互灵感视频：color text in Notes	motion-transition,micro-interaction	reference				
model-router	产品界面/应用 UI灵感视频：Model router	page-inspiration	reference				
glass-circle-with-a-gradient	产品界面/应用 UI灵感图片：glass circle with a gradient	page-inspiration	reference	gradient,glass		glass	
airport-matrix-time	动效/微交互灵感视频：Airport matrix time	motion-transition,micro-interaction	reference				
hairlines-v2	插画/拟物视觉灵感视频：hairlines v0.2	page-inspiration	reference	illustration			
isometric-ai-computer	插画/拟物视觉灵感视频：isometric AI computer	ai-ux	reference	illustration			
run-to-the-hills	插画/拟物视觉灵感视频：run to the hills	page-inspiration	reference	illustration			
agent-cards	产品界面/应用 UI灵感图片：Agent cards	ai-ux,layout-card	reference				
ai-ends-motion-hiring	动效/微交互灵感视频：AI ends motion hiring.	ai-ux,motion-transition	reference				
footer-section	网页/落地页区块灵感图片：footer section	marketing-section	reference				
dither-and-ascii-card	动效/微交互灵感视频：Dither and Ascii card	layout-card,motion-transition	reference	pixel			
anthropomorphic-brand-character	品牌/图标/Logo灵感视频：anthropomorphic brand character.	motion-transition	reference				
iquid-metal	动效/微交互灵感视频：liquid metal	motion-transition,micro-interaction	reference				
i-will-survive	插画/拟物视觉灵感视频：I will survive	page-inspiration	reference	illustration			
a-lightweight-portfolio	网页/落地页区块灵感视频：A lightweight portfolio	marketing-section	reference				
melon-jelly	网页/落地页区块灵感视频：Melon Jelly	marketing-section	reference				
voice-model	动效/微交互灵感视频：voice model	media,motion-transition	reference				
personal-site	网页/落地页区块灵感视频：personal site	marketing-section	reference				
fluid-liquid-card-carousel	动效/微交互灵感视频：Fluid liquid card carousel.	media,layout-card	reference				
ai-keychain	动效/微交互灵感视频：AI keychain.	ai-ux,motion-transition	reference				
thanos-snap-ticket	动效/微交互灵感视频：Thanos snap ticket	motion-transition,micro-interaction	reference				
apple-style-level-components	动效/微交互灵感视频：apple style level components	motion-transition,micro-interaction	reference				
progress-bar-animation	动效/微交互灵感视频：progress bar animation	loading,motion-transition	reference				
quiet-overlapping-clocks	产品界面/应用 UI灵感图片：Quiet overlapping clocks	page-inspiration	reference				
a-calendar-booking-page	产品界面/应用 UI灵感视频：a calendar booking page	date-time	reference				
tiny-animated-svg	动效/微交互灵感视频：Tiny animated SVG	motion-transition,micro-interaction	reference				
blurry-pioneer-interfaces	产品界面/应用 UI灵感图片：Blurry Pioneer interfaces	page-inspiration	reference				
wos-island-animations	动效/微交互灵感视频：WOS Island Animations	motion-transition,micro-interaction	reference				
i-want-to-run-again	插画/拟物视觉灵感视频：I want to run again	page-inspiration	reference	illustration			
look-away-preview	产品界面/应用 UI灵感视频：Look Away preview	page-inspiration	reference				
lookaway-ios	动效/微交互灵感视频：LookAway iOS	motion-transition,micro-interaction	reference				
ai-scheduler	产品界面/应用 UI灵感视频：AI scheduler	ai-ux	reference				
eleven-v4	动效/微交互灵感视频：Eleven v4	motion-transition,micro-interaction	reference				
vintage-stamp-collage	印刷/海报灵感视频：Vintage stamp collage	page-inspiration	reference				
glowing-loader	动效/微交互灵感视频：glowing loader	loading,motion-transition	reference			glow	
artistic-fintech	产品界面/应用 UI灵感视频：Artistic fintech UI	page-inspiration	reference				
sticky-note-app	产品界面/应用 UI灵感视频：Sticky-note app	page-inspiration	reference				
order-status-card	动效/微交互灵感视频：order-status card	layout-card,motion-transition	reference				
temperature-as-a-material	产品界面/应用 UI灵感图片：Temperature as a material.	page-inspiration	reference				
bright-candy-icons	品牌/图标/Logo灵感图片：bright candy icons	page-inspiration	reference				
audience-data	产品界面/应用 UI灵感视频：audience data	page-inspiration	reference				
paperclip-interaction	产品界面/应用 UI灵感视频：Paperclip interaction	page-inspiration	reference				
dynamic-island-pixel-art-horse	动效/微交互灵感视频：Dynamic Island pixel-art horse	motion-transition,micro-interaction	reference	pixel			
medicine-to-my-soul	插画/拟物视觉灵感视频：medicine to my soul	page-inspiration	reference	illustration			
club-playing-cards	动效/微交互灵感视频：club playing cards	layout-card,motion-transition	reference				
3d-interactive-cassette-tape	动效/微交互灵感视频：3D interactive cassette-tape	motion-transition,micro-interaction	reference	3d			
the-lord-of-horses	动效/微交互灵感视频：The Lord of Horses.	motion-transition,micro-interaction	reference				
handmade-icons	品牌/图标/Logo灵感视频：Handmade icons	page-inspiration	reference				
invite-code-interaction	动效/微交互灵感视频：invite code interaction	motion-transition,micro-interaction	reference				
portfolio	网页/落地页区块灵感视频：portfolio	marketing-section	reference				
chat-component-interaction	产品界面/应用 UI灵感视频：Chat component interaction	ai-ux	reference				
onboarding	动效/微交互灵感视频：Onboarding	empty-onboarding,motion-transition	reference				
folder-icon-timeline	动效/微交互灵感视频：macOS Folder Icon Timeline	motion-transition,micro-interaction	reference				
ticket-stub	动效/微交互灵感视频：ticket stub	motion-transition,micro-interaction	reference				
composer-mockup	动效/微交互灵感视频：composer mockup	ai-ux,motion-transition	reference				
folder-interaction	动效/微交互灵感视频：folder interaction	motion-transition,micro-interaction	reference				
tap-get-invoice	动效/微交互灵感视频：Tap Get Invoice	media,motion-transition	reference				
dessn-welcome-envelope	动效/微交互灵感视频：DESSN welcome envelope	motion-transition,micro-interaction	reference				
scenic-footer-section	网页/落地页区块灵感视频：Scenic Footer Section	marketing-section	reference				
payment-links	产品界面/应用 UI灵感视频：payment links	page-inspiration	reference				
hypnotizing-ui	动效/微交互灵感视频：hypnotizing UI	motion-transition,micro-interaction	reference				
liquid-metal	插画/拟物视觉灵感视频：Liquid metal	page-inspiration	reference	illustration			
enter-the-unknown	插画/拟物视觉灵感视频：Enter the Unknown	page-inspiration	reference	illustration			
session-progress-and-recovery-timeline	产品界面/应用 UI灵感图片：Session progress and recovery timeline	loading	reference				
interactive-cards	网页/落地页区块灵感视频：Interactive cards.	marketing-section,layout-card	reference				
holographic-card	插画/拟物视觉灵感视频：holographic card	layout-card	reference	illustration			
infinite-faq	网页/落地页区块灵感视频：infinite faq	marketing-section	reference				
grok-bot-can-talk-now	动效/微交互灵感视频：Grok Bot can talk now	motion-transition,micro-interaction	reference				
pick-your-plan	产品界面/应用 UI灵感视频：Pick your Plan	page-inspiration	reference				
glowing-blue-orb	动效/微交互灵感视频：glowing blue orb	motion-transition,micro-interaction	reference			glow	
collection-layout	动效/微交互灵感视频：interaction collection layout	layout-card,motion-transition	reference				
pill-buttons	产品界面/应用 UI灵感视频：pill buttons	button	reference				
voice-effect	动效/微交互灵感视频：Voice effect	media,motion-transition	reference				
coding-agent	产品界面/应用 UI灵感视频：Coding agent	ai-ux	reference				
3d-gradient-cards	动效/微交互灵感视频：3D gradient cards	layout-card,motion-transition	reference	3d,gradient			
app-review	动效/微交互灵感视频：App review	motion-transition,micro-interaction	reference				
angry-sliders	动效/微交互灵感视频：angry sliders	toggle-slider,motion-transition	reference				
stamp-shader	动效/微交互灵感视频：Stamp Shader	background,motion-transition	reference	webgl			
paid-stamp	动效/微交互灵感视频：3D paid stamp	motion-transition,micro-interaction	reference	3d			
travel-app	产品界面/应用 UI灵感视频：travel app	page-inspiration	reference				
bencho-logo	品牌/图标/Logo灵感视频：Bencho logo	page-inspiration	reference				
support-analytics	产品界面/应用 UI灵感视频：Support analytics	page-inspiration	reference				
onboarding-flow	产品界面/应用 UI灵感视频：onboarding flow	empty-onboarding	reference				
dynamic-island-streak	动效/微交互灵感视频：Dynamic Island Streak	motion-transition,micro-interaction	reference				
file-upload-card	动效/微交互灵感视频：File upload card	upload,layout-card	reference				
sidebar-active-state	产品界面/应用 UI灵感视频：Sidebar Active State	navigation	reference				
unlocking-keypad	3D灵感视频：Unlocking keypad	fun-3d	reference	3d			
pigeon-online	插画/拟物视觉灵感视频：pigeon online	page-inspiration	reference	illustration			
motion-exploration	品牌/图标/Logo灵感视频：Personal brand — motion exploration	page-inspiration	reference				
stamp-style-cards	品牌/图标/Logo灵感图片：stamp-style cards	layout-card	reference				
tracking-cards	产品界面/应用 UI灵感图片：Tracking cards	layout-card	reference				
ghost-pass	动效/微交互灵感视频：ghost pass	motion-transition,micro-interaction	reference				
component-anatomy	动效/微交互灵感视频：Component Anatomy	motion-transition,micro-interaction	reference				
beveled-cards	网页/落地页区块灵感视频：beveled cards	marketing-section,layout-card	reference				
cartridge-portfolio	动效/微交互灵感视频：Cartridge portfolio	motion-transition,micro-interaction	reference				
feature-menu	网页/落地页区块灵感视频：feature menu	navigation,marketing-section	reference				
ai-prompt-bar	产品界面/应用 UI灵感视频：AI prompt bar	ai-ux	reference				
data-collect	动效/微交互灵感视频：Data Collect	motion-transition,micro-interaction	reference				
morph-shap	动效/微交互灵感视频：Morph.	motion-transition,micro-interaction	reference				
task-card	产品界面/应用 UI灵感视频：Task Card	layout-card	reference				
agent-plan	产品界面/应用 UI灵感视频：Agent Plan	ai-ux	reference				
brand-work	品牌/图标/Logo灵感图片：Brand work	page-inspiration	reference				
glassmorphism-animation	网页/落地页区块灵感视频：glassmorphism animation	marketing-section,motion-transition	reference	glass		glass	
icons-for-iphone-duo	动效/微交互灵感视频：icons for iPhone Duo	motion-transition,micro-interaction	reference				
iphone-duo-bar-icons	插画/拟物视觉灵感图片：iPhone Duo	page-inspiration	reference	illustration			
iphone-duo	动效/微交互灵感视频：This iPhone Duo animation	motion-transition,micro-interaction	reference				
orb-loom	产品界面/应用 UI灵感视频：orbloom	page-inspiration	reference				
gooey-navbar-component	动效/微交互灵感视频：navbar component	navigation,motion-transition	reference				
train-animation	网页/落地页区块灵感视频：footer train animation	marketing-section,motion-transition	reference				
tensorlake-brand	网页/落地页区块灵感视频：tensorlake brand	marketing-section	reference				
morphing-nav	产品界面/应用 UI灵感视频：morphing nav bar	navigation,motion-transition	reference				
3d-animated-cards	网页/落地页区块灵感视频：3D animated cards	marketing-section,layout-card	reference	3d			
shader-dial	动效/微交互灵感视频：Shader Dial	background,motion-transition	reference	webgl			
interactive-footer	网页/落地页区块灵感视频：interactive footer	marketing-section	reference				
liquid-glass	网页/落地页区块灵感视频：Liquid glass	marketing-section	reference	glass		glass	
sticker-footer	网页/落地页区块灵感视频：Footer	marketing-section	reference				
progress-bars	动效/微交互灵感视频：progress bars	loading,motion-transition	reference				
onboarding-screen	产品界面/应用 UI灵感视频：onboarding screen	empty-onboarding	reference				
realistic-button	插画/拟物视觉灵感视频：realistic button	button	reference	illustration			
ascii-cards	动效/微交互灵感视频：ASCII cards	layout-card,motion-transition	reference	pixel			
heic-file-upload	动效/微交互灵感视频：HEIC File Upload	upload,motion-transition	reference				
rag-pipeline	产品界面/应用 UI灵感视频：RAG Pipeline	ai-ux	reference				
bleep-app	动效/微交互灵感视频：Bleep App	motion-transition,micro-interaction	reference				
portfolio-gameboy	网页/落地页区块灵感视频：Portfolio Gameboy	marketing-section,fun-3d	reference				
mobile-gradient	动效/微交互灵感视频：Mobile Gradient UI	motion-transition,micro-interaction	reference	gradient			
gpt-6-astra	动效/微交互灵感视频：generating UI using GPT-6 Astra	motion-transition,micro-interaction	reference				
dropdown-component	产品界面/应用 UI灵感视频：Dropdown Component	select	reference				
document-signature	产品界面/应用 UI灵感视频：document signature	form-input	reference				
mechanical-macropad	3D灵感视频：mechanical macropad	fun-3d	reference	3d			
photo-folders	动效/微交互灵感视频：photos folders	media,motion-transition	reference				
portfolio-page	网页/落地页区块灵感视频：portfolio page	marketing-section	reference				
multi-action-button	动效/微交互灵感视频：multi-action button	button,motion-transition	reference				
bento-cards	网页/落地页区块灵感视频：Bento cards.	marketing-section,layout-card	reference				
follower-count	动效/微交互灵感视频：Follower Count	motion-transition,micro-interaction	reference				
time-zones	产品界面/应用 UI灵感视频：Time for different time zones	page-inspiration	reference				
boarding-pass-printer	动效/微交互灵感视频：boarding pass printer	motion-transition,micro-interaction	reference				
deploy-pipeline	产品界面/应用 UI灵感视频：Deploy Pipeline	page-inspiration	reference				
product-comps	产品界面/应用 UI灵感图片：Product comps	page-inspiration	reference				
wafer-page	网页/落地页区块灵感视频：Wafer page	marketing-section	reference				
dither-cards	动效/微交互灵感视频：Dither Cards	layout-card,motion-transition	reference				
bankito-frozen-card	动效/微交互灵感视频：bankito® frozen card	layout-card,motion-transition	reference				
hook-sidebar	产品界面/应用 UI灵感视频：Hook sidebar	navigation	reference				
sandbox-boot-sequence	产品界面/应用 UI灵感视频：Sandbox Boot Sequence	page-inspiration	reference				
maple-research-cards	品牌/图标/Logo灵感视频：Maple Research cards	search-command,layout-card	reference				
hero-section	网页/落地页区块灵感视频：Hero section	marketing-section	reference				
components-n3xt	动效/微交互灵感视频：Components N3XT	motion-transition,micro-interaction	reference				
file-management-dashboard	产品界面/应用 UI灵感图片：a file-management dashboard	page-inspiration	reference				
soft-fluid-systems	品牌/图标/Logo灵感图片：soft + fluid systems	page-inspiration	reference				
mega-menu	网页/落地页区块灵感视频：Mega Menu Animation	navigation,marketing-section	reference				
genres-filter	动效/微交互灵感视频：Genres filter	motion-transition,micro-interaction	reference				
orb-interation	动效/微交互灵感视频：Orb interaction	motion-transition,micro-interaction	reference				
1-61	动效/微交互灵感视频：Window controlled Dark mode（Featured 精选）	motion-transition,micro-interaction	reference	dark			
1-60	动效/微交互灵感视频：Ringwriter	motion-transition,micro-interaction	reference				
1-58	产品界面/应用 UI灵感视频：Mini calendar	date-time	reference				
1-57	网页/落地页区块灵感视频：404 page	marketing-section,empty-onboarding	reference				
1-55	动效/微交互灵感视频：Portfolio Boarding Pass	motion-transition,micro-interaction	reference				
1-56	品牌/图标/Logo灵感图片：Spiderman icon	page-inspiration	reference				
1-54	动效/微交互灵感视频：dropdown interaction	select,motion-transition	reference				
1-53	网页/落地页区块灵感视频：glossy orb animation	marketing-section,motion-transition	reference				
1-52	插画/拟物视觉灵感视频：curved browser tabs	navigation	reference	illustration			
1-51	动效/微交互灵感视频：Payment plans	motion-transition,micro-interaction	reference				
1-50	网页/落地页区块灵感视频：onboarding modal	overlay,marketing-section	reference				
1-49	品牌/图标/Logo灵感视频：App icon concepts	page-inspiration	reference				
1-48	产品界面/应用 UI灵感视频：Agent Handoff	ai-ux	reference				
1-47	动效/微交互灵感视频：voice note / interaction	media,motion-transition	reference				
1-46	动效/微交互灵感视频：Grid Reveal animation	layout-card,motion-transition	reference				
1-45	动效/微交互灵感视频：Event Swatch	motion-transition,micro-interaction	reference				
1-44	产品界面/应用 UI灵感视频：Meeting Finder	page-inspiration	reference				
1-43	动效/微交互灵感视频：Emotion Shader	background,motion-transition	reference	webgl			
1-42	产品界面/应用 UI灵感视频：Morphing braille loader	loading,motion-transition	reference				
1-41	动效/微交互灵感视频：A country picker	select,motion-transition	reference				
1-40	网页/落地页区块灵感视频：A bento card	marketing-section,layout-card	reference				
1-39	动效/微交互灵感视频：Watch face	motion-transition,micro-interaction	reference				
1-38	动效/微交互灵感视频：Sidebar sub menu	navigation,motion-transition	reference				
1-37	产品界面/应用 UI灵感视频：AI Agent Approval Cards	ai-ux,layout-card	reference				
1-36	动效/微交互灵感视频：Liquid metal button	button,motion-transition	reference				
1-35	动效/微交互灵感视频：Print Receipt	motion-transition,micro-interaction	reference				
1-34	产品界面/应用 UI灵感视频：card details microinteraction	layout-card,micro-interaction	reference				
1-33	网页/落地页区块灵感视频：Hero section	marketing-section	reference				
1-32	插画/拟物视觉灵感图片：Mechanical keyboard for iphone	page-inspiration	reference	illustration	keyboard		
1-31	动效/微交互灵感视频：Liquid metal button	button,motion-transition	reference				
1-30	产品界面/应用 UI灵感视频：Date Range Picker（Featured 精选）	date-time,select	reference				
1-29	动效/微交互灵感视频：Speed Slider	toggle-slider,motion-transition	reference				
1-28	插画/拟物视觉灵感图片：Liquid Glass	page-inspiration	reference	glass,illustration		glass	
1-27	动效/微交互灵感视频：Smooth scroll with lens refraction.	motion-transition,micro-interaction	reference		scroll		
1-26	3D灵感视频：Wave thinking animations	ai-ux,motion-transition	reference	3d			
1-25	网页/落地页区块灵感视频：Team section	marketing-section	reference				
1-24	动效/微交互灵感视频：Spider-Man web dropdown	select,motion-transition	reference				
1-23	动效/微交互灵感视频：We're making Grok Bot more widely available.	motion-transition,micro-interaction	reference				
1-22	动效/微交互灵感视频：wavy carousel（Featured 精选）	media,motion-transition	reference				
1-21	网页/落地页区块灵感视频：Brand story cards	marketing-section,layout-card	reference				
1-20	动效/微交互灵感视频：Toggle to premium plans	toggle-slider,motion-transition	reference				
1-19	网页/落地页区块灵感视频：Sign-Up page	auth,marketing-section	reference				
1-18	网页/落地页区块灵感图片：waitlist screen	marketing-section	reference				
1-17	产品界面/应用 UI灵感图片：analytics dashboard	page-inspiration	reference				
1-16	插画/拟物视觉灵感视频：Dark mode toggle（Featured 精选）	toggle-slider	reference	dark,illustration			
1-15	品牌/图标/Logo灵感视频：New Calendly logo	page-inspiration	reference				
1-14	动效/微交互灵感视频：Shader Stamps	background,motion-transition	reference	webgl			
1-13	网页/落地页区块灵感视频：folder component	marketing-section	reference				
1-12	动效/微交互灵感视频：Glass shader	background,motion-transition	reference	webgl,glass		glass	
1-11	3D灵感视频：A highlighter marker	fun-3d	reference	3d			
9-8	网页/落地页区块灵感视频：html-in-canvas	marketing-section	reference	canvas			
9-7	产品界面/应用 UI灵感视频：OTP	form-input	reference				
9-6	动效/微交互灵感视频：tabs animation	navigation,motion-transition	reference				
9-5	产品界面/应用 UI灵感视频：Opt-in-performance	page-inspiration	reference				
9-4	动效/微交互灵感视频：toss your note to the bin	motion-transition,micro-interaction	reference				
9-3	插画/拟物视觉灵感视频：Retro CRT	page-inspiration	reference	illustration			
9-2	动效/微交互灵感视频：status tags with glass bubble	motion-transition,micro-interaction	reference	glass		glass	
8-0	产品界面/应用 UI灵感视频：Timeline concept	page-inspiration	reference				
9-1	品牌/图标/Logo灵感图片：App icon（Featured 精选）	page-inspiration	reference				
8-9	产品界面/应用 UI灵感视频：A calendar of your life	date-time	reference				
8-8	插画/拟物视觉灵感视频：ipod AI agent	ai-ux	reference	illustration			
8-7	产品界面/应用 UI灵感图片：Apple's new macOS window controls	page-inspiration	reference				
8-1	动效/微交互灵感视频：File cabinet slide	motion-transition,micro-interaction	reference				
7-8	动效/微交互灵感视频：Shader Credit Card	background,layout-card	reference	webgl			
8-6	产品界面/应用 UI灵感视频：Invoices style	media	reference				
8-5	动效/微交互灵感视频：Liquid glass buttons	button,motion-transition	reference	glass		glass	
8-4	动效/微交互灵感视频：Same element, new position.	motion-transition,micro-interaction	reference				
8-3	动效/微交互灵感视频：Weather scrubber	motion-transition,micro-interaction	reference				
7-9	动效/微交互灵感视频：Notification Cards	feedback,layout-card	reference				
7-7	印刷/海报灵感视频：Stamp designs	page-inspiration	reference				
7-6	动效/微交互灵感视频：Delete this file	motion-transition,micro-interaction	reference				
7-5	动效/微交互灵感视频：Folder interaction	motion-transition,micro-interaction	reference				
7-4	动效/微交互灵感视频：Carousel animation	media,motion-transition	reference				
7-3	产品界面/应用 UI灵感视频：Assets overview carousel	media	reference				
7-2	插画/拟物视觉灵感图片：Sketch logo	page-inspiration	reference	illustration			
8-2	动效/微交互灵感视频：Liquid Glow Button	button,motion-transition	reference			glow	
7-1	动效/微交互灵感视频：Button motion	button,motion-transition	reference				
6-9	动效/微交互灵感视频：Thinking states	ai-ux,motion-transition	reference				
6-8	动效/微交互灵感视频：A sending animation	motion-transition,micro-interaction	reference				
6-7	插画/拟物视觉灵感视频：3D Rolling transition（Featured 精选）	motion-transition,fun-3d	reference	3d,illustration			
6-6	插画/拟物视觉灵感视频：Isometric animation	motion-transition	reference	illustration			
6-5	插画/拟物视觉灵感视频：Liquid metal	page-inspiration	reference	illustration			
6-4	网页/落地页区块灵感图片：hero concepts for a hiring platform	marketing-section	reference				
6-3	动效/微交互灵感视频：Shader Mixer	background,motion-transition	reference	webgl			
6-2	动效/微交互灵感视频：Camera transitions	motion-transition,micro-interaction	reference				
6-1	动效/微交互灵感视频：Light work	motion-transition,micro-interaction	reference				
5-9	动效/微交互灵感视频：Motion blur	motion-transition,micro-interaction	reference				
5-8	动效/微交互灵感视频：Animated thinking orb	ai-ux,motion-transition	reference				
5-7	动效/微交互灵感视频：Shader Slider	background,toggle-slider	reference	webgl			
5-6	网页/落地页区块灵感视频：Clucky Landing page	marketing-section	reference				
5-5	动效/微交互灵感视频：Book animation	motion-transition,micro-interaction	reference				
5-4	动效/微交互灵感视频：Floating cards	layout-card,motion-transition	reference				
5-3	网页/落地页区块灵感视频：Personal portfolio	marketing-section	reference				
5-2	产品界面/应用 UI灵感视频：Balance details	page-inspiration	reference				
5-1	产品界面/应用 UI灵感图片：subscription tracker calendar	date-time	reference				
4-9	产品界面/应用 UI灵感视频：Expandable Tab Bar	navigation	reference				
4-8	品牌/图标/Logo灵感图片：Brand work	page-inspiration	reference				
4-7	动效/微交互灵感视频：Receipt Printer	motion-transition,micro-interaction	reference				
4-6	网页/落地页区块灵感视频：Hero Section	marketing-section	reference				
4-5	动效/微交互灵感视频：Gooey liquid effect	motion-transition,micro-interaction	reference				
4-4	印刷/海报灵感视频：Earnings posters	page-inspiration	reference				
4-3	产品界面/应用 UI灵感视频：Weather Widget	page-inspiration	reference				
4-2	品牌/图标/Logo灵感图片：A soft-UI app icon	page-inspiration	reference				
4-1	动效/微交互灵感视频：Age Progression slider	loading,toggle-slider	reference				
3-9	动效/微交互灵感视频：A brick button	button,motion-transition	reference				
3-7	产品界面/应用 UI灵感视频：Flight Card	layout-card	reference				
3-6	产品界面/应用 UI灵感图片：Liquid glass	page-inspiration	reference	glass		glass	
3-5	动效/微交互灵感视频：Notification Cards	feedback,layout-card	reference				
3-4	产品界面/应用 UI灵感视频：Two-Step Dock Menu	navigation	reference				
3-3	网页/落地页区块灵感视频：Testimonials puzzle	marketing-section	reference				
3-2	产品界面/应用 UI灵感视频：Take your wallet everywhere.	page-inspiration	reference				
3-1	3D灵感视频：Boat loader	loading,fun-3d	reference	3d			
2-9	动效/微交互灵感视频：Jelly Switch	toggle-slider,motion-transition	reference				
2-8	动效/微交互灵感视频：AI Motion	ai-ux,motion-transition	reference				
2-7	动效/微交互灵感视频：Stamp Folder animation	motion-transition,micro-interaction	reference				
2-6	插画/拟物视觉灵感视频：e-signature field（Featured 精选）	form-input	reference	illustration			
2-5	动效/微交互灵感视频：Glowing particle burst	motion-transition,micro-interaction	reference			glow	
2-4	插画/拟物视觉灵感视频：Dynamic island lego	page-inspiration	reference	illustration			
2-3	动效/微交互灵感视频：Abstract gradient	motion-transition,micro-interaction	reference	gradient			
2-2	插画/拟物视觉灵感图片：MacOS	page-inspiration	reference	illustration			
2-1	动效/微交互灵感视频：Confidential file animation	motion-transition,micro-interaction	reference				
1-9	网页/落地页区块灵感视频：Footer.mp4	marketing-section	reference				
1-8	品牌/图标/Logo灵感视频：Nsight Studio	page-inspiration	reference				
1-7	产品界面/应用 UI灵感视频：X money	page-inspiration	reference				
1-6	动效/微交互灵感视频：Liquid Glass（Featured 精选）	motion-transition,micro-interaction	reference	glass		glass	
1-5	产品界面/应用 UI灵感视频：Date picker	date-time,select	reference				
1-4	动效/微交互灵感视频：Liquid gold	motion-transition,micro-interaction	reference				
1-3	动效/微交互灵感视频：Dither Motion	motion-transition,micro-interaction	reference				
1-2	动效/微交互灵感视频：Jelly Slider（Featured 精选）	toggle-slider,motion-transition	reference				
1-1	动效/微交互灵感视频：Brightness & volume controller	motion-transition,micro-interaction	reference				
1-visualexploration	品牌/图标/Logo灵感视频：Visual Exploration	page-inspiration	reference				
quartr-meta	印刷/海报灵感视频：Quartr x Meta Earnings	page-inspiration	reference				
404-page-2	网页/落地页区块灵感视频：404 page	marketing-section,empty-onboarding	reference				
404-page	网页/落地页区块灵感视频：404 page	marketing-section,empty-onboarding	reference				
