inspora	fluid-illumination	fluid illumination	Motion	动效/微交互灵感视频：fluid illumination	https://www.inspora.design/posts/fluid-illumination	free	reference	browser:https://www.inspora.design/posts/fluid-illumination
inspora	downloading-an-invoice	downloading an invoice	Product	产品界面/应用 UI灵感视频：downloading an invoice	https://www.inspora.design/posts/downloading-an-invoice	free	reference	browser:https://www.inspora.design/posts/downloading-an-invoice
inspora	color-text-in-notes	color text in Notes	Motion	动效/微交互灵感视频：color text in Notes	https://www.inspora.design/posts/color-text-in-notes	free	reference	browser:https://www.inspora.design/posts/color-text-in-notes
inspora	model-router	Model router	Product	产品界面/应用 UI灵感视频：Model router	https://www.inspora.design/posts/model-router	free	reference	browser:https://www.inspora.design/posts/model-router
inspora	glass-circle-with-a-gradient	glass circle with a gradient	Product	产品界面/应用 UI灵感图片：glass circle with a gradient	https://www.inspora.design/posts/glass-circle-with-a-gradient	free	reference	browser:https://www.inspora.design/posts/glass-circle-with-a-gradient
inspora	airport-matrix-time	Airport matrix time	Motion	动效/微交互灵感视频：Airport matrix time	https://www.inspora.design/posts/airport-matrix-time	free	reference	browser:https://www.inspora.design/posts/airport-matrix-time
inspora	hairlines-v2	hairlines v0.2	Illustration	插画/拟物视觉灵感视频：hairlines v0.2	https://www.inspora.design/posts/hairlines-v2	free	reference	browser:https://www.inspora.design/posts/hairlines-v2
inspora	isometric-ai-computer	isometric AI computer	Illustration	插画/拟物视觉灵感视频：isometric AI computer	https://www.inspora.design/posts/isometric-ai-computer	free	reference	browser:https://www.inspora.design/posts/isometric-ai-computer
inspora	run-to-the-hills	run to the hills	Illustration	插画/拟物视觉灵感视频：run to the hills	https://www.inspora.design/posts/run-to-the-hills	free	reference	browser:https://www.inspora.design/posts/run-to-the-hills
inspora	agent-cards	Agent cards	Product	产品界面/应用 UI灵感图片：Agent cards	https://www.inspora.design/posts/agent-cards	free	reference	browser:https://www.inspora.design/posts/agent-cards
inspora	ai-ends-motion-hiring	AI ends motion hiring.	Motion	动效/微交互灵感视频：AI ends motion hiring.	https://www.inspora.design/posts/ai-ends-motion-hiring	free	reference	browser:https://www.inspora.design/posts/ai-ends-motion-hiring
inspora	footer-section	footer section	Web	网页/落地页区块灵感图片：footer section	https://www.inspora.design/posts/footer-section	free	reference	browser:https://www.inspora.design/posts/footer-section
inspora	dither-and-ascii-card	Dither and Ascii card	Motion	动效/微交互灵感视频：Dither and Ascii card	https://www.inspora.design/posts/dither-and-ascii-card	free	reference	browser:https://www.inspora.design/posts/dither-and-ascii-card
inspora	anthropomorphic-brand-character	anthropomorphic brand character.	Branding	品牌/图标/Logo灵感视频：anthropomorphic brand character.	https://www.inspora.design/posts/anthropomorphic-brand-character	free	reference	browser:https://www.inspora.design/posts/anthropomorphic-brand-character
inspora	iquid-metal	liquid metal	Motion	动效/微交互灵感视频：liquid metal	https://www.inspora.design/posts/iquid-metal	free	reference	browser:https://www.inspora.design/posts/iquid-metal
inspora	i-will-survive	I will survive	Illustration	插画/拟物视觉灵感视频：I will survive	https://www.inspora.design/posts/i-will-survive	free	reference	browser:https://www.inspora.design/posts/i-will-survive
inspora	a-lightweight-portfolio	A lightweight portfolio	Web	网页/落地页区块灵感视频：A lightweight portfolio	https://www.inspora.design/posts/a-lightweight-portfolio	free	reference	browser:https://www.inspora.design/posts/a-lightweight-portfolio
inspora	melon-jelly	Melon Jelly	Web	网页/落地页区块灵感视频：Melon Jelly	https://www.inspora.design/posts/melon-jelly	free	reference	browser:https://www.inspora.design/posts/melon-jelly
inspora	voice-model	voice model	Motion	动效/微交互灵感视频：voice model	https://www.inspora.design/posts/voice-model	free	reference	browser:https://www.inspora.design/posts/voice-model
inspora	personal-site	personal site	Web	网页/落地页区块灵感视频：personal site	https://www.inspora.design/posts/personal-site	free	reference	browser:https://www.inspora.design/posts/personal-site
inspora	fluid-liquid-card-carousel	Fluid liquid card carousel.	Motion	动效/微交互灵感视频：Fluid liquid card carousel.	https://www.inspora.design/posts/fluid-liquid-card-carousel	free	reference	browser:https://www.inspora.design/posts/fluid-liquid-card-carousel
inspora	ai-keychain	AI keychain.	Motion	动效/微交互灵感视频：AI keychain.	https://www.inspora.design/posts/ai-keychain	free	reference	browser:https://www.inspora.design/posts/ai-keychain
inspora	thanos-snap-ticket	Thanos snap ticket	Motion	动效/微交互灵感视频：Thanos snap ticket	https://www.inspora.design/posts/thanos-snap-ticket	free	reference	browser:https://www.inspora.design/posts/thanos-snap-ticket
inspora	apple-style-level-components	apple style level components	Motion	动效/微交互灵感视频：apple style level components	https://www.inspora.design/posts/apple-style-level-components	free	reference	browser:https://www.inspora.design/posts/apple-style-level-components
inspora	progress-bar-animation	progress bar animation	Motion	动效/微交互灵感视频：progress bar animation	https://www.inspora.design/posts/progress-bar-animation	free	reference	browser:https://www.inspora.design/posts/progress-bar-animation
inspora	quiet-overlapping-clocks	Quiet overlapping clocks	Product	产品界面/应用 UI灵感图片：Quiet overlapping clocks	https://www.inspora.design/posts/quiet-overlapping-clocks	free	reference	browser:https://www.inspora.design/posts/quiet-overlapping-clocks
inspora	a-calendar-booking-page	a calendar booking page	Product	产品界面/应用 UI灵感视频：a calendar booking page	https://www.inspora.design/posts/a-calendar-booking-page	free	reference	browser:https://www.inspora.design/posts/a-calendar-booking-page
inspora	tiny-animated-svg	Tiny animated SVG	Motion	动效/微交互灵感视频：Tiny animated SVG	https://www.inspora.design/posts/tiny-animated-svg	free	reference	browser:https://www.inspora.design/posts/tiny-animated-svg
inspora	blurry-pioneer-interfaces	Blurry Pioneer interfaces	Product	产品界面/应用 UI灵感图片：Blurry Pioneer interfaces	https://www.inspora.design/posts/blurry-pioneer-interfaces	free	reference	browser:https://www.inspora.design/posts/blurry-pioneer-interfaces
inspora	wos-island-animations	WOS Island Animations	Motion	动效/微交互灵感视频：WOS Island Animations	https://www.inspora.design/posts/wos-island-animations	free	reference	browser:https://www.inspora.design/posts/wos-island-animations
inspora	i-want-to-run-again	I want to run again	Illustration	插画/拟物视觉灵感视频：I want to run again	https://www.inspora.design/posts/i-want-to-run-again	free	reference	browser:https://www.inspora.design/posts/i-want-to-run-again
inspora	look-away-preview	Look Away preview	Product	产品界面/应用 UI灵感视频：Look Away preview	https://www.inspora.design/posts/look-away-preview	free	reference	browser:https://www.inspora.design/posts/look-away-preview
inspora	lookaway-ios	LookAway iOS	Motion	动效/微交互灵感视频：LookAway iOS	https://www.inspora.design/posts/lookaway-ios	free	reference	browser:https://www.inspora.design/posts/lookaway-ios
inspora	ai-scheduler	AI scheduler	Product	产品界面/应用 UI灵感视频：AI scheduler	https://www.inspora.design/posts/ai-scheduler	free	reference	browser:https://www.inspora.design/posts/ai-scheduler
inspora	eleven-v4	Eleven v4	Motion	动效/微交互灵感视频：Eleven v4	https://www.inspora.design/posts/eleven-v4	free	reference	browser:https://www.inspora.design/posts/eleven-v4
inspora	vintage-stamp-collage	Vintage stamp collage	Print	印刷/海报灵感视频：Vintage stamp collage	https://www.inspora.design/posts/vintage-stamp-collage	free	reference	browser:https://www.inspora.design/posts/vintage-stamp-collage
inspora	glowing-loader	glowing loader	Motion	动效/微交互灵感视频：glowing loader	https://www.inspora.design/posts/glowing-loader	free	reference	browser:https://www.inspora.design/posts/glowing-loader
inspora	artistic-fintech	Artistic fintech UI	Product	产品界面/应用 UI灵感视频：Artistic fintech UI	https://www.inspora.design/posts/artistic-fintech	free	reference	browser:https://www.inspora.design/posts/artistic-fintech
inspora	sticky-note-app	Sticky-note app	Product	产品界面/应用 UI灵感视频：Sticky-note app	https://www.inspora.design/posts/sticky-note-app	free	reference	browser:https://www.inspora.design/posts/sticky-note-app
inspora	order-status-card	order-status card	Motion	动效/微交互灵感视频：order-status card	https://www.inspora.design/posts/order-status-card	free	reference	browser:https://www.inspora.design/posts/order-status-card
inspora	temperature-as-a-material	Temperature as a material.	Product	产品界面/应用 UI灵感图片：Temperature as a material.	https://www.inspora.design/posts/temperature-as-a-material	free	reference	browser:https://www.inspora.design/posts/temperature-as-a-material
inspora	bright-candy-icons	bright candy icons	Branding	品牌/图标/Logo灵感图片：bright candy icons	https://www.inspora.design/posts/bright-candy-icons	free	reference	browser:https://www.inspora.design/posts/bright-candy-icons
inspora	audience-data	audience data	Product	产品界面/应用 UI灵感视频：audience data	https://www.inspora.design/posts/audience-data	free	reference	browser:https://www.inspora.design/posts/audience-data
inspora	paperclip-interaction	Paperclip interaction	Product	产品界面/应用 UI灵感视频：Paperclip interaction	https://www.inspora.design/posts/paperclip-interaction	free	reference	browser:https://www.inspora.design/posts/paperclip-interaction
inspora	dynamic-island-pixel-art-horse	Dynamic Island pixel-art horse	Motion	动效/微交互灵感视频：Dynamic Island pixel-art horse	https://www.inspora.design/posts/dynamic-island-pixel-art-horse	free	reference	browser:https://www.inspora.design/posts/dynamic-island-pixel-art-horse
inspora	medicine-to-my-soul	medicine to my soul	Illustration	插画/拟物视觉灵感视频：medicine to my soul	https://www.inspora.design/posts/medicine-to-my-soul	free	reference	browser:https://www.inspora.design/posts/medicine-to-my-soul
inspora	club-playing-cards	club playing cards	Motion	动效/微交互灵感视频：club playing cards	https://www.inspora.design/posts/club-playing-cards	free	reference	browser:https://www.inspora.design/posts/club-playing-cards
inspora	3d-interactive-cassette-tape	3D interactive cassette-tape	Motion	动效/微交互灵感视频：3D interactive cassette-tape	https://www.inspora.design/posts/3d-interactive-cassette-tape	free	reference	browser:https://www.inspora.design/posts/3d-interactive-cassette-tape
inspora	the-lord-of-horses	The Lord of Horses.	Motion	动效/微交互灵感视频：The Lord of Horses.	https://www.inspora.design/posts/the-lord-of-horses	free	reference	browser:https://www.inspora.design/posts/the-lord-of-horses
inspora	handmade-icons	Handmade icons	Branding	品牌/图标/Logo灵感视频：Handmade icons	https://www.inspora.design/posts/handmade-icons	free	reference	browser:https://www.inspora.design/posts/handmade-icons
inspora	invite-code-interaction	invite code interaction	Motion	动效/微交互灵感视频：invite code interaction	https://www.inspora.design/posts/invite-code-interaction	free	reference	browser:https://www.inspora.design/posts/invite-code-interaction
inspora	portfolio	portfolio	Web	网页/落地页区块灵感视频：portfolio	https://www.inspora.design/posts/portfolio	free	reference	browser:https://www.inspora.design/posts/portfolio
inspora	chat-component-interaction	Chat component interaction	Product	产品界面/应用 UI灵感视频：Chat component interaction	https://www.inspora.design/posts/chat-component-interaction	free	reference	browser:https://www.inspora.design/posts/chat-component-interaction
inspora	onboarding	Onboarding	Motion	动效/微交互灵感视频：Onboarding	https://www.inspora.design/posts/onboarding	free	reference	browser:https://www.inspora.design/posts/onboarding
inspora	folder-icon-timeline	macOS Folder Icon Timeline	Motion	动效/微交互灵感视频：macOS Folder Icon Timeline	https://www.inspora.design/posts/folder-icon-timeline	free	reference	browser:https://www.inspora.design/posts/folder-icon-timeline
inspora	ticket-stub	ticket stub	Motion	动效/微交互灵感视频：ticket stub	https://www.inspora.design/posts/ticket-stub	free	reference	browser:https://www.inspora.design/posts/ticket-stub
inspora	composer-mockup	composer mockup	Motion	动效/微交互灵感视频：composer mockup	https://www.inspora.design/posts/composer-mockup	free	reference	browser:https://www.inspora.design/posts/composer-mockup
inspora	folder-interaction	folder interaction	Motion	动效/微交互灵感视频：folder interaction	https://www.inspora.design/posts/folder-interaction	free	reference	browser:https://www.inspora.design/posts/folder-interaction
inspora	tap-get-invoice	Tap Get Invoice	Motion	动效/微交互灵感视频：Tap Get Invoice	https://www.inspora.design/posts/tap-get-invoice	free	reference	browser:https://www.inspora.design/posts/tap-get-invoice
inspora	dessn-welcome-envelope	DESSN welcome envelope	Motion	动效/微交互灵感视频：DESSN welcome envelope	https://www.inspora.design/posts/dessn-welcome-envelope	free	reference	browser:https://www.inspora.design/posts/dessn-welcome-envelope
inspora	scenic-footer-section	Scenic Footer Section	Web	网页/落地页区块灵感视频：Scenic Footer Section	https://www.inspora.design/posts/scenic-footer-section	free	reference	browser:https://www.inspora.design/posts/scenic-footer-section
inspora	payment-links	payment links	Product	产品界面/应用 UI灵感视频：payment links	https://www.inspora.design/posts/payment-links	free	reference	browser:https://www.inspora.design/posts/payment-links
inspora	hypnotizing-ui	hypnotizing UI	Motion	动效/微交互灵感视频：hypnotizing UI	https://www.inspora.design/posts/hypnotizing-ui	free	reference	browser:https://www.inspora.design/posts/hypnotizing-ui
inspora	liquid-metal	Liquid metal	Illustration	插画/拟物视觉灵感视频：Liquid metal	https://www.inspora.design/posts/liquid-metal	free	reference	browser:https://www.inspora.design/posts/liquid-metal
inspora	enter-the-unknown	Enter the Unknown	Illustration	插画/拟物视觉灵感视频：Enter the Unknown	https://www.inspora.design/posts/enter-the-unknown	free	reference	browser:https://www.inspora.design/posts/enter-the-unknown
inspora	session-progress-and-recovery-timeline	Session progress and recovery timeline	Product	产品界面/应用 UI灵感图片：Session progress and recovery timeline	https://www.inspora.design/posts/session-progress-and-recovery-timeline	free	reference	browser:https://www.inspora.design/posts/session-progress-and-recovery-timeline
inspora	interactive-cards	Interactive cards.	Web	网页/落地页区块灵感视频：Interactive cards.	https://www.inspora.design/posts/interactive-cards	free	reference	browser:https://www.inspora.design/posts/interactive-cards
inspora	holographic-card	holographic card	Illustration	插画/拟物视觉灵感视频：holographic card	https://www.inspora.design/posts/holographic-card	free	reference	browser:https://www.inspora.design/posts/holographic-card
inspora	infinite-faq	infinite faq	Web	网页/落地页区块灵感视频：infinite faq	https://www.inspora.design/posts/infinite-faq	free	reference	browser:https://www.inspora.design/posts/infinite-faq
inspora	grok-bot-can-talk-now	Grok Bot can talk now	Motion	动效/微交互灵感视频：Grok Bot can talk now	https://www.inspora.design/posts/grok-bot-can-talk-now	free	reference	browser:https://www.inspora.design/posts/grok-bot-can-talk-now
inspora	pick-your-plan	Pick your Plan	Product	产品界面/应用 UI灵感视频：Pick your Plan	https://www.inspora.design/posts/pick-your-plan	free	reference	browser:https://www.inspora.design/posts/pick-your-plan
inspora	glowing-blue-orb	glowing blue orb	Motion	动效/微交互灵感视频：glowing blue orb	https://www.inspora.design/posts/glowing-blue-orb	free	reference	browser:https://www.inspora.design/posts/glowing-blue-orb
inspora	collection-layout	interaction collection layout	Motion	动效/微交互灵感视频：interaction collection layout	https://www.inspora.design/posts/collection-layout	free	reference	browser:https://www.inspora.design/posts/collection-layout
inspora	pill-buttons	pill buttons	Product	产品界面/应用 UI灵感视频：pill buttons	https://www.inspora.design/posts/pill-buttons	free	reference	browser:https://www.inspora.design/posts/pill-buttons
inspora	voice-effect	Voice effect	Motion	动效/微交互灵感视频：Voice effect	https://www.inspora.design/posts/voice-effect	free	reference	browser:https://www.inspora.design/posts/voice-effect
inspora	coding-agent	Coding agent	Product	产品界面/应用 UI灵感视频：Coding agent	https://www.inspora.design/posts/coding-agent	free	reference	browser:https://www.inspora.design/posts/coding-agent
inspora	3d-gradient-cards	3D gradient cards	Motion	动效/微交互灵感视频：3D gradient cards	https://www.inspora.design/posts/3d-gradient-cards	free	reference	browser:https://www.inspora.design/posts/3d-gradient-cards
inspora	app-review	App review	Motion	动效/微交互灵感视频：App review	https://www.inspora.design/posts/app-review	free	reference	browser:https://www.inspora.design/posts/app-review
inspora	angry-sliders	angry sliders	Motion	动效/微交互灵感视频：angry sliders	https://www.inspora.design/posts/angry-sliders	free	reference	browser:https://www.inspora.design/posts/angry-sliders
inspora	stamp-shader	Stamp Shader	Motion	动效/微交互灵感视频：Stamp Shader	https://www.inspora.design/posts/stamp-shader	free	reference	browser:https://www.inspora.design/posts/stamp-shader
inspora	paid-stamp	3D paid stamp	Motion	动效/微交互灵感视频：3D paid stamp	https://www.inspora.design/posts/paid-stamp	free	reference	browser:https://www.inspora.design/posts/paid-stamp
inspora	travel-app	travel app	Product	产品界面/应用 UI灵感视频：travel app	https://www.inspora.design/posts/travel-app	free	reference	browser:https://www.inspora.design/posts/travel-app
inspora	bencho-logo	Bencho logo	Branding	品牌/图标/Logo灵感视频：Bencho logo	https://www.inspora.design/posts/bencho-logo	free	reference	browser:https://www.inspora.design/posts/bencho-logo
inspora	support-analytics	Support analytics	Product	产品界面/应用 UI灵感视频：Support analytics	https://www.inspora.design/posts/support-analytics	free	reference	browser:https://www.inspora.design/posts/support-analytics
inspora	onboarding-flow	onboarding flow	Product	产品界面/应用 UI灵感视频：onboarding flow	https://www.inspora.design/posts/onboarding-flow	free	reference	browser:https://www.inspora.design/posts/onboarding-flow
inspora	dynamic-island-streak	Dynamic Island Streak	Motion	动效/微交互灵感视频：Dynamic Island Streak	https://www.inspora.design/posts/dynamic-island-streak	free	reference	browser:https://www.inspora.design/posts/dynamic-island-streak
inspora	file-upload-card	File upload card	Motion	动效/微交互灵感视频：File upload card	https://www.inspora.design/posts/file-upload-card	free	reference	browser:https://www.inspora.design/posts/file-upload-card
inspora	sidebar-active-state	Sidebar Active State	Product	产品界面/应用 UI灵感视频：Sidebar Active State	https://www.inspora.design/posts/sidebar-active-state	free	reference	browser:https://www.inspora.design/posts/sidebar-active-state
inspora	unlocking-keypad	Unlocking keypad	3D	3D灵感视频：Unlocking keypad	https://www.inspora.design/posts/unlocking-keypad	free	reference	browser:https://www.inspora.design/posts/unlocking-keypad
inspora	pigeon-online	pigeon online	Illustration	插画/拟物视觉灵感视频：pigeon online	https://www.inspora.design/posts/pigeon-online	free	reference	browser:https://www.inspora.design/posts/pigeon-online
inspora	motion-exploration	Personal brand — motion exploration	Branding	品牌/图标/Logo灵感视频：Personal brand — motion exploration	https://www.inspora.design/posts/motion-exploration	free	reference	browser:https://www.inspora.design/posts/motion-exploration
inspora	stamp-style-cards	stamp-style cards	Branding	品牌/图标/Logo灵感图片：stamp-style cards	https://www.inspora.design/posts/stamp-style-cards	free	reference	browser:https://www.inspora.design/posts/stamp-style-cards
inspora	tracking-cards	Tracking cards	Product	产品界面/应用 UI灵感图片：Tracking cards	https://www.inspora.design/posts/tracking-cards	free	reference	browser:https://www.inspora.design/posts/tracking-cards
inspora	ghost-pass	ghost pass	Motion	动效/微交互灵感视频：ghost pass	https://www.inspora.design/posts/ghost-pass	free	reference	browser:https://www.inspora.design/posts/ghost-pass
inspora	component-anatomy	Component Anatomy	Motion	动效/微交互灵感视频：Component Anatomy	https://www.inspora.design/posts/component-anatomy	free	reference	browser:https://www.inspora.design/posts/component-anatomy
inspora	beveled-cards	beveled cards	Web	网页/落地页区块灵感视频：beveled cards	https://www.inspora.design/posts/beveled-cards	free	reference	browser:https://www.inspora.design/posts/beveled-cards
inspora	cartridge-portfolio	Cartridge portfolio	Motion	动效/微交互灵感视频：Cartridge portfolio	https://www.inspora.design/posts/cartridge-portfolio	free	reference	browser:https://www.inspora.design/posts/cartridge-portfolio
inspora	feature-menu	feature menu	Web	网页/落地页区块灵感视频：feature menu	https://www.inspora.design/posts/feature-menu	free	reference	browser:https://www.inspora.design/posts/feature-menu
inspora	ai-prompt-bar	AI prompt bar	Product	产品界面/应用 UI灵感视频：AI prompt bar	https://www.inspora.design/posts/ai-prompt-bar	free	reference	browser:https://www.inspora.design/posts/ai-prompt-bar
inspora	data-collect	Data Collect	Motion	动效/微交互灵感视频：Data Collect	https://www.inspora.design/posts/data-collect	free	reference	browser:https://www.inspora.design/posts/data-collect
inspora	morph-shap	Morph.	Motion	动效/微交互灵感视频：Morph.	https://www.inspora.design/posts/morph-shap	free	reference	browser:https://www.inspora.design/posts/morph-shap
inspora	task-card	Task Card	Product	产品界面/应用 UI灵感视频：Task Card	https://www.inspora.design/posts/task-card	free	reference	browser:https://www.inspora.design/posts/task-card
inspora	agent-plan	Agent Plan	Product	产品界面/应用 UI灵感视频：Agent Plan	https://www.inspora.design/posts/agent-plan	free	reference	browser:https://www.inspora.design/posts/agent-plan
inspora	brand-work	Brand work	Branding	品牌/图标/Logo灵感图片：Brand work	https://www.inspora.design/posts/brand-work	free	reference	browser:https://www.inspora.design/posts/brand-work
inspora	glassmorphism-animation	glassmorphism animation	Web	网页/落地页区块灵感视频：glassmorphism animation	https://www.inspora.design/posts/glassmorphism-animation	free	reference	browser:https://www.inspora.design/posts/glassmorphism-animation
inspora	icons-for-iphone-duo	icons for iPhone Duo	Motion	动效/微交互灵感视频：icons for iPhone Duo	https://www.inspora.design/posts/icons-for-iphone-duo	free	reference	browser:https://www.inspora.design/posts/icons-for-iphone-duo
inspora	iphone-duo-bar-icons	iPhone Duo	Illustration	插画/拟物视觉灵感图片：iPhone Duo	https://www.inspora.design/posts/iphone-duo-bar-icons	free	reference	browser:https://www.inspora.design/posts/iphone-duo-bar-icons
inspora	iphone-duo	This iPhone Duo animation	Motion	动效/微交互灵感视频：This iPhone Duo animation	https://www.inspora.design/posts/iphone-duo	free	reference	browser:https://www.inspora.design/posts/iphone-duo
inspora	orb-loom	orbloom	Product	产品界面/应用 UI灵感视频：orbloom	https://www.inspora.design/posts/orb-loom	free	reference	browser:https://www.inspora.design/posts/orb-loom
inspora	gooey-navbar-component	navbar component	Motion	动效/微交互灵感视频：navbar component	https://www.inspora.design/posts/gooey-navbar-component	free	reference	browser:https://www.inspora.design/posts/gooey-navbar-component
inspora	train-animation	footer train animation	Web	网页/落地页区块灵感视频：footer train animation	https://www.inspora.design/posts/train-animation	free	reference	browser:https://www.inspora.design/posts/train-animation
inspora	tensorlake-brand	tensorlake brand	Web	网页/落地页区块灵感视频：tensorlake brand	https://www.inspora.design/posts/tensorlake-brand	free	reference	browser:https://www.inspora.design/posts/tensorlake-brand
inspora	morphing-nav	morphing nav bar	Product	产品界面/应用 UI灵感视频：morphing nav bar	https://www.inspora.design/posts/morphing-nav	free	reference	browser:https://www.inspora.design/posts/morphing-nav
inspora	3d-animated-cards	3D animated cards	Web	网页/落地页区块灵感视频：3D animated cards	https://www.inspora.design/posts/3d-animated-cards	free	reference	browser:https://www.inspora.design/posts/3d-animated-cards
inspora	shader-dial	Shader Dial	Motion	动效/微交互灵感视频：Shader Dial	https://www.inspora.design/posts/shader-dial	free	reference	browser:https://www.inspora.design/posts/shader-dial
inspora	interactive-footer	interactive footer	Web	网页/落地页区块灵感视频：interactive footer	https://www.inspora.design/posts/interactive-footer	free	reference	browser:https://www.inspora.design/posts/interactive-footer
inspora	liquid-glass	Liquid glass	Web	网页/落地页区块灵感视频：Liquid glass	https://www.inspora.design/posts/liquid-glass	free	reference	browser:https://www.inspora.design/posts/liquid-glass
inspora	sticker-footer	Footer	Web	网页/落地页区块灵感视频：Footer	https://www.inspora.design/posts/sticker-footer	free	reference	browser:https://www.inspora.design/posts/sticker-footer
inspora	progress-bars	progress bars	Motion	动效/微交互灵感视频：progress bars	https://www.inspora.design/posts/progress-bars	free	reference	browser:https://www.inspora.design/posts/progress-bars
inspora	onboarding-screen	onboarding screen	Product	产品界面/应用 UI灵感视频：onboarding screen	https://www.inspora.design/posts/onboarding-screen	free	reference	browser:https://www.inspora.design/posts/onboarding-screen
inspora	realistic-button	realistic button	Illustration	插画/拟物视觉灵感视频：realistic button	https://www.inspora.design/posts/realistic-button	free	reference	browser:https://www.inspora.design/posts/realistic-button
inspora	ascii-cards	ASCII cards	Motion	动效/微交互灵感视频：ASCII cards	https://www.inspora.design/posts/ascii-cards	free	reference	browser:https://www.inspora.design/posts/ascii-cards
inspora	heic-file-upload	HEIC File Upload	Motion	动效/微交互灵感视频：HEIC File Upload	https://www.inspora.design/posts/heic-file-upload	free	reference	browser:https://www.inspora.design/posts/heic-file-upload
inspora	rag-pipeline	RAG Pipeline	Product	产品界面/应用 UI灵感视频：RAG Pipeline	https://www.inspora.design/posts/rag-pipeline	free	reference	browser:https://www.inspora.design/posts/rag-pipeline
inspora	bleep-app	Bleep App	Motion	动效/微交互灵感视频：Bleep App	https://www.inspora.design/posts/bleep-app	free	reference	browser:https://www.inspora.design/posts/bleep-app
inspora	portfolio-gameboy	Portfolio Gameboy	Web	网页/落地页区块灵感视频：Portfolio Gameboy	https://www.inspora.design/posts/portfolio-gameboy	free	reference	browser:https://www.inspora.design/posts/portfolio-gameboy
inspora	mobile-gradient	Mobile Gradient UI	Motion	动效/微交互灵感视频：Mobile Gradient UI	https://www.inspora.design/posts/mobile-gradient	free	reference	browser:https://www.inspora.design/posts/mobile-gradient
inspora	gpt-6-astra	generating UI using GPT-6 Astra	Motion	动效/微交互灵感视频：generating UI using GPT-6 Astra	https://www.inspora.design/posts/gpt-6-astra	free	reference	browser:https://www.inspora.design/posts/gpt-6-astra
inspora	dropdown-component	Dropdown Component	Product	产品界面/应用 UI灵感视频：Dropdown Component	https://www.inspora.design/posts/dropdown-component	free	reference	browser:https://www.inspora.design/posts/dropdown-component
inspora	document-signature	document signature	Product	产品界面/应用 UI灵感视频：document signature	https://www.inspora.design/posts/document-signature	free	reference	browser:https://www.inspora.design/posts/document-signature
inspora	mechanical-macropad	mechanical macropad	3D	3D灵感视频：mechanical macropad	https://www.inspora.design/posts/mechanical-macropad	free	reference	browser:https://www.inspora.design/posts/mechanical-macropad
inspora	photo-folders	photos folders	Motion	动效/微交互灵感视频：photos folders	https://www.inspora.design/posts/photo-folders	free	reference	browser:https://www.inspora.design/posts/photo-folders
inspora	portfolio-page	portfolio page	Web	网页/落地页区块灵感视频：portfolio page	https://www.inspora.design/posts/portfolio-page	free	reference	browser:https://www.inspora.design/posts/portfolio-page
inspora	multi-action-button	multi-action button	Motion	动效/微交互灵感视频：multi-action button	https://www.inspora.design/posts/multi-action-button	free	reference	browser:https://www.inspora.design/posts/multi-action-button
inspora	bento-cards	Bento cards.	Web	网页/落地页区块灵感视频：Bento cards.	https://www.inspora.design/posts/bento-cards	free	reference	browser:https://www.inspora.design/posts/bento-cards
inspora	follower-count	Follower Count	Motion	动效/微交互灵感视频：Follower Count	https://www.inspora.design/posts/follower-count	free	reference	browser:https://www.inspora.design/posts/follower-count
inspora	time-zones	Time for different time zones	Product	产品界面/应用 UI灵感视频：Time for different time zones	https://www.inspora.design/posts/time-zones	free	reference	browser:https://www.inspora.design/posts/time-zones
inspora	boarding-pass-printer	boarding pass printer	Motion	动效/微交互灵感视频：boarding pass printer	https://www.inspora.design/posts/boarding-pass-printer	free	reference	browser:https://www.inspora.design/posts/boarding-pass-printer
inspora	deploy-pipeline	Deploy Pipeline	Product	产品界面/应用 UI灵感视频：Deploy Pipeline	https://www.inspora.design/posts/deploy-pipeline	free	reference	browser:https://www.inspora.design/posts/deploy-pipeline
inspora	product-comps	Product comps	Product	产品界面/应用 UI灵感图片：Product comps	https://www.inspora.design/posts/product-comps	free	reference	browser:https://www.inspora.design/posts/product-comps
inspora	wafer-page	Wafer page	Web	网页/落地页区块灵感视频：Wafer page	https://www.inspora.design/posts/wafer-page	free	reference	browser:https://www.inspora.design/posts/wafer-page
inspora	dither-cards	Dither Cards	Motion	动效/微交互灵感视频：Dither Cards	https://www.inspora.design/posts/dither-cards	free	reference	browser:https://www.inspora.design/posts/dither-cards
inspora	bankito-frozen-card	bankito® frozen card	Motion	动效/微交互灵感视频：bankito® frozen card	https://www.inspora.design/posts/bankito-frozen-card	free	reference	browser:https://www.inspora.design/posts/bankito-frozen-card
inspora	hook-sidebar	Hook sidebar	Product	产品界面/应用 UI灵感视频：Hook sidebar	https://www.inspora.design/posts/hook-sidebar	free	reference	browser:https://www.inspora.design/posts/hook-sidebar
inspora	sandbox-boot-sequence	Sandbox Boot Sequence	Product	产品界面/应用 UI灵感视频：Sandbox Boot Sequence	https://www.inspora.design/posts/sandbox-boot-sequence	free	reference	browser:https://www.inspora.design/posts/sandbox-boot-sequence
inspora	maple-research-cards	Maple Research cards	Branding	品牌/图标/Logo灵感视频：Maple Research cards	https://www.inspora.design/posts/maple-research-cards	free	reference	browser:https://www.inspora.design/posts/maple-research-cards
inspora	hero-section	Hero section	Web	网页/落地页区块灵感视频：Hero section	https://www.inspora.design/posts/hero-section	free	reference	browser:https://www.inspora.design/posts/hero-section
inspora	components-n3xt	Components N3XT	Motion	动效/微交互灵感视频：Components N3XT	https://www.inspora.design/posts/components-n3xt	free	reference	browser:https://www.inspora.design/posts/components-n3xt
inspora	file-management-dashboard	a file-management dashboard	Product	产品界面/应用 UI灵感图片：a file-management dashboard	https://www.inspora.design/posts/file-management-dashboard	free	reference	browser:https://www.inspora.design/posts/file-management-dashboard
inspora	soft-fluid-systems	soft + fluid systems	Branding	品牌/图标/Logo灵感图片：soft + fluid systems	https://www.inspora.design/posts/soft-fluid-systems	free	reference	browser:https://www.inspora.design/posts/soft-fluid-systems
inspora	mega-menu	Mega Menu Animation	Web	网页/落地页区块灵感视频：Mega Menu Animation	https://www.inspora.design/posts/mega-menu	free	reference	browser:https://www.inspora.design/posts/mega-menu
inspora	genres-filter	Genres filter	Motion	动效/微交互灵感视频：Genres filter	https://www.inspora.design/posts/genres-filter	free	reference	browser:https://www.inspora.design/posts/genres-filter
inspora	orb-interation	Orb interaction	Motion	动效/微交互灵感视频：Orb interaction	https://www.inspora.design/posts/orb-interation	free	reference	browser:https://www.inspora.design/posts/orb-interation
inspora	1-61	Window controlled Dark mode	Motion	动效/微交互灵感视频：Window controlled Dark mode（Featured 精选）	https://www.inspora.design/posts/1-61	free	reference	browser:https://www.inspora.design/posts/1-61
inspora	1-60	Ringwriter	Motion	动效/微交互灵感视频：Ringwriter	https://www.inspora.design/posts/1-60	free	reference	browser:https://www.inspora.design/posts/1-60
inspora	1-58	Mini calendar	Product	产品界面/应用 UI灵感视频：Mini calendar	https://www.inspora.design/posts/1-58	free	reference	browser:https://www.inspora.design/posts/1-58
inspora	1-57	404 page	Web	网页/落地页区块灵感视频：404 page	https://www.inspora.design/posts/1-57	free	reference	browser:https://www.inspora.design/posts/1-57
inspora	1-55	Portfolio Boarding Pass	Motion	动效/微交互灵感视频：Portfolio Boarding Pass	https://www.inspora.design/posts/1-55	free	reference	browser:https://www.inspora.design/posts/1-55
inspora	1-56	Spiderman icon	Branding	品牌/图标/Logo灵感图片：Spiderman icon	https://www.inspora.design/posts/1-56	free	reference	browser:https://www.inspora.design/posts/1-56
inspora	1-54	dropdown interaction	Motion	动效/微交互灵感视频：dropdown interaction	https://www.inspora.design/posts/1-54	free	reference	browser:https://www.inspora.design/posts/1-54
inspora	1-53	glossy orb animation	Web	网页/落地页区块灵感视频：glossy orb animation	https://www.inspora.design/posts/1-53	free	reference	browser:https://www.inspora.design/posts/1-53
inspora	1-52	curved browser tabs	Illustration	插画/拟物视觉灵感视频：curved browser tabs	https://www.inspora.design/posts/1-52	free	reference	browser:https://www.inspora.design/posts/1-52
inspora	1-51	Payment plans	Motion	动效/微交互灵感视频：Payment plans	https://www.inspora.design/posts/1-51	free	reference	browser:https://www.inspora.design/posts/1-51
inspora	1-50	onboarding modal	Web	网页/落地页区块灵感视频：onboarding modal	https://www.inspora.design/posts/1-50	free	reference	browser:https://www.inspora.design/posts/1-50
inspora	1-49	App icon concepts	Branding	品牌/图标/Logo灵感视频：App icon concepts	https://www.inspora.design/posts/1-49	free	reference	browser:https://www.inspora.design/posts/1-49
inspora	1-48	Agent Handoff	Product	产品界面/应用 UI灵感视频：Agent Handoff	https://www.inspora.design/posts/1-48	free	reference	browser:https://www.inspora.design/posts/1-48
inspora	1-47	voice note / interaction	Motion	动效/微交互灵感视频：voice note / interaction	https://www.inspora.design/posts/1-47	free	reference	browser:https://www.inspora.design/posts/1-47
inspora	1-46	Grid Reveal animation	Motion	动效/微交互灵感视频：Grid Reveal animation	https://www.inspora.design/posts/1-46	free	reference	browser:https://www.inspora.design/posts/1-46
inspora	1-45	Event Swatch	Motion	动效/微交互灵感视频：Event Swatch	https://www.inspora.design/posts/1-45	free	reference	browser:https://www.inspora.design/posts/1-45
inspora	1-44	Meeting Finder	Product	产品界面/应用 UI灵感视频：Meeting Finder	https://www.inspora.design/posts/1-44	free	reference	browser:https://www.inspora.design/posts/1-44
inspora	1-43	Emotion Shader	Motion	动效/微交互灵感视频：Emotion Shader	https://www.inspora.design/posts/1-43	free	reference	browser:https://www.inspora.design/posts/1-43
inspora	1-42	Morphing braille loader	Product	产品界面/应用 UI灵感视频：Morphing braille loader	https://www.inspora.design/posts/1-42	free	reference	browser:https://www.inspora.design/posts/1-42
inspora	1-41	A country picker	Motion	动效/微交互灵感视频：A country picker	https://www.inspora.design/posts/1-41	free	reference	browser:https://www.inspora.design/posts/1-41
inspora	1-40	A bento card	Web	网页/落地页区块灵感视频：A bento card	https://www.inspora.design/posts/1-40	free	reference	browser:https://www.inspora.design/posts/1-40
inspora	1-39	Watch face	Motion	动效/微交互灵感视频：Watch face	https://www.inspora.design/posts/1-39	free	reference	browser:https://www.inspora.design/posts/1-39
inspora	1-38	Sidebar sub menu	Motion	动效/微交互灵感视频：Sidebar sub menu	https://www.inspora.design/posts/1-38	free	reference	browser:https://www.inspora.design/posts/1-38
inspora	1-37	AI Agent Approval Cards	Product	产品界面/应用 UI灵感视频：AI Agent Approval Cards	https://www.inspora.design/posts/1-37	free	reference	browser:https://www.inspora.design/posts/1-37
inspora	1-36	Liquid metal button	Motion	动效/微交互灵感视频：Liquid metal button	https://www.inspora.design/posts/1-36	free	reference	browser:https://www.inspora.design/posts/1-36
inspora	1-35	Print Receipt	Motion	动效/微交互灵感视频：Print Receipt	https://www.inspora.design/posts/1-35	free	reference	browser:https://www.inspora.design/posts/1-35
inspora	1-34	card details microinteraction	Product	产品界面/应用 UI灵感视频：card details microinteraction	https://www.inspora.design/posts/1-34	free	reference	browser:https://www.inspora.design/posts/1-34
inspora	1-33	Hero section	Web	网页/落地页区块灵感视频：Hero section	https://www.inspora.design/posts/1-33	free	reference	browser:https://www.inspora.design/posts/1-33
inspora	1-32	Mechanical keyboard for iphone	Illustration	插画/拟物视觉灵感图片：Mechanical keyboard for iphone	https://www.inspora.design/posts/1-32	free	reference	browser:https://www.inspora.design/posts/1-32
inspora	1-31	Liquid metal button	Motion	动效/微交互灵感视频：Liquid metal button	https://www.inspora.design/posts/1-31	free	reference	browser:https://www.inspora.design/posts/1-31
inspora	1-30	Date Range Picker	Product	产品界面/应用 UI灵感视频：Date Range Picker（Featured 精选）	https://www.inspora.design/posts/1-30	free	reference	browser:https://www.inspora.design/posts/1-30
inspora	1-29	Speed Slider	Motion	动效/微交互灵感视频：Speed Slider	https://www.inspora.design/posts/1-29	free	reference	browser:https://www.inspora.design/posts/1-29
inspora	1-28	Liquid Glass	Illustration	插画/拟物视觉灵感图片：Liquid Glass	https://www.inspora.design/posts/1-28	free	reference	browser:https://www.inspora.design/posts/1-28
inspora	1-27	Smooth scroll with lens refraction.	Motion	动效/微交互灵感视频：Smooth scroll with lens refraction.	https://www.inspora.design/posts/1-27	free	reference	browser:https://www.inspora.design/posts/1-27
inspora	1-26	Wave thinking animations	3D	3D灵感视频：Wave thinking animations	https://www.inspora.design/posts/1-26	free	reference	browser:https://www.inspora.design/posts/1-26
inspora	1-25	Team section	Web	网页/落地页区块灵感视频：Team section	https://www.inspora.design/posts/1-25	free	reference	browser:https://www.inspora.design/posts/1-25
inspora	1-24	Spider-Man web dropdown	Motion	动效/微交互灵感视频：Spider-Man web dropdown	https://www.inspora.design/posts/1-24	free	reference	browser:https://www.inspora.design/posts/1-24
inspora	1-23	We're making Grok Bot more widely available.	Motion	动效/微交互灵感视频：We're making Grok Bot more widely available.	https://www.inspora.design/posts/1-23	free	reference	browser:https://www.inspora.design/posts/1-23
inspora	1-22	wavy carousel	Motion	动效/微交互灵感视频：wavy carousel（Featured 精选）	https://www.inspora.design/posts/1-22	free	reference	browser:https://www.inspora.design/posts/1-22
inspora	1-21	Brand story cards	Web	网页/落地页区块灵感视频：Brand story cards	https://www.inspora.design/posts/1-21	free	reference	browser:https://www.inspora.design/posts/1-21
inspora	1-20	Toggle to premium plans	Motion	动效/微交互灵感视频：Toggle to premium plans	https://www.inspora.design/posts/1-20	free	reference	browser:https://www.inspora.design/posts/1-20
inspora	1-19	Sign-Up page	Web	网页/落地页区块灵感视频：Sign-Up page	https://www.inspora.design/posts/1-19	free	reference	browser:https://www.inspora.design/posts/1-19
inspora	1-18	waitlist screen	Web	网页/落地页区块灵感图片：waitlist screen	https://www.inspora.design/posts/1-18	free	reference	browser:https://www.inspora.design/posts/1-18
inspora	1-17	analytics dashboard	Product	产品界面/应用 UI灵感图片：analytics dashboard	https://www.inspora.design/posts/1-17	free	reference	browser:https://www.inspora.design/posts/1-17
inspora	1-16	Dark mode toggle	Illustration	插画/拟物视觉灵感视频：Dark mode toggle（Featured 精选）	https://www.inspora.design/posts/1-16	free	reference	browser:https://www.inspora.design/posts/1-16
inspora	1-15	New Calendly logo	Branding	品牌/图标/Logo灵感视频：New Calendly logo	https://www.inspora.design/posts/1-15	free	reference	browser:https://www.inspora.design/posts/1-15
inspora	1-14	Shader Stamps	Motion	动效/微交互灵感视频：Shader Stamps	https://www.inspora.design/posts/1-14	free	reference	browser:https://www.inspora.design/posts/1-14
inspora	1-13	folder component	Web	网页/落地页区块灵感视频：folder component	https://www.inspora.design/posts/1-13	free	reference	browser:https://www.inspora.design/posts/1-13
inspora	1-12	Glass shader	Motion	动效/微交互灵感视频：Glass shader	https://www.inspora.design/posts/1-12	free	reference	browser:https://www.inspora.design/posts/1-12
inspora	1-11	A highlighter marker	3D	3D灵感视频：A highlighter marker	https://www.inspora.design/posts/1-11	free	reference	browser:https://www.inspora.design/posts/1-11
inspora	9-8	html-in-canvas	Web	网页/落地页区块灵感视频：html-in-canvas	https://www.inspora.design/posts/9-8	free	reference	browser:https://www.inspora.design/posts/9-8
inspora	9-7	OTP	Product	产品界面/应用 UI灵感视频：OTP	https://www.inspora.design/posts/9-7	free	reference	browser:https://www.inspora.design/posts/9-7
inspora	9-6	tabs animation	Motion	动效/微交互灵感视频：tabs animation	https://www.inspora.design/posts/9-6	free	reference	browser:https://www.inspora.design/posts/9-6
inspora	9-5	Opt-in-performance	Product	产品界面/应用 UI灵感视频：Opt-in-performance	https://www.inspora.design/posts/9-5	free	reference	browser:https://www.inspora.design/posts/9-5
inspora	9-4	toss your note to the bin	Motion	动效/微交互灵感视频：toss your note to the bin	https://www.inspora.design/posts/9-4	free	reference	browser:https://www.inspora.design/posts/9-4
inspora	9-3	Retro CRT	Illustration	插画/拟物视觉灵感视频：Retro CRT	https://www.inspora.design/posts/9-3	free	reference	browser:https://www.inspora.design/posts/9-3
inspora	9-2	status tags with glass bubble	Motion	动效/微交互灵感视频：status tags with glass bubble	https://www.inspora.design/posts/9-2	free	reference	browser:https://www.inspora.design/posts/9-2
inspora	8-0	Timeline concept	Product	产品界面/应用 UI灵感视频：Timeline concept	https://www.inspora.design/posts/8-0	free	reference	browser:https://www.inspora.design/posts/8-0
inspora	9-1	App icon	Branding	品牌/图标/Logo灵感图片：App icon（Featured 精选）	https://www.inspora.design/posts/9-1	free	reference	browser:https://www.inspora.design/posts/9-1
inspora	8-9	A calendar of your life	Product	产品界面/应用 UI灵感视频：A calendar of your life	https://www.inspora.design/posts/8-9	free	reference	browser:https://www.inspora.design/posts/8-9
inspora	8-8	ipod AI agent	Illustration	插画/拟物视觉灵感视频：ipod AI agent	https://www.inspora.design/posts/8-8	free	reference	browser:https://www.inspora.design/posts/8-8
inspora	8-7	Apple's new macOS window controls	Product	产品界面/应用 UI灵感图片：Apple's new macOS window controls	https://www.inspora.design/posts/8-7	free	reference	browser:https://www.inspora.design/posts/8-7
inspora	8-1	File cabinet slide	Motion	动效/微交互灵感视频：File cabinet slide	https://www.inspora.design/posts/8-1	free	reference	browser:https://www.inspora.design/posts/8-1
inspora	7-8	Shader Credit Card	Motion	动效/微交互灵感视频：Shader Credit Card	https://www.inspora.design/posts/7-8	free	reference	browser:https://www.inspora.design/posts/7-8
inspora	8-6	Invoices style	Product	产品界面/应用 UI灵感视频：Invoices style	https://www.inspora.design/posts/8-6	free	reference	browser:https://www.inspora.design/posts/8-6
inspora	8-5	Liquid glass buttons	Motion	动效/微交互灵感视频：Liquid glass buttons	https://www.inspora.design/posts/8-5	free	reference	browser:https://www.inspora.design/posts/8-5
inspora	8-4	Same element, new position.	Motion	动效/微交互灵感视频：Same element, new position.	https://www.inspora.design/posts/8-4	free	reference	browser:https://www.inspora.design/posts/8-4
inspora	8-3	Weather scrubber	Motion	动效/微交互灵感视频：Weather scrubber	https://www.inspora.design/posts/8-3	free	reference	browser:https://www.inspora.design/posts/8-3
inspora	7-9	Notification Cards	Motion	动效/微交互灵感视频：Notification Cards	https://www.inspora.design/posts/7-9	free	reference	browser:https://www.inspora.design/posts/7-9
inspora	7-7	Stamp designs	Print	印刷/海报灵感视频：Stamp designs	https://www.inspora.design/posts/7-7	free	reference	browser:https://www.inspora.design/posts/7-7
inspora	7-6	Delete this file	Motion	动效/微交互灵感视频：Delete this file	https://www.inspora.design/posts/7-6	free	reference	browser:https://www.inspora.design/posts/7-6
inspora	7-5	Folder interaction	Motion	动效/微交互灵感视频：Folder interaction	https://www.inspora.design/posts/7-5	free	reference	browser:https://www.inspora.design/posts/7-5
inspora	7-4	Carousel animation	Motion	动效/微交互灵感视频：Carousel animation	https://www.inspora.design/posts/7-4	free	reference	browser:https://www.inspora.design/posts/7-4
inspora	7-3	Assets overview carousel	Product	产品界面/应用 UI灵感视频：Assets overview carousel	https://www.inspora.design/posts/7-3	free	reference	browser:https://www.inspora.design/posts/7-3
inspora	7-2	Sketch logo	Illustration	插画/拟物视觉灵感图片：Sketch logo	https://www.inspora.design/posts/7-2	free	reference	browser:https://www.inspora.design/posts/7-2
inspora	8-2	Liquid Glow Button	Motion	动效/微交互灵感视频：Liquid Glow Button	https://www.inspora.design/posts/8-2	free	reference	browser:https://www.inspora.design/posts/8-2
inspora	7-1	Button motion	Motion	动效/微交互灵感视频：Button motion	https://www.inspora.design/posts/7-1	free	reference	browser:https://www.inspora.design/posts/7-1
inspora	6-9	Thinking states	Motion	动效/微交互灵感视频：Thinking states	https://www.inspora.design/posts/6-9	free	reference	browser:https://www.inspora.design/posts/6-9
inspora	6-8	A sending animation	Motion	动效/微交互灵感视频：A sending animation	https://www.inspora.design/posts/6-8	free	reference	browser:https://www.inspora.design/posts/6-8
inspora	6-7	3D Rolling transition	Illustration	插画/拟物视觉灵感视频：3D Rolling transition（Featured 精选）	https://www.inspora.design/posts/6-7	free	reference	browser:https://www.inspora.design/posts/6-7
inspora	6-6	Isometric animation	Illustration	插画/拟物视觉灵感视频：Isometric animation	https://www.inspora.design/posts/6-6	free	reference	browser:https://www.inspora.design/posts/6-6
inspora	6-5	Liquid metal	Illustration	插画/拟物视觉灵感视频：Liquid metal	https://www.inspora.design/posts/6-5	free	reference	browser:https://www.inspora.design/posts/6-5
inspora	6-4	hero concepts for a hiring platform	Web	网页/落地页区块灵感图片：hero concepts for a hiring platform	https://www.inspora.design/posts/6-4	free	reference	browser:https://www.inspora.design/posts/6-4
inspora	6-3	Shader Mixer	Motion	动效/微交互灵感视频：Shader Mixer	https://www.inspora.design/posts/6-3	free	reference	browser:https://www.inspora.design/posts/6-3
inspora	6-2	Camera transitions	Motion	动效/微交互灵感视频：Camera transitions	https://www.inspora.design/posts/6-2	free	reference	browser:https://www.inspora.design/posts/6-2
inspora	6-1	Light work	Motion	动效/微交互灵感视频：Light work	https://www.inspora.design/posts/6-1	free	reference	browser:https://www.inspora.design/posts/6-1
inspora	5-9	Motion blur	Motion	动效/微交互灵感视频：Motion blur	https://www.inspora.design/posts/5-9	free	reference	browser:https://www.inspora.design/posts/5-9
inspora	5-8	Animated thinking orb	Motion	动效/微交互灵感视频：Animated thinking orb	https://www.inspora.design/posts/5-8	free	reference	browser:https://www.inspora.design/posts/5-8
inspora	5-7	Shader Slider	Motion	动效/微交互灵感视频：Shader Slider	https://www.inspora.design/posts/5-7	free	reference	browser:https://www.inspora.design/posts/5-7
inspora	5-6	Clucky Landing page	Web	网页/落地页区块灵感视频：Clucky Landing page	https://www.inspora.design/posts/5-6	free	reference	browser:https://www.inspora.design/posts/5-6
inspora	5-5	Book animation	Motion	动效/微交互灵感视频：Book animation	https://www.inspora.design/posts/5-5	free	reference	browser:https://www.inspora.design/posts/5-5
inspora	5-4	Floating cards	Motion	动效/微交互灵感视频：Floating cards	https://www.inspora.design/posts/5-4	free	reference	browser:https://www.inspora.design/posts/5-4
inspora	5-3	Personal portfolio	Web	网页/落地页区块灵感视频：Personal portfolio	https://www.inspora.design/posts/5-3	free	reference	browser:https://www.inspora.design/posts/5-3
inspora	5-2	Balance details	Product	产品界面/应用 UI灵感视频：Balance details	https://www.inspora.design/posts/5-2	free	reference	browser:https://www.inspora.design/posts/5-2
inspora	5-1	subscription tracker calendar	Product	产品界面/应用 UI灵感图片：subscription tracker calendar	https://www.inspora.design/posts/5-1	free	reference	browser:https://www.inspora.design/posts/5-1
inspora	4-9	Expandable Tab Bar	Product	产品界面/应用 UI灵感视频：Expandable Tab Bar	https://www.inspora.design/posts/4-9	free	reference	browser:https://www.inspora.design/posts/4-9
inspora	4-8	Brand work	Branding	品牌/图标/Logo灵感图片：Brand work	https://www.inspora.design/posts/4-8	free	reference	browser:https://www.inspora.design/posts/4-8
inspora	4-7	Receipt Printer	Motion	动效/微交互灵感视频：Receipt Printer	https://www.inspora.design/posts/4-7	free	reference	browser:https://www.inspora.design/posts/4-7
inspora	4-6	Hero Section	Web	网页/落地页区块灵感视频：Hero Section	https://www.inspora.design/posts/4-6	free	reference	browser:https://www.inspora.design/posts/4-6
inspora	4-5	Gooey liquid effect	Motion	动效/微交互灵感视频：Gooey liquid effect	https://www.inspora.design/posts/4-5	free	reference	browser:https://www.inspora.design/posts/4-5
inspora	4-4	Earnings posters	Print	印刷/海报灵感视频：Earnings posters	https://www.inspora.design/posts/4-4	free	reference	browser:https://www.inspora.design/posts/4-4
inspora	4-3	Weather Widget	Product	产品界面/应用 UI灵感视频：Weather Widget	https://www.inspora.design/posts/4-3	free	reference	browser:https://www.inspora.design/posts/4-3
inspora	4-2	A soft-UI app icon	Branding	品牌/图标/Logo灵感图片：A soft-UI app icon	https://www.inspora.design/posts/4-2	free	reference	browser:https://www.inspora.design/posts/4-2
inspora	4-1	Age Progression slider	Motion	动效/微交互灵感视频：Age Progression slider	https://www.inspora.design/posts/4-1	free	reference	browser:https://www.inspora.design/posts/4-1
inspora	3-9	A brick button	Motion	动效/微交互灵感视频：A brick button	https://www.inspora.design/posts/3-9	free	reference	browser:https://www.inspora.design/posts/3-9
inspora	3-7	Flight Card	Product	产品界面/应用 UI灵感视频：Flight Card	https://www.inspora.design/posts/3-7	free	reference	browser:https://www.inspora.design/posts/3-7
inspora	3-6	Liquid glass	Product	产品界面/应用 UI灵感图片：Liquid glass	https://www.inspora.design/posts/3-6	free	reference	browser:https://www.inspora.design/posts/3-6
inspora	3-5	Notification Cards	Motion	动效/微交互灵感视频：Notification Cards	https://www.inspora.design/posts/3-5	free	reference	browser:https://www.inspora.design/posts/3-5
inspora	3-4	Two-Step Dock Menu	Product	产品界面/应用 UI灵感视频：Two-Step Dock Menu	https://www.inspora.design/posts/3-4	free	reference	browser:https://www.inspora.design/posts/3-4
inspora	3-3	Testimonials puzzle	Web	网页/落地页区块灵感视频：Testimonials puzzle	https://www.inspora.design/posts/3-3	free	reference	browser:https://www.inspora.design/posts/3-3
inspora	3-2	Take your wallet everywhere.	Product	产品界面/应用 UI灵感视频：Take your wallet everywhere.	https://www.inspora.design/posts/3-2	free	reference	browser:https://www.inspora.design/posts/3-2
inspora	3-1	Boat loader	3D	3D灵感视频：Boat loader	https://www.inspora.design/posts/3-1	free	reference	browser:https://www.inspora.design/posts/3-1
inspora	2-9	Jelly Switch	Motion	动效/微交互灵感视频：Jelly Switch	https://www.inspora.design/posts/2-9	free	reference	browser:https://www.inspora.design/posts/2-9
inspora	2-8	AI Motion	Motion	动效/微交互灵感视频：AI Motion	https://www.inspora.design/posts/2-8	free	reference	browser:https://www.inspora.design/posts/2-8
inspora	2-7	Stamp Folder animation	Motion	动效/微交互灵感视频：Stamp Folder animation	https://www.inspora.design/posts/2-7	free	reference	browser:https://www.inspora.design/posts/2-7
inspora	2-6	e-signature field	Illustration	插画/拟物视觉灵感视频：e-signature field（Featured 精选）	https://www.inspora.design/posts/2-6	free	reference	browser:https://www.inspora.design/posts/2-6
inspora	2-5	Glowing particle burst	Motion	动效/微交互灵感视频：Glowing particle burst	https://www.inspora.design/posts/2-5	free	reference	browser:https://www.inspora.design/posts/2-5
inspora	2-4	Dynamic island lego	Illustration	插画/拟物视觉灵感视频：Dynamic island lego	https://www.inspora.design/posts/2-4	free	reference	browser:https://www.inspora.design/posts/2-4
inspora	2-3	Abstract gradient	Motion	动效/微交互灵感视频：Abstract gradient	https://www.inspora.design/posts/2-3	free	reference	browser:https://www.inspora.design/posts/2-3
inspora	2-2	MacOS	Illustration	插画/拟物视觉灵感图片：MacOS	https://www.inspora.design/posts/2-2	free	reference	browser:https://www.inspora.design/posts/2-2
inspora	2-1	Confidential file animation	Motion	动效/微交互灵感视频：Confidential file animation	https://www.inspora.design/posts/2-1	free	reference	browser:https://www.inspora.design/posts/2-1
inspora	1-9	Footer.mp4	Web	网页/落地页区块灵感视频：Footer.mp4	https://www.inspora.design/posts/1-9	free	reference	browser:https://www.inspora.design/posts/1-9
inspora	1-8	Nsight Studio	Branding	品牌/图标/Logo灵感视频：Nsight Studio	https://www.inspora.design/posts/1-8	free	reference	browser:https://www.inspora.design/posts/1-8
inspora	1-7	X money	Product	产品界面/应用 UI灵感视频：X money	https://www.inspora.design/posts/1-7	free	reference	browser:https://www.inspora.design/posts/1-7
inspora	1-6	Liquid Glass	Motion	动效/微交互灵感视频：Liquid Glass（Featured 精选）	https://www.inspora.design/posts/1-6	free	reference	browser:https://www.inspora.design/posts/1-6
inspora	1-5	Date picker	Product	产品界面/应用 UI灵感视频：Date picker	https://www.inspora.design/posts/1-5	free	reference	browser:https://www.inspora.design/posts/1-5
inspora	1-4	Liquid gold	Motion	动效/微交互灵感视频：Liquid gold	https://www.inspora.design/posts/1-4	free	reference	browser:https://www.inspora.design/posts/1-4
inspora	1-3	Dither Motion	Motion	动效/微交互灵感视频：Dither Motion	https://www.inspora.design/posts/1-3	free	reference	browser:https://www.inspora.design/posts/1-3
inspora	1-2	Jelly Slider	Motion	动效/微交互灵感视频：Jelly Slider（Featured 精选）	https://www.inspora.design/posts/1-2	free	reference	browser:https://www.inspora.design/posts/1-2
inspora	1-1	Brightness & volume controller	Motion	动效/微交互灵感视频：Brightness & volume controller	https://www.inspora.design/posts/1-1	free	reference	browser:https://www.inspora.design/posts/1-1
inspora	1-visualexploration	Visual Exploration	Branding	品牌/图标/Logo灵感视频：Visual Exploration	https://www.inspora.design/posts/1-visualexploration	free	reference	browser:https://www.inspora.design/posts/1-visualexploration
inspora	quartr-meta	Quartr x Meta Earnings	Print	印刷/海报灵感视频：Quartr x Meta Earnings	https://www.inspora.design/posts/quartr-meta	free	reference	browser:https://www.inspora.design/posts/quartr-meta
inspora	404-page-2	404 page	Web	网页/落地页区块灵感视频：404 page	https://www.inspora.design/posts/404-page-2	free	reference	browser:https://www.inspora.design/posts/404-page-2
inspora	404-page	404 page	Web	网页/落地页区块灵感视频：404 page	https://www.inspora.design/posts/404-page	free	reference	browser:https://www.inspora.design/posts/404-page
