jakubantalik	transitions-dev-skill	Transitions.dev skill	Transitions	transitions.dev 的 agent skill 32 个免费 CSS 过渡参考+_root.css 动效 token	npx skills add Jakubantalik/transitions.dev	free	install	manual
jakubantalik	transitions-polish-skill	Transitions polish skill	Transitions	动效打磨 skill 按 duration/distance/scale/blur/easing token 审查现有动画	https://raw.githubusercontent.com/Jakubantalik/transitions.dev/HEAD/skills/transitions-polish/SKILL.md	free	source	url:https://raw.githubusercontent.com/Jakubantalik/transitions.dev/HEAD/skills/transitions-polish/SKILL.md
jakubantalik	transitions-data-json	transitions-data.json	Transitions	全部 43 个 transition 的机器可读清单 免费项含 CSS 与 React 源码	https://raw.githubusercontent.com/Jakubantalik/transitions.dev/HEAD/scripts/transitions-data.json	free	source	url:https://raw.githubusercontent.com/Jakubantalik/transitions.dev/HEAD/scripts/transitions-data.json
jakubantalik	transition:card-resize	Card resize	Transitions	卡片宽高尺寸变化平滑过渡 纯 CSS	https://raw.githubusercontent.com/Jakubantalik/transitions.dev/HEAD/cli/free/card-resize.md	free	source	url:https://raw.githubusercontent.com/Jakubantalik/transitions.dev/HEAD/cli/free/card-resize.md
jakubantalik	transition:number-pop-in	Number pop-in	Transitions	数字翻转弹入 带模糊与错峰 stagger	https://raw.githubusercontent.com/Jakubantalik/transitions.dev/HEAD/cli/free/number-pop-in.md	free	source	url:https://raw.githubusercontent.com/Jakubantalik/transitions.dev/HEAD/cli/free/number-pop-in.md
jakubantalik	transition:notification-badge	Notification badge	Transitions	通知徽章斜向滑入+弹簧 pop	https://raw.githubusercontent.com/Jakubantalik/transitions.dev/HEAD/cli/free/notification-badge.md	free	source	url:https://raw.githubusercontent.com/Jakubantalik/transitions.dev/HEAD/cli/free/notification-badge.md
jakubantalik	transition:text-states-swap	Text states swap	Transitions	状态文字切换 模糊淡入淡出	https://raw.githubusercontent.com/Jakubantalik/transitions.dev/HEAD/cli/free/text-states-swap.md	free	source	url:https://raw.githubusercontent.com/Jakubantalik/transitions.dev/HEAD/cli/free/text-states-swap.md
jakubantalik	transition:confetti-burst	Confetti burst	Transitions	物理彩纸从按钮爆开并落回按钮 庆祝动效（Pro）	https://transitions.dev/transitions/confetti-burst/	pro	install	none
jakubantalik	transition:menu-dropdown	Menu dropdown	Transitions	下拉菜单按触发点原点展开/收起 origin-aware	https://raw.githubusercontent.com/Jakubantalik/transitions.dev/HEAD/cli/free/menu-dropdown.md	free	source	url:https://raw.githubusercontent.com/Jakubantalik/transitions.dev/HEAD/cli/free/menu-dropdown.md
jakubantalik	transition:modal-open-close	Modal open/close	Transitions	模态框缩放开合 开慢关快	https://raw.githubusercontent.com/Jakubantalik/transitions.dev/HEAD/cli/free/modal.md	free	source	url:https://raw.githubusercontent.com/Jakubantalik/transitions.dev/HEAD/cli/free/modal.md
jakubantalik	transition:panel-reveal	Panel reveal	Transitions	面板/抽屉展开收起过渡	https://raw.githubusercontent.com/Jakubantalik/transitions.dev/HEAD/cli/free/panel-reveal.md	free	source	url:https://raw.githubusercontent.com/Jakubantalik/transitions.dev/HEAD/cli/free/panel-reveal.md
jakubantalik	transition:gooey-plus-menu	Gooey plus menu	Transitions	加号按钮液态分裂成扇形操作 gooey 菜单（Pro）	https://transitions.dev/transitions/gooey-plus-menu/	pro	install	none
jakubantalik	transition:page-side-by-side	Page side-by-side	Transitions	页面前进/后退横向滑动切换 wizard	https://raw.githubusercontent.com/Jakubantalik/transitions.dev/HEAD/cli/free/page-side-by-side.md	free	source	url:https://raw.githubusercontent.com/Jakubantalik/transitions.dev/HEAD/cli/free/page-side-by-side.md
jakubantalik	transition:card-stack-hover	Card stack hover	Transitions	卡片堆悬停时弹簧扇形展开（Pro）	https://transitions.dev/transitions/card-stack-hover/	pro	install	none
jakubantalik	transition:icon-swap	Icon swap	Transitions	图标切换 缩放+模糊	https://raw.githubusercontent.com/Jakubantalik/transitions.dev/HEAD/cli/free/icon-swap.md	free	source	url:https://raw.githubusercontent.com/Jakubantalik/transitions.dev/HEAD/cli/free/icon-swap.md
jakubantalik	transition:success-check	Success check	Transitions	成功对勾 淡入旋转模糊 路径描绘	https://raw.githubusercontent.com/Jakubantalik/transitions.dev/HEAD/cli/free/success-check.md	free	source	url:https://raw.githubusercontent.com/Jakubantalik/transitions.dev/HEAD/cli/free/success-check.md
jakubantalik	transition:avatar-group-hover	Avatar group hover	Transitions	头像组悬停 被悬停项弹起 邻居按距离衰减跟随	https://raw.githubusercontent.com/Jakubantalik/transitions.dev/HEAD/cli/free/avatar-group-hover.md	free	source	url:https://raw.githubusercontent.com/Jakubantalik/transitions.dev/HEAD/cli/free/avatar-group-hover.md
jakubantalik	transition:error-state-shake	Error state shake	Transitions	输入框校验错误抖动 自动恢复	https://raw.githubusercontent.com/Jakubantalik/transitions.dev/HEAD/cli/free/error-state-shake.md	free	source	url:https://raw.githubusercontent.com/Jakubantalik/transitions.dev/HEAD/cli/free/error-state-shake.md
jakubantalik	transition:organic-shimmer	Organic shimmer	Transitions	波浪形骨架屏流光 边缘辉光（Pro）	https://transitions.dev/transitions/organic-shimmer/	pro	install	none
jakubantalik	transition:input-clear-with-dissolve	Input clear with dissolve	Transitions	清空输入时按词消散 dissolve	https://raw.githubusercontent.com/Jakubantalik/transitions.dev/HEAD/cli/free/input-clear-dissolve.md	free	source	url:https://raw.githubusercontent.com/Jakubantalik/transitions.dev/HEAD/cli/free/input-clear-dissolve.md
jakubantalik	transition:skeleton-loader-and-reveal	Skeleton loader and reveal	Transitions	骨架屏脉冲后交叉淡入真实内容	https://raw.githubusercontent.com/Jakubantalik/transitions.dev/HEAD/cli/free/skeleton-reveal.md	free	source	url:https://raw.githubusercontent.com/Jakubantalik/transitions.dev/HEAD/cli/free/skeleton-reveal.md
jakubantalik	transition:texts-reveal	Texts reveal	Transitions	两行文字错峰上升入场	https://raw.githubusercontent.com/Jakubantalik/transitions.dev/HEAD/cli/free/texts-reveal.md	free	source	url:https://raw.githubusercontent.com/Jakubantalik/transitions.dev/HEAD/cli/free/texts-reveal.md
jakubantalik	transition:tabs-sliding	Tabs sliding	Transitions	tabs 胶囊指示器跟随滑动	https://raw.githubusercontent.com/Jakubantalik/transitions.dev/HEAD/cli/free/tabs-sliding.md	free	source	url:https://raw.githubusercontent.com/Jakubantalik/transitions.dev/HEAD/cli/free/tabs-sliding.md
jakubantalik	transition:drag-drop-with-physics	Drag & drop with physics	Transitions	带物理倾斜的拖放 放置区 morph 成图片（Pro）	https://transitions.dev/transitions/drag-drop-with-physics/	pro	install	none
jakubantalik	transition:image-open-tilt	Image open tilt	Transitions	iPadOS 式图片打开 3D 倾斜与弯曲（Pro）	https://transitions.dev/transitions/image-open-tilt/	pro	install	none
jakubantalik	transition:shimmer-text	Shimmer text	Transitions	文字遮罩渐变扫光 shimmer	https://raw.githubusercontent.com/Jakubantalik/transitions.dev/HEAD/cli/free/shimmer-text.md	free	source	url:https://raw.githubusercontent.com/Jakubantalik/transitions.dev/HEAD/cli/free/shimmer-text.md
jakubantalik	transition:tooltip-open-close	Tooltip open/close	Transitions	tooltip 延迟出现 位移 瞬间消失	https://raw.githubusercontent.com/Jakubantalik/transitions.dev/HEAD/cli/free/tooltip.md	free	source	url:https://raw.githubusercontent.com/Jakubantalik/transitions.dev/HEAD/cli/free/tooltip.md
jakubantalik	transition:3d-tilt	3D tilt	Transitions	卡片 3D 指针倾斜+光泽 glare	https://raw.githubusercontent.com/Jakubantalik/transitions.dev/HEAD/cli/free/card-tilt.md	free	source	url:https://raw.githubusercontent.com/Jakubantalik/transitions.dev/HEAD/cli/free/card-tilt.md
jakubantalik	transition:dropdown-menu-morph	Dropdown menu morph	Transitions	按钮 morph 成菜单面板 加号菜单	https://raw.githubusercontent.com/Jakubantalik/transitions.dev/HEAD/cli/free/plus-menu-morph.md	free	source	url:https://raw.githubusercontent.com/Jakubantalik/transitions.dev/HEAD/cli/free/plus-menu-morph.md
jakubantalik	transition:accordion	Accordion	Transitions	手风琴 grid-rows 高度过渡+箭头变形	https://raw.githubusercontent.com/Jakubantalik/transitions.dev/HEAD/cli/free/accordion.md	free	source	url:https://raw.githubusercontent.com/Jakubantalik/transitions.dev/HEAD/cli/free/accordion.md
jakubantalik	transition:toast-open-close	Toast open/close	Transitions	toast 上升淡入+模糊+缩放	https://raw.githubusercontent.com/Jakubantalik/transitions.dev/HEAD/cli/free/toast.md	free	source	url:https://raw.githubusercontent.com/Jakubantalik/transitions.dev/HEAD/cli/free/toast.md
jakubantalik	transition:like-button	Like button	Transitions	点赞心形填充+粒子爆发	https://raw.githubusercontent.com/Jakubantalik/transitions.dev/HEAD/cli/free/like-button.md	free	source	url:https://raw.githubusercontent.com/Jakubantalik/transitions.dev/HEAD/cli/free/like-button.md
jakubantalik	transition:learn-more-hover	Learn more hover	Transitions	"了解更多"链接悬停箭头位移展开	https://raw.githubusercontent.com/Jakubantalik/transitions.dev/HEAD/cli/free/learn-more-hover.md	free	source	url:https://raw.githubusercontent.com/Jakubantalik/transitions.dev/HEAD/cli/free/learn-more-hover.md
jakubantalik	transition:checkbox-check	Checkbox check	Transitions	复选框对勾描边绘制	https://raw.githubusercontent.com/Jakubantalik/transitions.dev/HEAD/cli/free/checkbox-check.md	free	source	url:https://raw.githubusercontent.com/Jakubantalik/transitions.dev/HEAD/cli/free/checkbox-check.md
jakubantalik	transition:spinner-to-check-morph	Spinner to check morph	Transitions	加载 spinner 弹成对勾成功（Pro）	https://transitions.dev/transitions/spinner-to-check-morph/	pro	install	none
jakubantalik	transition:spinning-counter	Spinning counter	Transitions	数字老虎机滚轮式滚动到目标值	https://raw.githubusercontent.com/Jakubantalik/transitions.dev/HEAD/cli/free/spinning-counter.md	free	source	url:https://raw.githubusercontent.com/Jakubantalik/transitions.dev/HEAD/cli/free/spinning-counter.md
jakubantalik	transition:toggle	Toggle	Transitions	开关滑块双弹跳	https://raw.githubusercontent.com/Jakubantalik/transitions.dev/HEAD/cli/free/toggle.md	free	source	url:https://raw.githubusercontent.com/Jakubantalik/transitions.dev/HEAD/cli/free/toggle.md
jakubantalik	transition:pro-gradient-text	Pro gradient text	Transitions	渐变色流动环绕文字 动态渐变字（Pro）	https://transitions.dev/transitions/pro-gradient-text/	pro	install	none
jakubantalik	transition:delete-with-smoky-dissolve	Delete with smoky dissolve	Transitions	删除时图片碎裂成烟雾下落（Pro）	https://transitions.dev/transitions/delete-with-smoky-dissolve/	pro	install	none
jakubantalik	transition:thinking-states	Thinking states	Transitions	AI 思考状态行流光后切换下一条	https://raw.githubusercontent.com/Jakubantalik/transitions.dev/HEAD/cli/free/thinking-states.md	free	source	url:https://raw.githubusercontent.com/Jakubantalik/transitions.dev/HEAD/cli/free/thinking-states.md
jakubantalik	transition:reasoning-stream	Reasoning stream	Transitions	AI 推理过程两行滚动流	https://raw.githubusercontent.com/Jakubantalik/transitions.dev/HEAD/cli/free/reasoning-stream.md	free	source	url:https://raw.githubusercontent.com/Jakubantalik/transitions.dev/HEAD/cli/free/reasoning-stream.md
jakubantalik	transition:streaming-text	Streaming text	Transitions	流式文字逐词柔和交叉模糊浮现	https://raw.githubusercontent.com/Jakubantalik/transitions.dev/HEAD/cli/free/streaming-text.md	free	source	url:https://raw.githubusercontent.com/Jakubantalik/transitions.dev/HEAD/cli/free/streaming-text.md
jakubantalik	transition:matrix-dot-loader	Matrix dot loader	Transitions	16 点矩阵脉冲 loader 四种图案	https://raw.githubusercontent.com/Jakubantalik/transitions.dev/HEAD/cli/free/matrix-loader.md	free	source	url:https://raw.githubusercontent.com/Jakubantalik/transitions.dev/HEAD/cli/free/matrix-loader.md
jakubantalik	transition:banner-stacking	Banner stacking	Transitions	横幅像 toast 一样三层堆叠	https://raw.githubusercontent.com/Jakubantalik/transitions.dev/HEAD/cli/free/banner-stacking.md	free	source	url:https://raw.githubusercontent.com/Jakubantalik/transitions.dev/HEAD/cli/free/banner-stacking.md
jakubantalik	transition:image-generation-placeholder	Image generation placeholder	Transitions	AI 生图占位 点阵噪声苏醒后显影成图（Pro）	https://transitions.dev/transitions/image-generation-placeholder/	pro	install	none
jakubantalik	transition:get-pro-button	Get Pro button	Transitions	Get Pro 胶囊按钮边缘渐变辉光（Pro）	https://transitions.dev/transitions/get-pro-button/	pro	install	none
jakubantalik	transitions-refine	transitions-refine	Tools	注入时间轴+Refine 面板到运行中的应用 让 agent 按动效 token 调整过渡	npx transitions-refine live	free	install	manual
jakubantalik	transitions-agent	transitions-agent	Tools	扫描代码库中缺失/卡顿/不一致的过渡 给动效评分 可作 GitHub Action 在 PR 上评分与修复	npx transitions-agent（扫描；fix 需注册免费账号；源码 https://github.com/Jakubantalik/transitions.dev/tree/main/agent）	free	install	manual
jakubantalik	article-motion-examples	Duration, scale & movement examples	Article	文章 动效时长/缩放/位移的正反例 开合不对称 缩放起点 0.97 等	https://transitions.dev/article.html	free	reference	browser:https://transitions.dev/article.html
jakubantalik	site:customizer	Site customizer panel	Site craft	个人站右侧外观定制面板 字体/文字色/圆角滑块/logo 大小/背景样式 手机端 bottom sheet 可下滑关闭 重置时弹跳+交叉模糊	https://github.com/Jakubantalik/Jakubantalik.github.io/blob/main/script.js	free	reference	url:https://raw.githubusercontent.com/Jakubantalik/Jakubantalik.github.io/main/script.js
jakubantalik	site:water-mode	Water raindrop overlay	Site craft	页面雨滴/水珠覆盖层 随指针移动 桌面 28-44 颗 手机 10-15 颗	https://github.com/Jakubantalik/Jakubantalik.github.io/blob/main/script.js	free	reference	url:https://raw.githubusercontent.com/Jakubantalik/Jakubantalik.github.io/main/script.js
jakubantalik	site:hsv-color-picker	HSV color picker	Site craft	原生 canvas HSV 取色器 色相条+饱和度明度面板+hex 输入+预设 触屏支持	https://github.com/Jakubantalik/Jakubantalik.github.io/blob/main/script.js	free	reference	url:https://raw.githubusercontent.com/Jakubantalik/Jakubantalik.github.io/main/script.js
jakubantalik	site:backgrounds	Background styles	Site craft	背景样式 Sunset/Ocean/Forest/Lavender 渐变与 Dots/Grid/Waves/Noise 纹理切换	https://github.com/Jakubantalik/Jakubantalik.github.io/blob/main/styles.css	free	reference	url:https://raw.githubusercontent.com/Jakubantalik/Jakubantalik.github.io/main/styles.css
jakubantalik	site:sketchy-filter	Sketchy SVG filter	Site craft	feTurbulence+feDisplacementMap 手绘抖动描边滤镜 配 Caveat 手写字体	https://github.com/Jakubantalik/Jakubantalik.github.io/blob/main/index.html	free	reference	url:https://raw.githubusercontent.com/Jakubantalik/Jakubantalik.github.io/main/index.html
jakubantalik	site:glyph-hover	Project glyph hover	Site craft	项目卡图标悬停 立方体蒙版旋转而渐变不动 / 涂鸦路径 pathLength 重绘	https://github.com/Jakubantalik/Jakubantalik.github.io/blob/main/index.html	free	reference	url:https://raw.githubusercontent.com/Jakubantalik/Jakubantalik.github.io/main/index.html
jakubantalik	site:live-stats	Live project stats	Site craft	项目卡实时数字 npm 下载量 api.npmjs.org/downloads/range 与 goatcounter 访问量	https://github.com/Jakubantalik/Jakubantalik.github.io/blob/main/script.js	free	reference	url:https://raw.githubusercontent.com/Jakubantalik/Jakubantalik.github.io/main/script.js
jakubantalik	site:work-tabs	Projects / Selected work tabs	Site craft	两个 tab 切换舞台 视频瀑布按行发牌到多列 自动播放循环视频 LQIP 占位	https://github.com/Jakubantalik/Jakubantalik.github.io	free	reference	browser:https://github.com/Jakubantalik/Jakubantalik.github.io
jakubantalik	work:gooey-effect	Liquid gooey demo	Selected work	液态 gooey 演示 文件/图片/文件夹图标从关闭按钮液态分裂 Share 胶囊头像 邮箱输入框与箭头按钮融合 滑块 → 用 liquid-gooey 复刻	https://jakubantalik.com/videos/light/gooey-effect.mp4	free	reference	url:https://jakubantalik.com/videos/light/gooey-effect.mp4
jakubantalik	work:deposit-steps	Deposit progress modal	Selected work	存款弹窗两步进度 步骤圈加载→对勾 状态文案切换 成功时绿色径向光晕 Fill status Processing→Success	https://jakubantalik.com/videos/light/tw.mp4	free	reference	url:https://jakubantalik.com/videos/light/tw.mp4
jakubantalik	work:qr-chain-select	Crypto deposit chain select	Selected work	加密货币充值 选择 token 与链 下拉列表勾选 二维码随链切换动画 复制地址	https://jakubantalik.com/videos/light/qr-code-animation.mov	free	reference	url:https://jakubantalik.com/videos/light/qr-code-animation.mov
jakubantalik	work:connect-wallet	Connect wallet modal	Selected work	连接钱包弹窗 点阵光环中心图标 转圈等待→连接成功绿色光晕扩散	https://jakubantalik.com/videos/main%20connect%20wallet_7.mp4	free	reference	url:https://jakubantalik.com/videos/main%20connect%20wallet_7.mp4
jakubantalik	work:swap-pending	Swap order to pending	Selected work	0x 风格兑换表单 Review order 后卡片 morph 成倒计时圆环 Transaction pending	https://jakubantalik.com/videos/main_1.mp4	free	reference	url:https://jakubantalik.com/videos/main_1.mp4
jakubantalik	work:frameio-ipad	Frame.io iPad	Selected work	Frame.io iPad 应用 登录→项目网格 深色主题 Dribbble shot	https://jakubantalik.com/videos/dribbble-shot-ipad-1-1600-comp.mp4	free	reference	url:https://jakubantalik.com/videos/dribbble-shot-ipad-1-1600-comp.mp4
jakubantalik	work:thinking-orbs-phone	Thinking orbs on phone	Selected work	手机实拍 点阵 orb Connecting 然后缩成灵动岛式 Thinking 胶囊 → thinking-orbs	https://jakubantalik.com/videos/light/thinking-orbs.mp4	free	reference	url:https://jakubantalik.com/videos/light/thinking-orbs.mp4
jakubantalik	work:transitions-showcase	Transitions.dev showcase	Selected work	transitions.dev 展示 头像组 点赞计数 tabs 下拉 分享菜单 Publish→对勾 等组合演示	https://jakubantalik.com/videos/light/trasnsitions-update-2.mp4	free	reference	url:https://jakubantalik.com/videos/light/trasnsitions-update-2.mp4
jakubantalik	work:notification-states	Notification states	Selected work	存款通知卡三态 失败→处理中→完成 图标角标切换 卡片堆叠缩小	https://jakubantalik.com/videos/light/notification-states-3.mp4	free	reference	url:https://jakubantalik.com/videos/light/notification-states-3.mp4
jakubantalik	work:install-button	Installing button beam	Selected work	深色 Installing 胶囊按钮 边框紫蓝光束流动 → border-beam	https://jakubantalik.com/videos/install-button-3.mp4	free	reference	url:https://jakubantalik.com/videos/install-button-3.mp4
jakubantalik	work:ide-navigation	IDE sidebar navigation	Selected work	easemate IDE 侧边栏 图标导航切换 Search/Extensions/Explorer 面板内容过渡	https://jakubantalik.com/videos/navigation-large.mp4	free	reference	url:https://jakubantalik.com/videos/navigation-large.mp4
jakubantalik	work:tx-toast	Transaction toast	Selected work	交易 toast pending 流光→成功 对勾+Trade detail 按钮 宽高 morph	https://jakubantalik.com/videos/light/toast.mp4	free	reference	url:https://jakubantalik.com/videos/light/toast.mp4
jakubantalik	work:wallet-menus	0x wallet menus (image)	Selected work	0x 钱包菜单/交易状态 toast/网络列表/导航菜单 静态稿	https://jakubantalik.com/videos/GbyPjNuWYAYISl9.jpg	free	reference	url:https://jakubantalik.com/videos/GbyPjNuWYAYISl9.jpg
jakubantalik	work:tx-result-cards	Transaction result cards (image)	Selected work	交易结果卡片 成功/待定/失败/高价格影响 顶部柔和彩色光晕	https://jakubantalik.com/videos/FvSMDQkWwAIBoXH.jpg	free	reference	url:https://jakubantalik.com/videos/FvSMDQkWwAIBoXH.jpg
jakubantalik	work:ide-explorer	IDE explorer (image)	Selected work	深色 IDE 文件树+代码编辑器 静态稿	https://jakubantalik.com/videos/GxBEp64W4AAO0LT.jpg	free	reference	url:https://jakubantalik.com/videos/GxBEp64W4AAO0LT.jpg
jakubantalik	work:swap-widget	Swap widget (image)	Selected work	兑换组件 Market/Limit 价格图表 成功卡 静态稿	https://jakubantalik.com/videos/Fw5-LJVXoAUrXLO.jpg	free	reference	url:https://jakubantalik.com/videos/Fw5-LJVXoAUrXLO.jpg
jakubantalik	work:dona-onboarding	Dona onboarding (image)	Selected work	Dona 待办应用引导页 彩色渐变卡片 快捷键自定义 列表	https://jakubantalik.com/videos/FSjF9y6WQAArBX9.jpg	free	reference	url:https://jakubantalik.com/videos/FSjF9y6WQAArBX9.jpg
