librariesdev	border-beam	Border beam	border/glow	沿卡片/按钮/输入框边框游走的彩虹光束 border beam glow，AI 输入框、激活卡片高亮；React，<BorderBeam> 包裹元素	npm i border-beam; 文档 https://raw.githubusercontent.com/Jakubantalik/Libraries.dev/main/skills/libraries-dev/references/01-border-beam.md; prompt: curl -sL https://libraries.dev/beam | python3 -c "import sys,re,html;print(html.unescape(re.search(r'<pre id=\"agent-prompt\" hidden>(.*?)</pre>',sys.stdin.read(),re.S).group(1)))"	free	install	prompt:https://libraries.dev/beam doc:https://raw.githubusercontent.com/Jakubantalik/Libraries.dev/main/skills/libraries-dev/references/01-border-beam.md
librariesdev	border-beam-md	BorderBeam size="md"	border/glow	整圈边框游走光束（默认类型），卡片/面板高亮 animated border	npm i border-beam; 文档 https://raw.githubusercontent.com/Jakubantalik/Libraries.dev/main/skills/libraries-dev/references/01-border-beam.md; prompt: curl -sL https://libraries.dev/beam | python3 -c "import sys,re,html;print(html.unescape(re.search(r'<pre id=\"agent-prompt\" hidden>(.*?)</pre>',sys.stdin.read(),re.S).group(1)))"	free	install	prompt:https://libraries.dev/beam doc:https://raw.githubusercontent.com/Jakubantalik/Libraries.dev/main/skills/libraries-dev/references/01-border-beam.md
librariesdev	border-beam-line	BorderBeam size="line"	border/glow	底边游走发光线，提交后等待结果的搜索框/命令框 loading 状态	npm i border-beam; 文档 https://raw.githubusercontent.com/Jakubantalik/Libraries.dev/main/skills/libraries-dev/references/01-border-beam.md; prompt: curl -sL https://libraries.dev/beam | python3 -c "import sys,re,html;print(html.unescape(re.search(r'<pre id=\"agent-prompt\" hidden>(.*?)</pre>',sys.stdin.read(),re.S).group(1)))"	free	install	prompt:https://libraries.dev/beam doc:https://raw.githubusercontent.com/Jakubantalik/Libraries.dev/main/skills/libraries-dev/references/01-border-beam.md
librariesdev	border-beam-sm	BorderBeam size="sm"	border/glow	按钮尺寸的紧凑边框光束 compact beam	npm i border-beam; 文档 https://raw.githubusercontent.com/Jakubantalik/Libraries.dev/main/skills/libraries-dev/references/01-border-beam.md; prompt: curl -sL https://libraries.dev/beam | python3 -c "import sys,re,html;print(html.unescape(re.search(r'<pre id=\"agent-prompt\" hidden>(.*?)</pre>',sys.stdin.read(),re.S).group(1)))"	free	install	prompt:https://libraries.dev/beam doc:https://raw.githubusercontent.com/Jakubantalik/Libraries.dev/main/skills/libraries-dev/references/01-border-beam.md
librariesdev	border-beam-pulse-inner	BorderBeam size="pulse-inner"	border/glow	边框内侧呼吸脉冲光，CTA 按钮高亮 pulse	npm i border-beam; 文档 https://raw.githubusercontent.com/Jakubantalik/Libraries.dev/main/skills/libraries-dev/references/01-border-beam.md; prompt: curl -sL https://libraries.dev/beam | python3 -c "import sys,re,html;print(html.unescape(re.search(r'<pre id=\"agent-prompt\" hidden>(.*?)</pre>',sys.stdin.read(),re.S).group(1)))"	free	install	prompt:https://libraries.dev/beam doc:https://raw.githubusercontent.com/Jakubantalik/Libraries.dev/main/skills/libraries-dev/references/01-border-beam.md
librariesdev	border-beam-pulse-outside	BorderBeam size="pulse-outside"	border/glow	边框向外扩散的脉冲光晕，prompt 输入框高亮 pulse bloom	npm i border-beam; 文档 https://raw.githubusercontent.com/Jakubantalik/Libraries.dev/main/skills/libraries-dev/references/01-border-beam.md; prompt: curl -sL https://libraries.dev/beam | python3 -c "import sys,re,html;print(html.unescape(re.search(r'<pre id=\"agent-prompt\" hidden>(.*?)</pre>',sys.stdin.read(),re.S).group(1)))"	free	install	prompt:https://libraries.dev/beam doc:https://raw.githubusercontent.com/Jakubantalik/Libraries.dev/main/skills/libraries-dev/references/01-border-beam.md
librariesdev	border-beam-palettes	colorVariant colorful/mono/ocean/sunset	border/glow	边框光束配色：彩虹/灰阶/海洋/日落 palette	npm i border-beam; 文档 https://raw.githubusercontent.com/Jakubantalik/Libraries.dev/main/skills/libraries-dev/references/01-border-beam.md; prompt: curl -sL https://libraries.dev/beam | python3 -c "import sys,re,html;print(html.unescape(re.search(r'<pre id=\"agent-prompt\" hidden>(.*?)</pre>',sys.stdin.read(),re.S).group(1)))"	free	install	prompt:https://libraries.dev/beam doc:https://raw.githubusercontent.com/Jakubantalik/Libraries.dev/main/skills/libraries-dev/references/01-border-beam.md
librariesdev	border-beam-pro-palettes	Beam Pro palettes (Forest/Candy/Ice/Gold) + 细调	border/glow	Pro 配色与时长、光晕、色相等细调，仅 Studio/Pro skill	https://libraries.dev/studio	pro	install	none
librariesdev	thinking-orbs	Thinking orbs	loader/ai-status	AI 思考中点阵 3D 小球 loading 指示器 thinking orb spinner 替代，9 种动画状态，2D canvas 无 WebGL	npm i thinking-orbs; 文档 https://raw.githubusercontent.com/Jakubantalik/Libraries.dev/main/skills/libraries-dev/references/02-thinking-orbs.md; prompt: curl -sL https://libraries.dev/orbs | python3 -c "import sys,re,html;print(html.unescape(re.search(r'<pre id=\"agent-prompt\" hidden>(.*?)</pre>',sys.stdin.read(),re.S).group(1)))"	free	install	prompt:https://libraries.dev/orbs doc:https://raw.githubusercontent.com/Jakubantalik/Libraries.dev/main/skills/libraries-dev/references/02-thinking-orbs.md
librariesdev	thinking-orbs-working	ThinkingOrb state="working"	loader/ai-status	粒子沿倾斜轨道运动，通用 agent 工作中/工具调用中 loading	npm i thinking-orbs; 文档 https://raw.githubusercontent.com/Jakubantalik/Libraries.dev/main/skills/libraries-dev/references/02-thinking-orbs.md; prompt: curl -sL https://libraries.dev/orbs | python3 -c "import sys,re,html;print(html.unescape(re.search(r'<pre id=\"agent-prompt\" hidden>(.*?)</pre>',sys.stdin.read(),re.S).group(1)))"	free	install	prompt:https://libraries.dev/orbs doc:https://raw.githubusercontent.com/Jakubantalik/Libraries.dev/main/skills/libraries-dev/references/02-thinking-orbs.md
librariesdev	thinking-orbs-searching	ThinkingOrb state="searching"	loader/ai-status	扫描子午线扫过点阵地球，联网搜索/检索/RAG 中	npm i thinking-orbs; 文档 https://raw.githubusercontent.com/Jakubantalik/Libraries.dev/main/skills/libraries-dev/references/02-thinking-orbs.md; prompt: curl -sL https://libraries.dev/orbs | python3 -c "import sys,re,html;print(html.unescape(re.search(r'<pre id=\"agent-prompt\" hidden>(.*?)</pre>',sys.stdin.read(),re.S).group(1)))"	free	install	prompt:https://libraries.dev/orbs doc:https://raw.githubusercontent.com/Jakubantalik/Libraries.dev/main/skills/libraries-dev/references/02-thinking-orbs.md
librariesdev	thinking-orbs-solving	ThinkingOrb state="solving"	loader/ai-status	条带四分之一转打乱再复位，代码执行/数学/调试中	npm i thinking-orbs; 文档 https://raw.githubusercontent.com/Jakubantalik/Libraries.dev/main/skills/libraries-dev/references/02-thinking-orbs.md; prompt: curl -sL https://libraries.dev/orbs | python3 -c "import sys,re,html;print(html.unescape(re.search(r'<pre id=\"agent-prompt\" hidden>(.*?)</pre>',sys.stdin.read(),re.S).group(1)))"	free	install	prompt:https://libraries.dev/orbs doc:https://raw.githubusercontent.com/Jakubantalik/Libraries.dev/main/skills/libraries-dev/references/02-thinking-orbs.md
librariesdev	thinking-orbs-listening	ThinkingOrb state="listening"	loader/ai-status	纬线环上滚动波形，麦克风录音/语音输入中	npm i thinking-orbs; 文档 https://raw.githubusercontent.com/Jakubantalik/Libraries.dev/main/skills/libraries-dev/references/02-thinking-orbs.md; prompt: curl -sL https://libraries.dev/orbs | python3 -c "import sys,re,html;print(html.unescape(re.search(r'<pre id=\"agent-prompt\" hidden>(.*?)</pre>',sys.stdin.read(),re.S).group(1)))"	free	install	prompt:https://libraries.dev/orbs doc:https://raw.githubusercontent.com/Jakubantalik/Libraries.dev/main/skills/libraries-dev/references/02-thinking-orbs.md
librariesdev	thinking-orbs-connecting	ThinkingOrb state="connecting"	loader/ai-status	星座连线+数据包流动，连接服务/MCP/数据源中	npm i thinking-orbs; 文档 https://raw.githubusercontent.com/Jakubantalik/Libraries.dev/main/skills/libraries-dev/references/02-thinking-orbs.md; prompt: curl -sL https://libraries.dev/orbs | python3 -c "import sys,re,html;print(html.unescape(re.search(r'<pre id=\"agent-prompt\" hidden>(.*?)</pre>',sys.stdin.read(),re.S).group(1)))"	free	install	prompt:https://libraries.dev/orbs doc:https://raw.githubusercontent.com/Jakubantalik/Libraries.dev/main/skills/libraries-dev/references/02-thinking-orbs.md
librariesdev	thinking-orbs-weaving	ThinkingOrb state="weaving"	loader/ai-status	三股线绕球编织，规划/planning/合并结果中	npm i thinking-orbs; 文档 https://raw.githubusercontent.com/Jakubantalik/Libraries.dev/main/skills/libraries-dev/references/02-thinking-orbs.md; prompt: curl -sL https://libraries.dev/orbs | python3 -c "import sys,re,html;print(html.unescape(re.search(r'<pre id=\"agent-prompt\" hidden>(.*?)</pre>',sys.stdin.read(),re.S).group(1)))"	free	install	prompt:https://libraries.dev/orbs doc:https://raw.githubusercontent.com/Jakubantalik/Libraries.dev/main/skills/libraries-dev/references/02-thinking-orbs.md
librariesdev	thinking-orbs-composing	ThinkingOrb state="composing"	loader/ai-status	起伏多带饰带，写作/生成文本/打字指示器替代	npm i thinking-orbs; 文档 https://raw.githubusercontent.com/Jakubantalik/Libraries.dev/main/skills/libraries-dev/references/02-thinking-orbs.md; prompt: curl -sL https://libraries.dev/orbs | python3 -c "import sys,re,html;print(html.unescape(re.search(r'<pre id=\"agent-prompt\" hidden>(.*?)</pre>',sys.stdin.read(),re.S).group(1)))"	free	install	prompt:https://libraries.dev/orbs doc:https://raw.githubusercontent.com/Jakubantalik/Libraries.dev/main/skills/libraries-dev/references/02-thinking-orbs.md
librariesdev	thinking-orbs-breathing	ThinkingOrb state="breathing"	loader/ai-status	正面圆环缓慢变形呼吸，空闲 Thinking…/推理中	npm i thinking-orbs; 文档 https://raw.githubusercontent.com/Jakubantalik/Libraries.dev/main/skills/libraries-dev/references/02-thinking-orbs.md; prompt: curl -sL https://libraries.dev/orbs | python3 -c "import sys,re,html;print(html.unescape(re.search(r'<pre id=\"agent-prompt\" hidden>(.*?)</pre>',sys.stdin.read(),re.S).group(1)))"	free	install	prompt:https://libraries.dev/orbs doc:https://raw.githubusercontent.com/Jakubantalik/Libraries.dev/main/skills/libraries-dev/references/02-thinking-orbs.md
librariesdev	thinking-orbs-shaping	ThinkingOrb state="shaping"	loader/ai-status	点阵轮廓在圆/三角/方之间变形，设计/构建布局中	npm i thinking-orbs; 文档 https://raw.githubusercontent.com/Jakubantalik/Libraries.dev/main/skills/libraries-dev/references/02-thinking-orbs.md; prompt: curl -sL https://libraries.dev/orbs | python3 -c "import sys,re,html;print(html.unescape(re.search(r'<pre id=\"agent-prompt\" hidden>(.*?)</pre>',sys.stdin.read(),re.S).group(1)))"	free	install	prompt:https://libraries.dev/orbs doc:https://raw.githubusercontent.com/Jakubantalik/Libraries.dev/main/skills/libraries-dev/references/02-thinking-orbs.md
librariesdev	thinking-orbs-pro	Orbs Pro (32px、速度、墨色、点密度、每状态细调、几何重建)	loader/ai-status	Orb 的 Pro 细调选项，仅 Studio/Pro skill	https://libraries.dev/studio	pro	install	none
librariesdev	liquid-gooey	Gooey (Liquid)	liquid/morph	液态融合 gooey 效果：元素靠近时像黏液合并、像果冻变形且文字保持清晰；SVG filter，<Liquid>/<Liquid.Item>	npm i liquid-gooey; 文档 https://raw.githubusercontent.com/Jakubantalik/Libraries.dev/main/skills/libraries-dev/references/03-liquid-gooey.md; prompt: curl -sL https://libraries.dev/gooey | python3 -c "import sys,re,html;print(html.unescape(re.search(r'<pre id=\"agent-prompt\" hidden>(.*?)</pre>',sys.stdin.read(),re.S).group(1)))"	free	install	prompt:https://libraries.dev/gooey doc:https://raw.githubusercontent.com/Jakubantalik/Libraries.dev/main/skills/libraries-dev/references/03-liquid-gooey.md
librariesdev	liquid-gooey-morph	Liquid.Item effect="morph"	liquid/morph	元素合并/分裂，加号 FAB 菜单展开成多个按钮 gooey menu	npm i liquid-gooey; 文档 https://raw.githubusercontent.com/Jakubantalik/Libraries.dev/main/skills/libraries-dev/references/03-liquid-gooey.md; prompt: curl -sL https://libraries.dev/gooey | python3 -c "import sys,re,html;print(html.unescape(re.search(r'<pre id=\"agent-prompt\" hidden>(.*?)</pre>',sys.stdin.read(),re.S).group(1)))"	free	install	prompt:https://libraries.dev/gooey doc:https://raw.githubusercontent.com/Jakubantalik/Libraries.dev/main/skills/libraries-dev/references/03-liquid-gooey.md
librariesdev	liquid-gooey-move	Liquid.Item effect="move"	liquid/morph	表面跟随移动元素拖出液滴尾巴，液态 tab 指示器/滑块 thumb	npm i liquid-gooey; 文档 https://raw.githubusercontent.com/Jakubantalik/Libraries.dev/main/skills/libraries-dev/references/03-liquid-gooey.md; prompt: curl -sL https://libraries.dev/gooey | python3 -c "import sys,re,html;print(html.unescape(re.search(r'<pre id=\"agent-prompt\" hidden>(.*?)</pre>',sys.stdin.read(),re.S).group(1)))"	free	install	prompt:https://libraries.dev/gooey doc:https://raw.githubusercontent.com/Jakubantalik/Libraries.dev/main/skills/libraries-dev/references/03-liquid-gooey.md
librariesdev	liquid-gooey-bend	Liquid.Item effect="bend"	liquid/morph	拖拽时卡片随速度弯曲，可拖拽卡片 drag card	npm i liquid-gooey; 文档 https://raw.githubusercontent.com/Jakubantalik/Libraries.dev/main/skills/libraries-dev/references/03-liquid-gooey.md; prompt: curl -sL https://libraries.dev/gooey | python3 -c "import sys,re,html;print(html.unescape(re.search(r'<pre id=\"agent-prompt\" hidden>(.*?)</pre>',sys.stdin.read(),re.S).group(1)))"	free	install	prompt:https://libraries.dev/gooey doc:https://raw.githubusercontent.com/Jakubantalik/Libraries.dev/main/skills/libraries-dev/references/03-liquid-gooey.md
librariesdev	liquid-gooey-melt	Liquid.Item effect="melt"	liquid/morph	两张图片熔化互相流入，image melt 过渡	npm i liquid-gooey; 文档 https://raw.githubusercontent.com/Jakubantalik/Libraries.dev/main/skills/libraries-dev/references/03-liquid-gooey.md; prompt: curl -sL https://libraries.dev/gooey | python3 -c "import sys,re,html;print(html.unescape(re.search(r'<pre id=\"agent-prompt\" hidden>(.*?)</pre>',sys.stdin.read(),re.S).group(1)))"	free	install	prompt:https://libraries.dev/gooey doc:https://raw.githubusercontent.com/Jakubantalik/Libraries.dev/main/skills/libraries-dev/references/03-liquid-gooey.md
librariesdev	liquid-gooey-pro	Gooey Pro (波纹、编排时序、物理参数、滤镜链重建)	liquid/morph	Gooey 的 Pro 细调，仅 Studio/Pro skill	https://libraries.dev/studio	pro	install	none
librariesdev	voice-glow	Voice (VoiceBeam)	voice/audio	随说话音量从聊天输入框/手机屏底部升起的彩色光晕 voice visualizer，处理中左右扫动；含 useMicrophone	npm i voice-glow; 文档 https://raw.githubusercontent.com/Jakubantalik/Libraries.dev/main/skills/libraries-dev/references/04-voice-glow.md; prompt: curl -sL https://libraries.dev/voice | python3 -c "import sys,re,html;print(html.unescape(re.search(r'<pre id=\"agent-prompt\" hidden>(.*?)</pre>',sys.stdin.read(),re.S).group(1)))"	free	install	prompt:https://libraries.dev/voice doc:https://raw.githubusercontent.com/Jakubantalik/Libraries.dev/main/skills/libraries-dev/references/04-voice-glow.md
librariesdev	voice-glow-default	VoiceBeam type="default"	voice/audio	约 350px 聊天输入框的语音光晕预设	npm i voice-glow; 文档 https://raw.githubusercontent.com/Jakubantalik/Libraries.dev/main/skills/libraries-dev/references/04-voice-glow.md; prompt: curl -sL https://libraries.dev/voice | python3 -c "import sys,re,html;print(html.unescape(re.search(r'<pre id=\"agent-prompt\" hidden>(.*?)</pre>',sys.stdin.read(),re.S).group(1)))"	free	install	prompt:https://libraries.dev/voice doc:https://raw.githubusercontent.com/Jakubantalik/Libraries.dev/main/skills/libraries-dev/references/04-voice-glow.md
librariesdev	voice-glow-mobile	VoiceBeam type="mobile"	voice/audio	手机屏幕底部语音光晕预设，范围更宽更高	npm i voice-glow; 文档 https://raw.githubusercontent.com/Jakubantalik/Libraries.dev/main/skills/libraries-dev/references/04-voice-glow.md; prompt: curl -sL https://libraries.dev/voice | python3 -c "import sys,re,html;print(html.unescape(re.search(r'<pre id=\"agent-prompt\" hidden>(.*?)</pre>',sys.stdin.read(),re.S).group(1)))"	free	install	prompt:https://libraries.dev/voice doc:https://raw.githubusercontent.com/Jakubantalik/Libraries.dev/main/skills/libraries-dev/references/04-voice-glow.md
librariesdev	voice-glow-processing	VoiceBeam processing	voice/audio	光晕聚成一束来回扫动，语音转写/回复思考中	npm i voice-glow; 文档 https://raw.githubusercontent.com/Jakubantalik/Libraries.dev/main/skills/libraries-dev/references/04-voice-glow.md; prompt: curl -sL https://libraries.dev/voice | python3 -c "import sys,re,html;print(html.unescape(re.search(r'<pre id=\"agent-prompt\" hidden>(.*?)</pre>',sys.stdin.read(),re.S).group(1)))"	free	install	prompt:https://libraries.dev/voice doc:https://raw.githubusercontent.com/Jakubantalik/Libraries.dev/main/skills/libraries-dev/references/04-voice-glow.md
librariesdev	voice-glow-usemicrophone	useMicrophone()	voice/audio	麦克风权限与 MediaStream 管理 hook（start/stop/state）	npm i voice-glow; 文档 https://raw.githubusercontent.com/Jakubantalik/Libraries.dev/main/skills/libraries-dev/references/04-voice-glow.md; prompt: curl -sL https://libraries.dev/voice | python3 -c "import sys,re,html;print(html.unescape(re.search(r'<pre id=\"agent-prompt\" hidden>(.*?)</pre>',sys.stdin.read(),re.S).group(1)))"	free	install	prompt:https://libraries.dev/voice doc:https://raw.githubusercontent.com/Jakubantalik/Libraries.dev/main/skills/libraries-dev/references/04-voice-glow.md
librariesdev	voice-glow-pro	Voice Pro (配色、输入链、形状、录音胶囊宿主)	voice/audio	Voice 的 Pro 细调，仅 Studio/Pro skill	https://libraries.dev/studio	pro	install	none
librariesdev	bot-avatars	Bot avatars	avatar	AI agent 动画头像：毛绒/塑料质感 3D 形状带表情，会四处看、跳、工作时蹦跳；canvas 无 WebGL	npm i bot-avatars; 文档 https://raw.githubusercontent.com/Jakubantalik/Libraries.dev/main/skills/libraries-dev/references/05-bot-avatars.md; prompt: curl -sL https://libraries.dev/bots | python3 -c "import sys,re,html;print(html.unescape(re.search(r'<pre id=\"agent-prompt\" hidden>(.*?)</pre>',sys.stdin.read(),re.S).group(1)))"	free	install	prompt:https://libraries.dev/bots doc:https://raw.githubusercontent.com/Jakubantalik/Libraries.dev/main/skills/libraries-dev/references/05-bot-avatars.md
librariesdev	bot-avatars-free-types	BotAvatar type: clover/flower/star/ghost/mech/circle/hexagon/square	avatar	8 种免费身体形状 bot 头像，state default/working，size 96/64/32，shading fabric/plastic	npm i bot-avatars; 文档 https://raw.githubusercontent.com/Jakubantalik/Libraries.dev/main/skills/libraries-dev/references/05-bot-avatars.md; prompt: curl -sL https://libraries.dev/bots | python3 -c "import sys,re,html;print(html.unescape(re.search(r'<pre id=\"agent-prompt\" hidden>(.*?)</pre>',sys.stdin.read(),re.S).group(1)))"	free	install	prompt:https://libraries.dev/bots doc:https://raw.githubusercontent.com/Jakubantalik/Libraries.dev/main/skills/libraries-dev/references/05-bot-avatars.md
librariesdev	bot-avatars-pro-types	BotAvatar Pro types: triangle/blob/drop/droid/alien/cat/cloud/pill/pebble/puddle	avatar	另外 10 种身体形状（包内类型已存在，页面/免费 skill 未开放）	https://libraries.dev/studio	pro	install	none
librariesdev	bot-avatars-pro-extras	Bot avatars Pro (sleeping 状态、帽子眼镜耳机领结、毛发灯光、自定义轮廓)	avatar	sleeping 睡眠态、配饰、毛发/光照细调、自定义 SVG 轮廓	https://libraries.dev/studio	pro	install	none
librariesdev	metal-fx	Liquid metal (metal-fx)	metal/shader	实时液态金属材质：按钮/图标/文字/徽章，游走光晕、邻近元素反射、光标弯折；WebGL（v2 基于 Paper Shaders）	npm i metal-fx; 文档 https://raw.githubusercontent.com/Jakubantalik/Libraries.dev/main/skills/libraries-dev/references/06-metal-fx.md; prompt: curl -sL https://libraries.dev/metal | python3 -c "import sys,re,html;print(html.unescape(re.search(r'<pre id=\"agent-prompt\" hidden>(.*?)</pre>',sys.stdin.read(),re.S).group(1)))"	free	install	prompt:https://libraries.dev/metal doc:https://raw.githubusercontent.com/Jakubantalik/Libraries.dev/main/skills/libraries-dev/references/06-metal-fx.md
librariesdev	metal-fx-button	MetalFx variant="button"	metal/shader	液态金属描边胶囊按钮，卖东西的 CTA（Get Pro/Upgrade）	npm i metal-fx; 文档 https://raw.githubusercontent.com/Jakubantalik/Libraries.dev/main/skills/libraries-dev/references/06-metal-fx.md; prompt: curl -sL https://libraries.dev/metal | python3 -c "import sys,re,html;print(html.unescape(re.search(r'<pre id=\"agent-prompt\" hidden>(.*?)</pre>',sys.stdin.read(),re.S).group(1)))"	free	install	prompt:https://libraries.dev/metal doc:https://raw.githubusercontent.com/Jakubantalik/Libraries.dev/main/skills/libraries-dev/references/06-metal-fx.md
librariesdev	metal-fx-circle	MetalFx variant="circle"	metal/shader	液态金属圆形图标按钮（如发送按钮）	npm i metal-fx; 文档 https://raw.githubusercontent.com/Jakubantalik/Libraries.dev/main/skills/libraries-dev/references/06-metal-fx.md; prompt: curl -sL https://libraries.dev/metal | python3 -c "import sys,re,html;print(html.unescape(re.search(r'<pre id=\"agent-prompt\" hidden>(.*?)</pre>',sys.stdin.read(),re.S).group(1)))"	free	install	prompt:https://libraries.dev/metal doc:https://raw.githubusercontent.com/Jakubantalik/Libraries.dev/main/skills/libraries-dev/references/06-metal-fx.md
librariesdev	metal-fx-text	MetalText	metal/shader	液态金属文字，大标题 h1 高亮 headline	npm i metal-fx; 文档 https://raw.githubusercontent.com/Jakubantalik/Libraries.dev/main/skills/libraries-dev/references/06-metal-fx.md; prompt: curl -sL https://libraries.dev/metal | python3 -c "import sys,re,html;print(html.unescape(re.search(r'<pre id=\"agent-prompt\" hidden>(.*?)</pre>',sys.stdin.read(),re.S).group(1)))"	free	install	prompt:https://libraries.dev/metal doc:https://raw.githubusercontent.com/Jakubantalik/Libraries.dev/main/skills/libraries-dev/references/06-metal-fx.md
librariesdev	metal-fx-badge	MetalBadge	metal/shader	液态金属徽章 New/Pro/Beta badge	npm i metal-fx; 文档 https://raw.githubusercontent.com/Jakubantalik/Libraries.dev/main/skills/libraries-dev/references/06-metal-fx.md; prompt: curl -sL https://libraries.dev/metal | python3 -c "import sys,re,html;print(html.unescape(re.search(r'<pre id=\"agent-prompt\" hidden>(.*?)</pre>',sys.stdin.read(),re.S).group(1)))"	free	install	prompt:https://libraries.dev/metal doc:https://raw.githubusercontent.com/Jakubantalik/Libraries.dev/main/skills/libraries-dev/references/06-metal-fx.md
librariesdev	metal-fx-presets	preset chromatic/silver/gold + useMetalBend/useMetalTextReflection	metal/shader	金属配色预设与光标弯折、文字反射 hook	npm i metal-fx; 文档 https://raw.githubusercontent.com/Jakubantalik/Libraries.dev/main/skills/libraries-dev/references/06-metal-fx.md; prompt: curl -sL https://libraries.dev/metal | python3 -c "import sys,re,html;print(html.unescape(re.search(r'<pre id=\"agent-prompt\" hidden>(.*?)</pre>',sys.stdin.read(),re.S).group(1)))"	free	install	prompt:https://libraries.dev/metal doc:https://raw.githubusercontent.com/Jakubantalik/Libraries.dev/main/skills/libraries-dev/references/06-metal-fx.md
librariesdev	metal-fx-v1	metal-fx@1 (v1 engine)	metal/shader	旧版 v1 金属引擎	npm i metal-fx@1	free	install	manual
librariesdev	metal-fx-pro	Metal Pro (Button/Badge 调优基线、着色器尺度、环宽、引擎调参)	metal/shader	Metal 的 Pro 细调，仅 Studio/Pro skill	https://libraries.dev/studio	pro	install	none
librariesdev	img-fx	Image generation (img-fx)	loader/image	图片生成占位 loader：WebGL 像素马赛克 shader 翻涌后溶解出真实图片，AI 生图/上传/懒加载；需要 three	npm i img-fx three; 文档 https://raw.githubusercontent.com/Jakubantalik/Libraries.dev/main/skills/libraries-dev/references/07-img-fx.md; prompt: curl -sL https://libraries.dev/image | python3 -c "import sys,re,html;print(html.unescape(re.search(r'<pre id=\"agent-prompt\" hidden>(.*?)</pre>',sys.stdin.read(),re.S).group(1)))"	free	install	prompt:https://libraries.dev/image doc:https://raw.githubusercontent.com/Jakubantalik/Libraries.dev/main/skills/libraries-dev/references/07-img-fx.md
librariesdev	img-fx-pixels-organic	preset="pixels-organic"	loader/image	柔和云状像素马赛克生成占位	npm i img-fx three; 文档 https://raw.githubusercontent.com/Jakubantalik/Libraries.dev/main/skills/libraries-dev/references/07-img-fx.md; prompt: curl -sL https://libraries.dev/image | python3 -c "import sys,re,html;print(html.unescape(re.search(r'<pre id=\"agent-prompt\" hidden>(.*?)</pre>',sys.stdin.read(),re.S).group(1)))"	free	install	prompt:https://libraries.dev/image doc:https://raw.githubusercontent.com/Jakubantalik/Libraries.dev/main/skills/libraries-dev/references/07-img-fx.md
librariesdev	img-fx-pixels-mechanic	preset="pixels-mechanic"	loader/image	锐利网格对齐像素马赛克生成占位	npm i img-fx three; 文档 https://raw.githubusercontent.com/Jakubantalik/Libraries.dev/main/skills/libraries-dev/references/07-img-fx.md; prompt: curl -sL https://libraries.dev/image | python3 -c "import sys,re,html;print(html.unescape(re.search(r'<pre id=\"agent-prompt\" hidden>(.*?)</pre>',sys.stdin.read(),re.S).group(1)))"	free	install	prompt:https://libraries.dev/image doc:https://raw.githubusercontent.com/Jakubantalik/Libraries.dev/main/skills/libraries-dev/references/07-img-fx.md
librariesdev	img-fx-sweep-gradient	preset="sweep-gradient"	loader/image	对角渐变带扫过+格子闪烁，可替代 skeleton 骨架屏	npm i img-fx three; 文档 https://raw.githubusercontent.com/Jakubantalik/Libraries.dev/main/skills/libraries-dev/references/07-img-fx.md; prompt: curl -sL https://libraries.dev/image | python3 -c "import sys,re,html;print(html.unescape(re.search(r'<pre id=\"agent-prompt\" hidden>(.*?)</pre>',sys.stdin.read(),re.S).group(1)))"	free	install	prompt:https://libraries.dev/image doc:https://raw.githubusercontent.com/Jakubantalik/Libraries.dev/main/skills/libraries-dev/references/07-img-fx.md
librariesdev	img-fx-pro	Image Pro (速度、像素格大小、Ocean/Ember/Mono 配色、shader 重建)	loader/image	Image 的 Pro 细调，仅 Studio/Pro skill	https://libraries.dev/studio	pro	install	none
librariesdev	libraries-dev-skill	libraries-dev agent skill (free)	tooling	官方免费 agent skill：7 个库的安装、用法、放置规则，含 libraries reveal/review/apply 命令	npx libraries-dev skill  或  npx skills add Jakubantalik/Libraries.dev  或 GitHub skills/libraries-dev/SKILL.md	free	install	manual
librariesdev	libraries-pro-skill	libraries-pro agent skill	tooling	Pro skill：Studio 全部参数、配色、cursor gravity、核心几何/shader 定制契约	npx libraries-dev skill --pro（需浏览器登录 Pro）	pro	install	none
librariesdev	studio	Studio	tooling	全部库的深度可视化调参台 + AI agent 调参，导出 React/RN/SwiftUI 配置	https://libraries.dev/studio	pro	install	none
