loadingui	ring	Ring	环形 spinner	https://loading-ui.com/docs/components/ring	npx shadcn@latest add @loading-ui/ring  # raw: https://loading-ui.com/r/ring.json	registry:https://loading-ui.com/r/ring.json doc:https://loading-ui.com/docs/components/ring.mdx	free	install	react		active		2026-10-07	fc49a06260	
loadingui	spokes	Spokes	环形 spinner	https://loading-ui.com/docs/components/spokes	npx shadcn@latest add @loading-ui/spokes  # raw: https://loading-ui.com/r/spokes.json	registry:https://loading-ui.com/r/spokes.json doc:https://loading-ui.com/docs/components/spokes.mdx	free	install	react		active		2026-10-07	5b4567282a	
loadingui	classic	Classic	环形 spinner	https://loading-ui.com/docs/components/classic	npx shadcn@latest add @loading-ui/classic  # raw: https://loading-ui.com/r/classic.json	registry:https://loading-ui.com/r/classic.json doc:https://loading-ui.com/docs/components/classic.mdx	free	install	react		active		2026-10-07	bf94c14667	
loadingui	dots-ring	Dots ring	环形 spinner	https://loading-ui.com/docs/components/dots-ring	npx shadcn@latest add @loading-ui/dots-ring  # raw: https://loading-ui.com/r/dots-ring.json	registry:https://loading-ui.com/r/dots-ring.json doc:https://loading-ui.com/docs/components/dots-ring.mdx	free	install	react		active		2026-10-07	173bf316b9	
loadingui	spiral	Spiral	环形 spinner	https://loading-ui.com/docs/components/spiral	npx shadcn@latest add @loading-ui/spiral  # raw: https://loading-ui.com/r/spiral.json	registry:https://loading-ui.com/r/spiral.json doc:https://loading-ui.com/docs/components/spiral.mdx	free	install	react	motion	active		2026-10-07	710e4f0bef	
loadingui	swirling	Swirling	环形 spinner	https://loading-ui.com/docs/components/swirling	npx shadcn@latest add @loading-ui/swirling  # raw: https://loading-ui.com/r/swirling.json	registry:https://loading-ui.com/r/swirling.json doc:https://loading-ui.com/docs/components/swirling.mdx	free	install	react		active		2026-10-07	f2bd39d5d0	
loadingui	arc	Arc	环形 spinner	https://loading-ui.com/docs/components/arc	npx shadcn@latest add @loading-ui/arc  # raw: https://loading-ui.com/r/arc.json	registry:https://loading-ui.com/r/arc.json doc:https://loading-ui.com/docs/components/arc.mdx	free	install	react		active		2026-10-07	47da08b36b	
loadingui	dual-arc	Dual arc	环形 spinner	https://loading-ui.com/docs/components/dual-arc	npx shadcn@latest add @loading-ui/dual-arc  # raw: https://loading-ui.com/r/dual-arc.json	registry:https://loading-ui.com/r/dual-arc.json doc:https://loading-ui.com/docs/components/dual-arc.mdx	free	install	react		active		2026-10-07	5f44408df4	
loadingui	fade-arc	Fade arc	环形 spinner	https://loading-ui.com/docs/components/fade-arc	npx shadcn@latest add @loading-ui/fade-arc  # raw: https://loading-ui.com/r/fade-arc.json	registry:https://loading-ui.com/r/fade-arc.json doc:https://loading-ui.com/docs/components/fade-arc.mdx	free	install	react		active		2026-10-07	785691a9ea	
loadingui	concentric-ring	Concentric ring	环形 spinner	https://loading-ui.com/docs/components/concentric-ring	npx shadcn@latest add @loading-ui/concentric-ring  # raw: https://loading-ui.com/r/concentric-ring.json	registry:https://loading-ui.com/r/concentric-ring.json doc:https://loading-ui.com/docs/components/concentric-ring.mdx	free	install	react		active		2026-10-07	e1568bdc6a	
loadingui	orbit-ring	Orbit ring	环形 spinner	https://loading-ui.com/docs/components/orbit-ring	npx shadcn@latest add @loading-ui/orbit-ring  # raw: https://loading-ui.com/r/orbit-ring.json	registry:https://loading-ui.com/r/orbit-ring.json doc:https://loading-ui.com/docs/components/orbit-ring.mdx	free	install	react		active		2026-10-07	aaf630c9d5	
loadingui	satellite-ring	Satellite ring	环形 spinner	https://loading-ui.com/docs/components/satellite-ring	npx shadcn@latest add @loading-ui/satellite-ring  # raw: https://loading-ui.com/r/satellite-ring.json	registry:https://loading-ui.com/r/satellite-ring.json doc:https://loading-ui.com/docs/components/satellite-ring.mdx	free	install	react		active		2026-10-07	d2aaf38a5e	
loadingui	clock-ring	Clock ring	环形 spinner	https://loading-ui.com/docs/components/clock-ring	npx shadcn@latest add @loading-ui/clock-ring  # raw: https://loading-ui.com/r/clock-ring.json	registry:https://loading-ui.com/r/clock-ring.json doc:https://loading-ui.com/docs/components/clock-ring.mdx	free	install	react		active		2026-10-07	bb399290fb	
loadingui	quarter-ring	Quarter ring	环形 spinner	https://loading-ui.com/docs/components/quarter-ring	npx shadcn@latest add @loading-ui/quarter-ring  # raw: https://loading-ui.com/r/quarter-ring.json	registry:https://loading-ui.com/r/quarter-ring.json doc:https://loading-ui.com/docs/components/quarter-ring.mdx	free	install	react		active		2026-10-07	d5e6ec7d76	
loadingui	dash-ring	Dash ring	环形 spinner	https://loading-ui.com/docs/components/dash-ring	npx shadcn@latest add @loading-ui/dash-ring  # raw: https://loading-ui.com/r/dash-ring.json	registry:https://loading-ui.com/r/dash-ring.json doc:https://loading-ui.com/docs/components/dash-ring.mdx	free	install	react		active		2026-10-07	9098d89d3d	
loadingui	comet-spinner	Comet spinner	环形 spinner	https://loading-ui.com/docs/components/comet-spinner	npx shadcn@latest add @loading-ui/comet-spinner  # raw: https://loading-ui.com/r/comet-spinner.json	registry:https://loading-ui.com/r/comet-spinner.json doc:https://loading-ui.com/docs/components/comet-spinner.mdx	free	install	react		active		2026-10-07	7dafe3d3c0	
loadingui	pulse	Pulse	脉冲/涟漪	https://loading-ui.com/docs/components/pulse	npx shadcn@latest add @loading-ui/pulse  # raw: https://loading-ui.com/r/pulse.json	registry:https://loading-ui.com/r/pulse.json doc:https://loading-ui.com/docs/components/pulse.mdx	free	install	react		active		2026-10-07	60fb53f045	
loadingui	ripple	Ripple	脉冲/涟漪	https://loading-ui.com/docs/components/ripple	npx shadcn@latest add @loading-ui/ripple  # raw: https://loading-ui.com/r/ripple.json	registry:https://loading-ui.com/r/ripple.json doc:https://loading-ui.com/docs/components/ripple.mdx	free	install	react		active		2026-10-07	f3194a5ab6	
loadingui	pulse-dot	Pulse dot	点状	https://loading-ui.com/docs/components/pulse-dot	npx shadcn@latest add @loading-ui/pulse-dot  # raw: https://loading-ui.com/r/pulse-dot.json	registry:https://loading-ui.com/r/pulse-dot.json doc:https://loading-ui.com/docs/components/pulse-dot.mdx	free	install	react		active		2026-10-07	e349fed97c	
loadingui	dots	Dots	点状	https://loading-ui.com/docs/components/dots	npx shadcn@latest add @loading-ui/dots  # raw: https://loading-ui.com/r/dots.json	registry:https://loading-ui.com/r/dots.json doc:https://loading-ui.com/docs/components/dots.mdx	free	install	react		active		2026-10-07	3b4190cae5	
loadingui	bobbing-dots	Bobbing dots	点状	https://loading-ui.com/docs/components/bobbing-dots	npx shadcn@latest add @loading-ui/bobbing-dots  # raw: https://loading-ui.com/r/bobbing-dots.json	registry:https://loading-ui.com/r/bobbing-dots.json doc:https://loading-ui.com/docs/components/bobbing-dots.mdx	free	install	react	motion	active		2026-10-07	91b7d15cb8	
loadingui	bouncing-dots	Bouncing dots	点状	https://loading-ui.com/docs/components/bouncing-dots	npx shadcn@latest add @loading-ui/bouncing-dots  # raw: https://loading-ui.com/r/bouncing-dots.json	registry:https://loading-ui.com/r/bouncing-dots.json doc:https://loading-ui.com/docs/components/bouncing-dots.mdx	free	install	react		active		2026-10-07	e2fc54f15d	
loadingui	typing	Typing	点状	https://loading-ui.com/docs/components/typing	npx shadcn@latest add @loading-ui/typing  # raw: https://loading-ui.com/r/typing.json	registry:https://loading-ui.com/r/typing.json doc:https://loading-ui.com/docs/components/typing.mdx	free	install	react		active		2026-10-07	304614ac9f	
loadingui	twin-orbit	Twin orbit	点状	https://loading-ui.com/docs/components/twin-orbit	npx shadcn@latest add @loading-ui/twin-orbit  # raw: https://loading-ui.com/r/twin-orbit.json	registry:https://loading-ui.com/r/twin-orbit.json doc:https://loading-ui.com/docs/components/twin-orbit.mdx	free	install	react		active		2026-10-07	a8a9b89458	
loadingui	pulsating-dots	Pulsating dots	点状	https://loading-ui.com/docs/components/pulsating-dots	npx shadcn@latest add @loading-ui/pulsating-dots  # raw: https://loading-ui.com/r/pulsating-dots.json	registry:https://loading-ui.com/r/pulsating-dots.json doc:https://loading-ui.com/docs/components/pulsating-dots.mdx	free	install	react	motion	active		2026-10-07	b16cf6728c	
loadingui	triple-dot-spinner	Triple dot spinner	点状	https://loading-ui.com/docs/components/triple-dot-spinner	npx shadcn@latest add @loading-ui/triple-dot-spinner  # raw: https://loading-ui.com/r/triple-dot-spinner.json	registry:https://loading-ui.com/r/triple-dot-spinner.json doc:https://loading-ui.com/docs/components/triple-dot-spinner.mdx	free	install	react		active		2026-10-07	95dc32cfe9	
loadingui	text-shimmer	Text shimmer	文字	https://loading-ui.com/docs/components/text-shimmer	npx shadcn@latest add @loading-ui/text-shimmer  # raw: https://loading-ui.com/r/text-shimmer.json	registry:https://loading-ui.com/r/text-shimmer.json doc:https://loading-ui.com/docs/components/text-shimmer.mdx	free	install	react	motion	active		2026-10-07	6236405aed	
loadingui	text-blink	Text blink	文字	https://loading-ui.com/docs/components/text-blink	npx shadcn@latest add @loading-ui/text-blink  # raw: https://loading-ui.com/r/text-blink.json	registry:https://loading-ui.com/r/text-blink.json doc:https://loading-ui.com/docs/components/text-blink.mdx	free	install	react		active		2026-10-07	9b10dffa73	
loadingui	text-dots	Text dots	文字	https://loading-ui.com/docs/components/text-dots	npx shadcn@latest add @loading-ui/text-dots  # raw: https://loading-ui.com/r/text-dots.json	registry:https://loading-ui.com/r/text-dots.json doc:https://loading-ui.com/docs/components/text-dots.mdx	free	install	react		active		2026-10-07	b9b4944949	
loadingui	text-shimmer-wave	Text shimmer wave	文字	https://loading-ui.com/docs/components/text-shimmer-wave	npx shadcn@latest add @loading-ui/text-shimmer-wave  # raw: https://loading-ui.com/r/text-shimmer-wave.json	registry:https://loading-ui.com/r/text-shimmer-wave.json doc:https://loading-ui.com/docs/components/text-shimmer-wave.mdx	free	install	react	motion	active		2026-10-07	5d14d8946b	
loadingui	morphing-infinity	Morphing infinity	无限/路径	https://loading-ui.com/docs/components/morphing-infinity	npx shadcn@latest add @loading-ui/morphing-infinity  # raw: https://loading-ui.com/r/morphing-infinity.json	registry:https://loading-ui.com/r/morphing-infinity.json doc:https://loading-ui.com/docs/components/morphing-infinity.mdx	free	install	react	motion	active		2026-10-07	272cd3f2c2	
loadingui	infinity	Infinity	无限/路径	https://loading-ui.com/docs/components/infinity	npx shadcn@latest add @loading-ui/infinity  # raw: https://loading-ui.com/r/infinity.json	registry:https://loading-ui.com/r/infinity.json doc:https://loading-ui.com/docs/components/infinity.mdx	free	install	react		active		2026-10-07	188a32e97c	
loadingui	accordion-loader	Accordion Loader	Unicode 字符	https://loading-ui.com/docs/components/accordion-loader	npx shadcn@latest add @loading-ui/accordion-loader  # raw: https://loading-ui.com/r/accordion-loader.json	registry:https://loading-ui.com/r/accordion-loader.json doc:https://loading-ui.com/docs/components/accordion-loader.mdx	free	install	react		active		2026-10-07	6ec6b2f114	
loadingui	symmetric-wave	Symmetric Wave	Unicode 字符	https://loading-ui.com/docs/components/symmetric-wave	npx shadcn@latest add @loading-ui/symmetric-wave  # raw: https://loading-ui.com/r/symmetric-wave.json	registry:https://loading-ui.com/r/symmetric-wave.json doc:https://loading-ui.com/docs/components/symmetric-wave.mdx	free	install	react		active		2026-10-07	d03e0a8f97	
loadingui	square-grid	Square Grid	Unicode 字符	https://loading-ui.com/docs/components/square-grid	npx shadcn@latest add @loading-ui/square-grid  # raw: https://loading-ui.com/r/square-grid.json	registry:https://loading-ui.com/r/square-grid.json doc:https://loading-ui.com/docs/components/square-grid.mdx	free	install	react		active		2026-10-07	e1ed9b4f30	
loadingui	square-accordion	Square Accordion	Unicode 字符	https://loading-ui.com/docs/components/square-accordion	npx shadcn@latest add @loading-ui/square-accordion  # raw: https://loading-ui.com/r/square-accordion.json	registry:https://loading-ui.com/r/square-accordion.json doc:https://loading-ui.com/docs/components/square-accordion.mdx	free	install	react		active		2026-10-07	3ec5af6bd0	
loadingui	conveyor-loop	Conveyor Loop	Unicode 字符	https://loading-ui.com/docs/components/conveyor-loop	npx shadcn@latest add @loading-ui/conveyor-loop  # raw: https://loading-ui.com/r/conveyor-loop.json	registry:https://loading-ui.com/r/conveyor-loop.json doc:https://loading-ui.com/docs/components/conveyor-loop.mdx	free	install	react		active		2026-10-07	14e27c5bbc	
loadingui	square-snake	Square Snake	Unicode 字符	https://loading-ui.com/docs/components/square-snake	npx shadcn@latest add @loading-ui/square-snake  # raw: https://loading-ui.com/r/square-snake.json	registry:https://loading-ui.com/r/square-snake.json doc:https://loading-ui.com/docs/components/square-snake.mdx	free	install	react		active		2026-10-07	a88b174699	
loadingui	infinity-square-snake	Infinity Square Snake	Unicode 字符	https://loading-ui.com/docs/components/infinity-square-snake	npx shadcn@latest add @loading-ui/infinity-square-snake  # raw: https://loading-ui.com/r/infinity-square-snake.json	registry:https://loading-ui.com/r/infinity-square-snake.json doc:https://loading-ui.com/docs/components/infinity-square-snake.mdx	free	install	react		active		2026-10-07	5195e6efba	
loadingui	infinity-track	Infinity Track	Unicode 字符	https://loading-ui.com/docs/components/infinity-track	npx shadcn@latest add @loading-ui/infinity-track  # raw: https://loading-ui.com/r/infinity-track.json	registry:https://loading-ui.com/r/infinity-track.json doc:https://loading-ui.com/docs/components/infinity-track.mdx	free	install	react		active		2026-10-07	57ed192fa3	
loadingui	diamond	Diamond	Unicode 字符	https://loading-ui.com/docs/components/diamond	npx shadcn@latest add @loading-ui/diamond  # raw: https://loading-ui.com/r/diamond.json	registry:https://loading-ui.com/r/diamond.json doc:https://loading-ui.com/docs/components/diamond.mdx	free	install	react		active		2026-10-07	ecc8e7959a	
loadingui	wave	Wave	条形/其他	https://loading-ui.com/docs/components/wave	npx shadcn@latest add @loading-ui/wave  # raw: https://loading-ui.com/r/wave.json	registry:https://loading-ui.com/r/wave.json doc:https://loading-ui.com/docs/components/wave.mdx	free	install	react		active		2026-10-07	03084fe5f2	
loadingui	bars	Bars	条形/其他	https://loading-ui.com/docs/components/bars	npx shadcn@latest add @loading-ui/bars  # raw: https://loading-ui.com/r/bars.json	registry:https://loading-ui.com/r/bars.json doc:https://loading-ui.com/docs/components/bars.mdx	free	install	react		active		2026-10-07	456c1ffb5b	
loadingui	analyzing-image	Analyzing image	场景占位	https://loading-ui.com/docs/components/analyzing-image	npx shadcn@latest add @loading-ui/analyzing-image  # raw: https://loading-ui.com/r/analyzing-image.json	registry:https://loading-ui.com/r/analyzing-image.json doc:https://loading-ui.com/docs/components/analyzing-image.mdx	free	install	react	motion	active		2026-10-07	652f6d0830	
loadingui	skeleton	Skeleton	场景占位	https://loading-ui.com/docs/components/skeleton	npx shadcn@latest add @loading-ui/skeleton  # raw: https://loading-ui.com/r/skeleton.json	registry:https://loading-ui.com/r/skeleton.json doc:https://loading-ui.com/docs/components/skeleton.mdx	free	install	react		active		2026-10-07	45db3140ef	
loadingui	terminal	Terminal	场景占位	https://loading-ui.com/docs/components/terminal	npx shadcn@latest add @loading-ui/terminal  # raw: https://loading-ui.com/r/terminal.json	registry:https://loading-ui.com/r/terminal.json doc:https://loading-ui.com/docs/components/terminal.mdx	free	install	react		active		2026-10-07	070795e4db	
loadingui	wandering-eyes	Wandering eyes	场景占位	https://loading-ui.com/docs/components/wandering-eyes	npx shadcn@latest add @loading-ui/wandering-eyes  # raw: https://loading-ui.com/r/wandering-eyes.json	registry:https://loading-ui.com/r/wandering-eyes.json doc:https://loading-ui.com/docs/components/wandering-eyes.mdx	free	install	react		active		2026-10-07	e6aa18b74e	
