magicui	android	Android	ui	https://magicui.design/docs/components/android	npx shadcn@latest add https://magicui.design/r/android.json	registry:https://magicui.design/r/android.json	free	install	react		needs-review		2026-10-08	5798feca98	new:2026-10-08
magicui	animated-beam	Animated Beam	ui	https://magicui.design/docs/components/animated-beam	npx shadcn@latest add https://magicui.design/r/animated-beam.json	registry:https://magicui.design/r/animated-beam.json	free	install	react	motion	needs-review		2026-10-08	ff4aa9dfa7	new:2026-10-08
magicui	animated-circular-progress-bar	Animated Circular Progress Bar	ui	https://magicui.design/docs/components/animated-circular-progress-bar	npx shadcn@latest add https://magicui.design/r/animated-circular-progress-bar.json	registry:https://magicui.design/r/animated-circular-progress-bar.json	free	install	react		needs-review		2026-10-08	d558e1e972	new:2026-10-08
magicui	animated-gradient-text	Animated Gradient Text	ui	https://magicui.design/docs/components/animated-gradient-text	npx shadcn@latest add https://magicui.design/r/animated-gradient-text.json	registry:https://magicui.design/r/animated-gradient-text.json	free	install	react		needs-review		2026-10-08	829e4140a2	new:2026-10-08
magicui	animated-grid-pattern	Animated Grid Pattern	ui	https://magicui.design/docs/components/animated-grid-pattern	npx shadcn@latest add https://magicui.design/r/animated-grid-pattern.json	registry:https://magicui.design/r/animated-grid-pattern.json	free	install	react	motion	needs-review		2026-10-08	d42fd6c108	new:2026-10-08
magicui	animated-list	Animated List	ui	https://magicui.design/docs/components/animated-list	npx shadcn@latest add https://magicui.design/r/animated-list.json	registry:https://magicui.design/r/animated-list.json	free	install	react	motion	needs-review		2026-10-08	53e788ca1a	new:2026-10-08
magicui	animated-shiny-text	Animated Shiny Text	ui	https://magicui.design/docs/components/animated-shiny-text	npx shadcn@latest add https://magicui.design/r/animated-shiny-text.json	registry:https://magicui.design/r/animated-shiny-text.json	free	install	react		needs-review		2026-10-08	6d637a3d32	new:2026-10-08
magicui	animated-theme-toggler	Theme Toggler	ui	https://magicui.design/docs/components/animated-theme-toggler	npx shadcn@latest add https://magicui.design/r/animated-theme-toggler.json	registry:https://magicui.design/r/animated-theme-toggler.json	free	install	react	lucide-react	needs-review		2026-10-08	a6fd5aaa66	new:2026-10-08
magicui	aurora-text	Aurora Text	ui	https://magicui.design/docs/components/aurora-text	npx shadcn@latest add https://magicui.design/r/aurora-text.json	registry:https://magicui.design/r/aurora-text.json	free	install	react		needs-review		2026-10-08	83f9fa80c2	new:2026-10-08
magicui	avatar-circles	Avatar Circles	ui	https://magicui.design/docs/components/avatar-circles	npx shadcn@latest add https://magicui.design/r/avatar-circles.json	registry:https://magicui.design/r/avatar-circles.json	free	install	react		needs-review		2026-10-08	c6d3bd1399	new:2026-10-08
magicui	backlight	Backlight	ui	https://magicui.design/docs/components/backlight	npx shadcn@latest add https://magicui.design/r/backlight.json	registry:https://magicui.design/r/backlight.json	free	install	react		needs-review		2026-10-08	148e002fb3	new:2026-10-08
magicui	bento-grid	Bento Grid	ui	https://magicui.design/docs/components/bento-grid	npx shadcn@latest add https://magicui.design/r/bento-grid.json	registry:https://magicui.design/r/bento-grid.json	free	install	react	@radix-ui/react-icons	needs-review		2026-10-08	71a312df39	new:2026-10-08
magicui	blur-fade	Blur Fade	ui	https://magicui.design/docs/components/blur-fade	npx shadcn@latest add https://magicui.design/r/blur-fade.json	registry:https://magicui.design/r/blur-fade.json	free	install	react	motion	needs-review		2026-10-08	bbaa579908	new:2026-10-08
magicui	border-beam	Border Beam	ui	https://magicui.design/docs/components/border-beam	npx shadcn@latest add https://magicui.design/r/border-beam.json	registry:https://magicui.design/r/border-beam.json	free	install	react	motion	needs-review		2026-10-08	e74cef2fbe	new:2026-10-08
magicui	client-tweet-card	Client Tweet Card	ui	https://magicui.design/docs/components/client-tweet-card	npx shadcn@latest add https://magicui.design/r/client-tweet-card.json	registry:https://magicui.design/r/client-tweet-card.json	free	install	react	react-tweet	needs-review		2026-10-08	04c6199403	new:2026-10-08
magicui	code-comparison	Code Comparison	ui	https://magicui.design/docs/components/code-comparison	npx shadcn@latest add https://magicui.design/r/code-comparison.json	registry:https://magicui.design/r/code-comparison.json	free	install	react	next-themes shiki	needs-review		2026-10-08	99838d72a8	new:2026-10-08
magicui	comic-text	Comic Text	ui	https://magicui.design/docs/components/comic-text	npx shadcn@latest add https://magicui.design/r/comic-text.json	registry:https://magicui.design/r/comic-text.json	free	install	react	motion	needs-review		2026-10-08	461b10d71b	new:2026-10-08
magicui	confetti	Confetti	ui	https://magicui.design/docs/components/confetti	npx shadcn@latest add https://magicui.design/r/confetti.json	registry:https://magicui.design/r/confetti.json	free	install	react	@types/canvas-confetti canvas-confetti	needs-review		2026-10-08	ee18d829d5	new:2026-10-08
magicui	cool-mode	Cool Mode	ui	https://magicui.design/docs/components/cool-mode	npx shadcn@latest add https://magicui.design/r/cool-mode.json	registry:https://magicui.design/r/cool-mode.json	free	install	react		needs-review		2026-10-08	ac368bffa4	new:2026-10-08
magicui	dia-text-reveal	Dia Text Reveal	ui	https://magicui.design/docs/components/dia-text-reveal	npx shadcn@latest add https://magicui.design/r/dia-text-reveal.json	registry:https://magicui.design/r/dia-text-reveal.json	free	install	react	motion	needs-review		2026-10-08	305ab1d756	new:2026-10-08
magicui	dock	Dock	ui	https://magicui.design/docs/components/dock	npx shadcn@latest add https://magicui.design/r/dock.json	registry:https://magicui.design/r/dock.json	free	install	react	motion	needs-review		2026-10-08	ebce9ea132	new:2026-10-08
magicui	dot-pattern	Dot Pattern	ui	https://magicui.design/docs/components/dot-pattern	npx shadcn@latest add https://magicui.design/r/dot-pattern.json	registry:https://magicui.design/r/dot-pattern.json	free	install	react		needs-review		2026-10-08	a5b0f6a0a2	new:2026-10-08
magicui	dotted-map	Dotted Map	ui	https://magicui.design/docs/components/dotted-map	npx shadcn@latest add https://magicui.design/r/dotted-map.json	registry:https://magicui.design/r/dotted-map.json	free	install	react	svg-dotted-map	needs-review		2026-10-08	28eff6f5d5	new:2026-10-08
magicui	file-tree	File Tree	ui	https://magicui.design/docs/components/file-tree	npx shadcn@latest add https://magicui.design/r/file-tree.json	registry:https://magicui.design/r/file-tree.json	free	install	react		needs-review		2026-10-08	00b161e005	new:2026-10-08
magicui	flickering-grid	Flickering Grid	ui	https://magicui.design/docs/components/flickering-grid	npx shadcn@latest add https://magicui.design/r/flickering-grid.json	registry:https://magicui.design/r/flickering-grid.json	free	install	react		needs-review		2026-10-08	e0d19e70ac	new:2026-10-08
magicui	floating-3d-particles	Floating 3D Particles	ui	https://magicui.design/docs/components/floating-3d-particles	npx shadcn@latest add https://magicui.design/r/floating-3d-particles.json	registry:https://magicui.design/r/floating-3d-particles.json	free	install	react		needs-review		2026-10-08	91a2612f00	new:2026-10-08
magicui	glare-hover	Glare Hover	ui	https://magicui.design/docs/components/glare-hover	npx shadcn@latest add https://magicui.design/r/glare-hover.json	registry:https://magicui.design/r/glare-hover.json	free	install	react		needs-review		2026-10-08	57fb75a976	new:2026-10-08
magicui	globe	Globe	ui	https://magicui.design/docs/components/globe	npx shadcn@latest add https://magicui.design/r/globe.json	registry:https://magicui.design/r/globe.json	free	install	react	cobe@^0.6.4 motion	needs-review		2026-10-08	1ce844e996	new:2026-10-08
magicui	glyph-matrix	Glyph Matrix	ui	https://magicui.design/docs/components/glyph-matrix	npx shadcn@latest add https://magicui.design/r/glyph-matrix.json	registry:https://magicui.design/r/glyph-matrix.json	free	install	react		needs-review		2026-10-08	e2acf1b543	new:2026-10-08
magicui	grid-pattern	Grid Pattern	ui	https://magicui.design/docs/components/grid-pattern	npx shadcn@latest add https://magicui.design/r/grid-pattern.json	registry:https://magicui.design/r/grid-pattern.json	free	install	react		needs-review		2026-10-08	6d8e2f5195	new:2026-10-08
magicui	hero-video-dialog	Hero Video Dialog	ui	https://magicui.design/docs/components/hero-video-dialog	npx shadcn@latest add https://magicui.design/r/hero-video-dialog.json	registry:https://magicui.design/r/hero-video-dialog.json	free	install	react	motion	needs-review		2026-10-08	d6e74cc62d	new:2026-10-08
magicui	hexagon-pattern	Hexagon Pattern	ui	https://magicui.design/docs/components/hexagon-pattern	npx shadcn@latest add https://magicui.design/r/hexagon-pattern.json	registry:https://magicui.design/r/hexagon-pattern.json	free	install	react		needs-review		2026-10-08	ef0c4b69ac	new:2026-10-08
magicui	highlighter	Highlighter	ui	https://magicui.design/docs/components/highlighter	npx shadcn@latest add https://magicui.design/r/highlighter.json	registry:https://magicui.design/r/highlighter.json	free	install	react	motion rough-notation	needs-review		2026-10-08	f62225c467	new:2026-10-08
magicui	hyper-text	Hyper Text	ui	https://magicui.design/docs/components/hyper-text	npx shadcn@latest add https://magicui.design/r/hyper-text.json	registry:https://magicui.design/r/hyper-text.json	free	install	react	motion	needs-review		2026-10-08	2afc622939	new:2026-10-08
magicui	icon-cloud	Icon Cloud	ui	https://magicui.design/docs/components/icon-cloud	npx shadcn@latest add https://magicui.design/r/icon-cloud.json	registry:https://magicui.design/r/icon-cloud.json	free	install	react	lucide-react	needs-review		2026-10-08	354a7ab53e	new:2026-10-08
magicui	interactive-grid-pattern	Interactive Grid Pattern	ui	https://magicui.design/docs/components/interactive-grid-pattern	npx shadcn@latest add https://magicui.design/r/interactive-grid-pattern.json	registry:https://magicui.design/r/interactive-grid-pattern.json	free	install	react		needs-review		2026-10-08	5e6d0ed16e	new:2026-10-08
magicui	interactive-hover-button	interactive-hover-button	ui	https://magicui.design/docs/components/interactive-hover-button	npx shadcn@latest add https://magicui.design/r/interactive-hover-button.json	registry:https://magicui.design/r/interactive-hover-button.json	free	install	react		needs-review		2026-10-08	9a9f7e5315	new:2026-10-08
magicui	iphone	iPhone	ui	https://magicui.design/docs/components/iphone	npx shadcn@latest add https://magicui.design/r/iphone.json	registry:https://magicui.design/r/iphone.json	free	install	react		needs-review		2026-10-08	6aa9948d8e	new:2026-10-08
magicui	kinetic-text	Kinetic Text	ui	https://magicui.design/docs/components/kinetic-text	npx shadcn@latest add https://magicui.design/r/kinetic-text.json	registry:https://magicui.design/r/kinetic-text.json	free	install	react		needs-review		2026-10-08	85cee6c1a0	new:2026-10-08
magicui	lens	Lens	ui	https://magicui.design/docs/components/lens	npx shadcn@latest add https://magicui.design/r/lens.json	registry:https://magicui.design/r/lens.json	free	install	react	motion	needs-review		2026-10-08	cee9715b39	new:2026-10-08
magicui	light-rays	Light Rays	ui	https://magicui.design/docs/components/light-rays	npx shadcn@latest add https://magicui.design/r/light-rays.json	registry:https://magicui.design/r/light-rays.json	free	install	react	motion	needs-review		2026-10-08	862900f25e	new:2026-10-08
magicui	line-shadow-text	Line Shadow Text	ui	https://magicui.design/docs/components/line-shadow-text	npx shadcn@latest add https://magicui.design/r/line-shadow-text.json	registry:https://magicui.design/r/line-shadow-text.json	free	install	react	motion	needs-review		2026-10-08	4414fbf90c	new:2026-10-08
magicui	magic-card	Magic Card	ui	https://magicui.design/docs/components/magic-card	npx shadcn@latest add https://magicui.design/r/magic-card.json	registry:https://magicui.design/r/magic-card.json	free	install	react	motion next-themes	needs-review		2026-10-08	bb0a764305	new:2026-10-08
magicui	marquee	Marquee	ui	https://magicui.design/docs/components/marquee	npx shadcn@latest add https://magicui.design/r/marquee.json	registry:https://magicui.design/r/marquee.json	free	install	react		needs-review		2026-10-08	202951e03b	new:2026-10-08
magicui	meteors	Meteors	ui	https://magicui.design/docs/components/meteors	npx shadcn@latest add https://magicui.design/r/meteors.json	registry:https://magicui.design/r/meteors.json	free	install	react		needs-review		2026-10-08	b7f2b1baeb	new:2026-10-08
magicui	morphing-text	Morphing Text	ui	https://magicui.design/docs/components/morphing-text	npx shadcn@latest add https://magicui.design/r/morphing-text.json	registry:https://magicui.design/r/morphing-text.json	free	install	react		needs-review		2026-10-08	280c084137	new:2026-10-08
magicui	neon-gradient-card	Neon Gradient Card	ui	https://magicui.design/docs/components/neon-gradient-card	npx shadcn@latest add https://magicui.design/r/neon-gradient-card.json	registry:https://magicui.design/r/neon-gradient-card.json	free	install	react		needs-review		2026-10-08	dac158cc7a	new:2026-10-08
magicui	noise-texture	Noise Texture	ui	https://magicui.design/docs/components/noise-texture	npx shadcn@latest add https://magicui.design/r/noise-texture.json	registry:https://magicui.design/r/noise-texture.json	free	install	react		needs-review		2026-10-08	9c1c0466e5	new:2026-10-08
magicui	number-ticker	Number Ticker	ui	https://magicui.design/docs/components/number-ticker	npx shadcn@latest add https://magicui.design/r/number-ticker.json	registry:https://magicui.design/r/number-ticker.json	free	install	react	motion	needs-review		2026-10-08	8613ddded9	new:2026-10-08
magicui	orbiting-circles	Orbiting Circles	ui	https://magicui.design/docs/components/orbiting-circles	npx shadcn@latest add https://magicui.design/r/orbiting-circles.json	registry:https://magicui.design/r/orbiting-circles.json	free	install	react		needs-review		2026-10-08	acae424ac0	new:2026-10-08
magicui	particles	Particles	ui	https://magicui.design/docs/components/particles	npx shadcn@latest add https://magicui.design/r/particles.json	registry:https://magicui.design/r/particles.json	free	install	react		needs-review		2026-10-08	35f4381ae6	new:2026-10-08
magicui	pixel-image	Pixel Image	ui	https://magicui.design/docs/components/pixel-image	npx shadcn@latest add https://magicui.design/r/pixel-image.json	registry:https://magicui.design/r/pixel-image.json	free	install	react		needs-review		2026-10-08	441ac8710f	new:2026-10-08
magicui	pointer	Pointer	ui	https://magicui.design/docs/components/pointer	npx shadcn@latest add https://magicui.design/r/pointer.json	registry:https://magicui.design/r/pointer.json	free	install	react	motion	needs-review		2026-10-08	db843d95a1	new:2026-10-08
magicui	progressive-blur	Progressive Blur	ui	https://magicui.design/docs/components/progressive-blur	npx shadcn@latest add https://magicui.design/r/progressive-blur.json	registry:https://magicui.design/r/progressive-blur.json	free	install	react		needs-review		2026-10-08	9c8745218d	new:2026-10-08
magicui	pulsating-button	Pulsating Button	ui	https://magicui.design/docs/components/pulsating-button	npx shadcn@latest add https://magicui.design/r/pulsating-button.json	registry:https://magicui.design/r/pulsating-button.json	free	install	react		needs-review		2026-10-08	65fcc5c0cf	new:2026-10-08
magicui	rainbow-button	Rainbow Button	ui	https://magicui.design/docs/components/rainbow-button	npx shadcn@latest add https://magicui.design/r/rainbow-button.json	registry:https://magicui.design/r/rainbow-button.json	free	install	react		needs-review		2026-10-08	6739808f2e	new:2026-10-08
magicui	retro-grid	Retro Grid	ui	https://magicui.design/docs/components/retro-grid	npx shadcn@latest add https://magicui.design/r/retro-grid.json	registry:https://magicui.design/r/retro-grid.json	free	install	react		needs-review		2026-10-08	9912a44e53	new:2026-10-08
magicui	ripple	Ripple	ui	https://magicui.design/docs/components/ripple	npx shadcn@latest add https://magicui.design/r/ripple.json	registry:https://magicui.design/r/ripple.json	free	install	react		needs-review		2026-10-08	4bd97cb823	new:2026-10-08
magicui	ripple-button	Ripple Button	ui	https://magicui.design/docs/components/ripple-button	npx shadcn@latest add https://magicui.design/r/ripple-button.json	registry:https://magicui.design/r/ripple-button.json	free	install	react		needs-review		2026-10-08	dafc8f19e3	new:2026-10-08
magicui	safari	Safari	ui	https://magicui.design/docs/components/safari	npx shadcn@latest add https://magicui.design/r/safari.json	registry:https://magicui.design/r/safari.json	free	install	react		needs-review		2026-10-08	3015916608	new:2026-10-08
magicui	scroll-based-velocity	Scroll Based Velocity	ui	https://magicui.design/docs/components/scroll-based-velocity	npx shadcn@latest add https://magicui.design/r/scroll-based-velocity.json	registry:https://magicui.design/r/scroll-based-velocity.json	free	install	react	motion	needs-review		2026-10-08	fac97d476c	new:2026-10-08
magicui	scroll-progress	Scroll Progress	ui	https://magicui.design/docs/components/scroll-progress	npx shadcn@latest add https://magicui.design/r/scroll-progress.json	registry:https://magicui.design/r/scroll-progress.json	free	install	react	motion	needs-review		2026-10-08	1bf3567c16	new:2026-10-08
magicui	shimmer-button	Shimmer Button	ui	https://magicui.design/docs/components/shimmer-button	npx shadcn@latest add https://magicui.design/r/shimmer-button.json	registry:https://magicui.design/r/shimmer-button.json	free	install	react		needs-review		2026-10-08	28b1ad4760	new:2026-10-08
magicui	shine-border	Shine Border	ui	https://magicui.design/docs/components/shine-border	npx shadcn@latest add https://magicui.design/r/shine-border.json	registry:https://magicui.design/r/shine-border.json	free	install	react		needs-review		2026-10-08	f9c1a6ca4e	new:2026-10-08
magicui	shiny-button	Shiny Button	ui	https://magicui.design/docs/components/shiny-button	npx shadcn@latest add https://magicui.design/r/shiny-button.json	registry:https://magicui.design/r/shiny-button.json	free	install	react	motion	needs-review		2026-10-08	a6829f2e0f	new:2026-10-08
magicui	smooth-cursor	smooth-cursor	ui	https://magicui.design/docs/components/smooth-cursor	npx shadcn@latest add https://magicui.design/r/smooth-cursor.json	registry:https://magicui.design/r/smooth-cursor.json	free	install	react	motion	needs-review		2026-10-08	1f94c92e82	new:2026-10-08
magicui	sparkles-text	Sparkles Text	ui	https://magicui.design/docs/components/sparkles-text	npx shadcn@latest add https://magicui.design/r/sparkles-text.json	registry:https://magicui.design/r/sparkles-text.json	free	install	react	motion	needs-review		2026-10-08	54c961d7a6	new:2026-10-08
magicui	spinning-text	Spinning Text	ui	https://magicui.design/docs/components/spinning-text	npx shadcn@latest add https://magicui.design/r/spinning-text.json	registry:https://magicui.design/r/spinning-text.json	free	install	react	motion	needs-review		2026-10-08	c2de072865	new:2026-10-08
magicui	striped-pattern	Striped Pattern	ui	https://magicui.design/docs/components/striped-pattern	npx shadcn@latest add https://magicui.design/r/striped-pattern.json	registry:https://magicui.design/r/striped-pattern.json	free	install	react		needs-review		2026-10-08	7af81f57cf	new:2026-10-08
magicui	terminal	Terminal	ui	https://magicui.design/docs/components/terminal	npx shadcn@latest add https://magicui.design/r/terminal.json	registry:https://magicui.design/r/terminal.json	free	install	react		needs-review		2026-10-08	10ce1a89c9	new:2026-10-08
magicui	text-3d-flip	Text 3D Flip	ui	https://magicui.design/docs/components/text-3d-flip	npx shadcn@latest add https://magicui.design/r/text-3d-flip.json	registry:https://magicui.design/r/text-3d-flip.json	free	install	react	motion	needs-review		2026-10-08	18b3639f68	new:2026-10-08
magicui	text-animate	Text Animate	ui	https://magicui.design/docs/components/text-animate	npx shadcn@latest add https://magicui.design/r/text-animate.json	registry:https://magicui.design/r/text-animate.json	free	install	react	motion	needs-review		2026-10-08	bf588158b1	new:2026-10-08
magicui	text-reveal	Text Reveal	ui	https://magicui.design/docs/components/text-reveal	npx shadcn@latest add https://magicui.design/r/text-reveal.json	registry:https://magicui.design/r/text-reveal.json	free	install	react	motion	needs-review		2026-10-08	1ae43049a2	new:2026-10-08
magicui	tweet-card	Tweet Card	ui	https://magicui.design/docs/components/tweet-card	npx shadcn@latest add https://magicui.design/r/tweet-card.json	registry:https://magicui.design/r/tweet-card.json	free	install	react	react-tweet	needs-review		2026-10-08	3947fc2a97	new:2026-10-08
magicui	typing-animation	Typing Animation	ui	https://magicui.design/docs/components/typing-animation	npx shadcn@latest add https://magicui.design/r/typing-animation.json	registry:https://magicui.design/r/typing-animation.json	free	install	react	motion	needs-review		2026-10-08	04433bbca0	new:2026-10-08
magicui	video-text	Video Text	ui	https://magicui.design/docs/components/video-text	npx shadcn@latest add https://magicui.design/r/video-text.json	registry:https://magicui.design/r/video-text.json	free	install	react		needs-review		2026-10-08	8bbea10ec0	new:2026-10-08
magicui	warp-background	Warp Background	ui	https://magicui.design/docs/components/warp-background	npx shadcn@latest add https://magicui.design/r/warp-background.json	registry:https://magicui.design/r/warp-background.json	free	install	react	motion	needs-review		2026-10-08	069991e093	new:2026-10-08
magicui	word-rotate	Word Rotate	ui	https://magicui.design/docs/components/word-rotate	npx shadcn@latest add https://magicui.design/r/word-rotate.json	registry:https://magicui.design/r/word-rotate.json	free	install	react	motion	needs-review		2026-10-08	48881eec44	new:2026-10-08
