obsidianui	active-sessions	Active Sessions	block	https://www.obsidianui.dev/docs/active-sessions	npx shadcn@latest add "https://www.obsidianui.dev/r/active-sessions.json"	registry:https://www.obsidianui.dev/r/active-sessions.json	free	install	react	clsx lucide-react motion tailwind-merge	active		2026-10-07	3c5c40936b	
obsidianui	art-gallery	Art Gallery	block	https://www.obsidianui.dev/docs/art-gallery	npx shadcn@latest add "https://www.obsidianui.dev/r/art-gallery.json"	registry:https://www.obsidianui.dev/r/art-gallery.json	free	install	react	clsx motion tailwind-merge three	active		2026-10-07	7eee3ecd0e	
obsidianui	dashboard-shell	Dashboard Shell	block	https://www.obsidianui.dev/docs/dashboard-shell	npx shadcn@latest add "https://www.obsidianui.dev/r/dashboard-shell.json"	registry:https://www.obsidianui.dev/r/dashboard-shell.json	free	install	react	@radix-ui/react-dropdown-menu @radix-ui/react-popover @radix-ui/react-tabs class-variance-authority clsx lucide-react motion tailwind-merge	active		2026-10-07	468e563a70	
obsidianui	discover-button	Discover Button	block	https://www.obsidianui.dev/docs/discover-button	npx shadcn@latest add "https://www.obsidianui.dev/r/discover-button.json"	registry:https://www.obsidianui.dev/r/discover-button.json	free	install	react	clsx lucide-react tailwind-merge	active		2026-10-07	94d250d161	
obsidianui	draggable-marquee	Draggable Marquee	block	https://www.obsidianui.dev/docs/draggable-marquee	npx shadcn@latest add "https://www.obsidianui.dev/r/draggable-marquee.json"	registry:https://www.obsidianui.dev/r/draggable-marquee.json	free	install	react	gsap	active		2026-10-07	f3e72045b5	
obsidianui	flip-text	Flip Text	block	https://www.obsidianui.dev/docs/flip-text	npx shadcn@latest add "https://www.obsidianui.dev/r/flip-text.json"	registry:https://www.obsidianui.dev/r/flip-text.json	free	install	react	clsx tailwind-merge	active		2026-10-07	649cdaa19b	
obsidianui	hover-img	Hover Image	block	https://www.obsidianui.dev/docs/hover-img	npx shadcn@latest add "https://www.obsidianui.dev/r/hover-img.json"	registry:https://www.obsidianui.dev/r/hover-img.json	free	install	react	gsap	active		2026-10-07	d7a4148f44	
obsidianui	split-showcase	Split Showcase	block	https://www.obsidianui.dev/docs/split-showcase	npx shadcn@latest add "https://www.obsidianui.dev/r/split-showcase.json"	registry:https://www.obsidianui.dev/r/split-showcase.json	free	install	react	clsx motion tailwind-merge	active		2026-10-07	8f8c0e7cbb	
obsidianui	status-bars	Status Bars	block	https://www.obsidianui.dev/docs/status-bars	npx shadcn@latest add "https://www.obsidianui.dev/r/status-bars.json"	registry:https://www.obsidianui.dev/r/status-bars.json	free	install	react	@number-flow/react clsx motion tailwind-merge	active		2026-10-07	e168078037	
obsidianui	text-stream	Text reel	block	https://www.obsidianui.dev/docs/text-stream	npx shadcn@latest add "https://www.obsidianui.dev/r/text-stream.json"	registry:https://www.obsidianui.dev/r/text-stream.json	free	install	react	clsx gsap tailwind-merge	active		2026-10-07	9ed5f13757	
obsidianui	v-prism	v-prism	block	https://www.obsidianui.dev/docs/v-prism	npx shadcn@latest add "https://www.obsidianui.dev/r/v-prism.json"	registry:https://www.obsidianui.dev/r/v-prism.json	free	install	react	next-themes postprocessing three	active		2026-10-07	aac23dea76	
obsidianui	click-spark	click-spark	block	https://www.obsidianui.dev/docs/click-spark	npx shadcn@latest add "https://www.obsidianui.dev/r/click-spark.json"	registry:https://www.obsidianui.dev/r/click-spark.json	free	install	react	motion next-themes	active		2026-10-07	0cc57c1eff	
obsidianui	file-input	file-input	block	https://www.obsidianui.dev/docs/file-input	npx shadcn@latest add "https://www.obsidianui.dev/r/file-input.json"	registry:https://www.obsidianui.dev/r/file-input.json	free	install	react	clsx lucide-react motion tailwind-merge	active		2026-10-07	f9d156964e	
obsidianui	footer	footer	block	https://www.obsidianui.dev/docs/footer	npx shadcn@latest add "https://www.obsidianui.dev/r/footer.json"	registry:https://www.obsidianui.dev/r/footer.json	free	install	react		active		2026-10-07	3ea5022559	
obsidianui	interactive-hover-button	interactive-hover-button	block	https://www.obsidianui.dev/docs/interactive-hover-button	npx shadcn@latest add "https://www.obsidianui.dev/r/interactive-hover-button.json"	registry:https://www.obsidianui.dev/r/interactive-hover-button.json	free	install	react	clsx lucide-react tailwind-merge	active		2026-10-07	4eb081d044	
obsidianui	liquid-metal	liquid-metal	block	https://www.obsidianui.dev/docs/liquid-metal	npx shadcn@latest add "https://www.obsidianui.dev/r/liquid-metal.json"	registry:https://www.obsidianui.dev/r/liquid-metal.json	free	install	react	@paper-design/shaders-react clsx motion tailwind-merge	active		2026-10-07	236e32b23e	
obsidianui	playground-button	playground-button	block	https://www.obsidianui.dev/docs/playground-button	npx shadcn@latest add "https://www.obsidianui.dev/r/playground-button.json"	registry:https://www.obsidianui.dev/r/playground-button.json	free	install	react	@radix-ui/react-slot class-variance-authority clsx tailwind-merge	active		2026-10-07	b730532f50	
obsidianui	playground-navbar	playground-navbar	block	https://www.obsidianui.dev/docs/playground-navbar	npx shadcn@latest add "https://www.obsidianui.dev/r/playground-navbar.json"	registry:https://www.obsidianui.dev/r/playground-navbar.json	free	install	react	motion	active		2026-10-07	92afc2eae4	
obsidianui	sidebar-stackbits	sidebar-stackbits	block	https://www.obsidianui.dev/docs/sidebar-stackbits	npx shadcn@latest add "https://www.obsidianui.dev/r/sidebar-stackbits.json"	registry:https://www.obsidianui.dev/r/sidebar-stackbits.json	free	install	react	clsx lucide-react motion tailwind-merge	active		2026-10-07	5b29299b58	
obsidianui	skeumorphic-music-card	skeumorphic-music-card	block	https://www.obsidianui.dev/docs/skeumorphic-music-card	npx shadcn@latest add "https://www.obsidianui.dev/r/skeumorphic-music-card.json"	registry:https://www.obsidianui.dev/r/skeumorphic-music-card.json	free	install	react	lucide-react	active		2026-10-07	3b77427604	
obsidianui	smooth-scroll	smooth-scroll	block	https://www.obsidianui.dev/docs/smooth-scroll	npx shadcn@latest add "https://www.obsidianui.dev/r/smooth-scroll.json"	registry:https://www.obsidianui.dev/r/smooth-scroll.json	free	install	react	lenis	active		2026-10-07	6acb9ca512	
obsidianui	visitor-count	visitor-count	block	https://www.obsidianui.dev/docs/visitor-count	npx shadcn@latest add "https://www.obsidianui.dev/r/visitor-count.json"	registry:https://www.obsidianui.dev/r/visitor-count.json	free	install	react	clsx lucide-react tailwind-merge	active		2026-10-07	9fa9683494	
obsidianui	loaders-gooey-blobs	loaders-gooey-blobs	ui	https://www.obsidianui.dev/docs/loaders-gooey-blobs	npx shadcn@latest add "https://www.obsidianui.dev/r/loaders-gooey-blobs.json"	registry:https://www.obsidianui.dev/r/loaders-gooey-blobs.json	free	install	react	clsx motion tailwind-merge	active		2026-10-07	8929eb37ea	
obsidianui	raised-button	raised-button	ui	https://www.obsidianui.dev/docs/raised-button	npx shadcn@latest add "https://www.obsidianui.dev/r/raised-button.json"	registry:https://www.obsidianui.dev/r/raised-button.json	free	install	react	@radix-ui/react-slot class-variance-authority clsx tailwind-merge	active		2026-10-07	8c308b2e0d	
obsidianui	alert	alert	ui-primitive	https://www.obsidianui.dev/docs/alert	npx shadcn@latest add "https://www.obsidianui.dev/r/alert.json"	registry:https://www.obsidianui.dev/r/alert.json	free	install	react	class-variance-authority clsx tailwind-merge	active		2026-10-07	eda3097a7f	
obsidianui	avatar	avatar	ui-primitive	https://www.obsidianui.dev/docs/avatar	npx shadcn@latest add "https://www.obsidianui.dev/r/avatar.json"	registry:https://www.obsidianui.dev/r/avatar.json	free	install	react	@radix-ui/react-avatar clsx tailwind-merge	active		2026-10-07	5c6e72d249	
obsidianui	badge	badge	ui-primitive	https://www.obsidianui.dev/docs/badge	npx shadcn@latest add "https://www.obsidianui.dev/r/badge.json"	registry:https://www.obsidianui.dev/r/badge.json	free	install	react	@radix-ui/react-slot class-variance-authority clsx tailwind-merge	active		2026-10-07	fcb4f35de8	
obsidianui	breadcrumb	breadcrumb	ui-primitive	https://www.obsidianui.dev/docs/breadcrumb	npx shadcn@latest add "https://www.obsidianui.dev/r/breadcrumb.json"	registry:https://www.obsidianui.dev/r/breadcrumb.json	free	install	react	@radix-ui/react-slot clsx lucide-react tailwind-merge	active		2026-10-07	43ebc71d7f	
obsidianui	button	button	ui-primitive	https://www.obsidianui.dev/docs/button	npx shadcn@latest add "https://www.obsidianui.dev/r/button.json"	registry:https://www.obsidianui.dev/r/button.json	free	install	react	@radix-ui/react-slot class-variance-authority clsx tailwind-merge	active		2026-10-07	3fe00fea05	
obsidianui	button-group	button-group	ui-primitive	https://www.obsidianui.dev/docs/button-group	npx shadcn@latest add "https://www.obsidianui.dev/r/button-group.json"	registry:https://www.obsidianui.dev/r/button-group.json	free	install	react	@radix-ui/react-separator @radix-ui/react-slot class-variance-authority clsx tailwind-merge	active		2026-10-07	069f8a43b1	
obsidianui	calendar	calendar	ui-primitive	https://www.obsidianui.dev/docs/calendar	npx shadcn@latest add "https://www.obsidianui.dev/r/calendar.json"	registry:https://www.obsidianui.dev/r/calendar.json	free	install	react	@radix-ui/react-slot class-variance-authority clsx lucide-react react-day-picker tailwind-merge	active		2026-10-07	91c64158ac	
obsidianui	card	card	ui-primitive	https://www.obsidianui.dev/docs/card	npx shadcn@latest add "https://www.obsidianui.dev/r/card.json"	registry:https://www.obsidianui.dev/r/card.json	free	install	react	clsx tailwind-merge	active		2026-10-07	f03c48b765	
obsidianui	carousel	carousel	ui-primitive	https://www.obsidianui.dev/docs/carousel	npx shadcn@latest add "https://www.obsidianui.dev/r/carousel.json"	registry:https://www.obsidianui.dev/r/carousel.json	free	install	react	@radix-ui/react-slot class-variance-authority clsx embla-carousel-react lucide-react tailwind-merge	active		2026-10-07	3027bf7e98	
obsidianui	chart	chart	ui-primitive	https://www.obsidianui.dev/docs/chart	npx shadcn@latest add "https://www.obsidianui.dev/r/chart.json"	registry:https://www.obsidianui.dev/r/chart.json	free	install	react	clsx recharts tailwind-merge	active		2026-10-07	b720760dd3	
obsidianui	checkbox	checkbox	ui-primitive	https://www.obsidianui.dev/docs/checkbox	npx shadcn@latest add "https://www.obsidianui.dev/r/checkbox.json"	registry:https://www.obsidianui.dev/r/checkbox.json	free	install	react	@radix-ui/react-checkbox clsx lucide-react tailwind-merge	active		2026-10-07	89ca72b4f3	
obsidianui	collapsible	collapsible	ui-primitive	https://www.obsidianui.dev/docs/collapsible	npx shadcn@latest add "https://www.obsidianui.dev/r/collapsible.json"	registry:https://www.obsidianui.dev/r/collapsible.json	free	install	react	@radix-ui/react-collapsible	active		2026-10-07	0573376967	
obsidianui	command	command	ui-primitive	https://www.obsidianui.dev/docs/command	npx shadcn@latest add "https://www.obsidianui.dev/r/command.json"	registry:https://www.obsidianui.dev/r/command.json	free	install	react	@radix-ui/react-dialog clsx cmdk lucide-react tailwind-merge	active		2026-10-07	7a12ae4115	
obsidianui	context-menu	context-menu	ui-primitive	https://www.obsidianui.dev/docs/context-menu	npx shadcn@latest add "https://www.obsidianui.dev/r/context-menu.json"	registry:https://www.obsidianui.dev/r/context-menu.json	free	install	react	@radix-ui/react-context-menu clsx lucide-react tailwind-merge	active		2026-10-07	dcdea797ac	
obsidianui	dialog	dialog	ui-primitive	https://www.obsidianui.dev/docs/dialog	npx shadcn@latest add "https://www.obsidianui.dev/r/dialog.json"	registry:https://www.obsidianui.dev/r/dialog.json	free	install	react	@radix-ui/react-dialog clsx lucide-react tailwind-merge	active		2026-10-07	db1fdf1bec	
obsidianui	drawer	drawer	ui-primitive	https://www.obsidianui.dev/docs/drawer	npx shadcn@latest add "https://www.obsidianui.dev/r/drawer.json"	registry:https://www.obsidianui.dev/r/drawer.json	free	install	react	clsx tailwind-merge vaul	active		2026-10-07	92f2f3bda3	
obsidianui	dropdown-menu	dropdown-menu	ui-primitive	https://www.obsidianui.dev/docs/dropdown-menu	npx shadcn@latest add "https://www.obsidianui.dev/r/dropdown-menu.json"	registry:https://www.obsidianui.dev/r/dropdown-menu.json	free	install	react	@radix-ui/react-dropdown-menu clsx lucide-react tailwind-merge	active		2026-10-07	3ec6e1bd50	
obsidianui	empty	empty	ui-primitive	https://www.obsidianui.dev/docs/empty	npx shadcn@latest add "https://www.obsidianui.dev/r/empty.json"	registry:https://www.obsidianui.dev/r/empty.json	free	install	react	class-variance-authority clsx tailwind-merge	active		2026-10-07	1fb6518c96	
obsidianui	field	field	ui-primitive	https://www.obsidianui.dev/docs/field	npx shadcn@latest add "https://www.obsidianui.dev/r/field.json"	registry:https://www.obsidianui.dev/r/field.json	free	install	react	@radix-ui/react-label @radix-ui/react-separator class-variance-authority clsx tailwind-merge	active		2026-10-07	71d9d461b8	
obsidianui	form	form	ui-primitive	https://www.obsidianui.dev/docs/form	npx shadcn@latest add "https://www.obsidianui.dev/r/form.json"	registry:https://www.obsidianui.dev/r/form.json	free	install	react	@radix-ui/react-label @radix-ui/react-slot clsx react-hook-form tailwind-merge	active		2026-10-07	2a03b6f42b	
obsidianui	hover-card	hover-card	ui-primitive	https://www.obsidianui.dev/docs/hover-card	npx shadcn@latest add "https://www.obsidianui.dev/r/hover-card.json"	registry:https://www.obsidianui.dev/r/hover-card.json	free	install	react	@radix-ui/react-hover-card clsx tailwind-merge	active		2026-10-07	d17692995a	
obsidianui	input	input	ui-primitive	https://www.obsidianui.dev/docs/input	npx shadcn@latest add "https://www.obsidianui.dev/r/input.json"	registry:https://www.obsidianui.dev/r/input.json	free	install	react	clsx tailwind-merge	active		2026-10-07	7607fe2104	
obsidianui	input-group	input-group	ui-primitive	https://www.obsidianui.dev/docs/input-group	npx shadcn@latest add "https://www.obsidianui.dev/r/input-group.json"	registry:https://www.obsidianui.dev/r/input-group.json	free	install	react	@radix-ui/react-slot class-variance-authority clsx tailwind-merge	active		2026-10-07	98396396d7	
obsidianui	input-otp	input-otp	ui-primitive	https://www.obsidianui.dev/docs/input-otp	npx shadcn@latest add "https://www.obsidianui.dev/r/input-otp.json"	registry:https://www.obsidianui.dev/r/input-otp.json	free	install	react	clsx input-otp lucide-react tailwind-merge	active		2026-10-07	75cd522847	
obsidianui	item	item	ui-primitive	https://www.obsidianui.dev/docs/item	npx shadcn@latest add "https://www.obsidianui.dev/r/item.json"	registry:https://www.obsidianui.dev/r/item.json	free	install	react	@radix-ui/react-separator @radix-ui/react-slot class-variance-authority clsx tailwind-merge	active		2026-10-07	14e0b506ee	
obsidianui	kbd	kbd	ui-primitive	https://www.obsidianui.dev/docs/kbd	npx shadcn@latest add "https://www.obsidianui.dev/r/kbd.json"	registry:https://www.obsidianui.dev/r/kbd.json	free	install	react	clsx tailwind-merge	active		2026-10-07	375117b13f	
obsidianui	label	label	ui-primitive	https://www.obsidianui.dev/docs/label	npx shadcn@latest add "https://www.obsidianui.dev/r/label.json"	registry:https://www.obsidianui.dev/r/label.json	free	install	react	@radix-ui/react-label clsx tailwind-merge	active		2026-10-07	0b0a17b577	
obsidianui	menubar	menubar	ui-primitive	https://www.obsidianui.dev/docs/menubar	npx shadcn@latest add "https://www.obsidianui.dev/r/menubar.json"	registry:https://www.obsidianui.dev/r/menubar.json	free	install	react	@radix-ui/react-menubar clsx lucide-react tailwind-merge	active		2026-10-07	976849b4e7	
obsidianui	navigation-menu	navigation-menu	ui-primitive	https://www.obsidianui.dev/docs/navigation-menu	npx shadcn@latest add "https://www.obsidianui.dev/r/navigation-menu.json"	registry:https://www.obsidianui.dev/r/navigation-menu.json	free	install	react	@radix-ui/react-navigation-menu class-variance-authority clsx lucide-react tailwind-merge	active		2026-10-07	f1de9ec168	
obsidianui	pagination	pagination	ui-primitive	https://www.obsidianui.dev/docs/pagination	npx shadcn@latest add "https://www.obsidianui.dev/r/pagination.json"	registry:https://www.obsidianui.dev/r/pagination.json	free	install	react	@radix-ui/react-slot class-variance-authority clsx lucide-react tailwind-merge	active		2026-10-07	83b227dfe8	
obsidianui	popover	popover	ui-primitive	https://www.obsidianui.dev/docs/popover	npx shadcn@latest add "https://www.obsidianui.dev/r/popover.json"	registry:https://www.obsidianui.dev/r/popover.json	free	install	react	@radix-ui/react-popover clsx tailwind-merge	active		2026-10-07	85b31ef562	
obsidianui	progress	progress	ui-primitive	https://www.obsidianui.dev/docs/progress	npx shadcn@latest add "https://www.obsidianui.dev/r/progress.json"	registry:https://www.obsidianui.dev/r/progress.json	free	install	react	@radix-ui/react-progress clsx tailwind-merge	active		2026-10-07	d6aa69c915	
obsidianui	radio-group	radio-group	ui-primitive	https://www.obsidianui.dev/docs/radio-group	npx shadcn@latest add "https://www.obsidianui.dev/r/radio-group.json"	registry:https://www.obsidianui.dev/r/radio-group.json	free	install	react	@radix-ui/react-radio-group clsx lucide-react tailwind-merge	active		2026-10-07	e38ef7a7a9	
obsidianui	resizable	resizable	ui-primitive	https://www.obsidianui.dev/docs/resizable	npx shadcn@latest add "https://www.obsidianui.dev/r/resizable.json"	registry:https://www.obsidianui.dev/r/resizable.json	free	install	react	clsx lucide-react react-resizable-panels tailwind-merge	active		2026-10-07	c34c78fef3	
obsidianui	scroll-area	scroll-area	ui-primitive	https://www.obsidianui.dev/docs/scroll-area	npx shadcn@latest add "https://www.obsidianui.dev/r/scroll-area.json"	registry:https://www.obsidianui.dev/r/scroll-area.json	free	install	react	@radix-ui/react-scroll-area clsx tailwind-merge	active		2026-10-07	9eb9237e72	
obsidianui	select	select	ui-primitive	https://www.obsidianui.dev/docs/select	npx shadcn@latest add "https://www.obsidianui.dev/r/select.json"	registry:https://www.obsidianui.dev/r/select.json	free	install	react	@radix-ui/react-select clsx lucide-react tailwind-merge	active		2026-10-07	ef11aef4ee	
obsidianui	separator	separator	ui-primitive	https://www.obsidianui.dev/docs/separator	npx shadcn@latest add "https://www.obsidianui.dev/r/separator.json"	registry:https://www.obsidianui.dev/r/separator.json	free	install	react	@radix-ui/react-separator clsx tailwind-merge	active		2026-10-07	b06f9aac03	
obsidianui	sheet	sheet	ui-primitive	https://www.obsidianui.dev/docs/sheet	npx shadcn@latest add "https://www.obsidianui.dev/r/sheet.json"	registry:https://www.obsidianui.dev/r/sheet.json	free	install	react	@radix-ui/react-dialog clsx lucide-react tailwind-merge	active		2026-10-07	c613313b10	
obsidianui	sidebar	sidebar	ui-primitive	https://www.obsidianui.dev/docs/sidebar	npx shadcn@latest add "https://www.obsidianui.dev/r/sidebar.json"	registry:https://www.obsidianui.dev/r/sidebar.json	free	install	react	@radix-ui/react-dialog @radix-ui/react-separator @radix-ui/react-slot @radix-ui/react-tooltip class-variance-authority clsx lucide-react tailwind-merge	active		2026-10-07	335755308d	
obsidianui	skeleton	skeleton	ui-primitive	https://www.obsidianui.dev/docs/skeleton	npx shadcn@latest add "https://www.obsidianui.dev/r/skeleton.json"	registry:https://www.obsidianui.dev/r/skeleton.json	free	install	react	clsx tailwind-merge	active		2026-10-07	ef19a01b7e	
obsidianui	slider	slider	ui-primitive	https://www.obsidianui.dev/docs/slider	npx shadcn@latest add "https://www.obsidianui.dev/r/slider.json"	registry:https://www.obsidianui.dev/r/slider.json	free	install	react	@radix-ui/react-slider clsx tailwind-merge	active		2026-10-07	eae3e21d81	
obsidianui	sonner	sonner	ui-primitive	https://www.obsidianui.dev/docs/sonner	npx shadcn@latest add "https://www.obsidianui.dev/r/sonner.json"	registry:https://www.obsidianui.dev/r/sonner.json	free	install	react	lucide-react next-themes sonner	active		2026-10-07	8b75c1e08a	
obsidianui	spinner	spinner	ui-primitive	https://www.obsidianui.dev/docs/spinner	npx shadcn@latest add "https://www.obsidianui.dev/r/spinner.json"	registry:https://www.obsidianui.dev/r/spinner.json	free	install	react	clsx lucide-react tailwind-merge	active		2026-10-07	8ce226cf0a	
obsidianui	switch	switch	ui-primitive	https://www.obsidianui.dev/docs/switch	npx shadcn@latest add "https://www.obsidianui.dev/r/switch.json"	registry:https://www.obsidianui.dev/r/switch.json	free	install	react	@radix-ui/react-switch clsx tailwind-merge	active		2026-10-07	daf892720e	
obsidianui	table	table	ui-primitive	https://www.obsidianui.dev/docs/table	npx shadcn@latest add "https://www.obsidianui.dev/r/table.json"	registry:https://www.obsidianui.dev/r/table.json	free	install	react	clsx tailwind-merge	active		2026-10-07	0e5d91212d	
obsidianui	tabs	tabs	ui-primitive	https://www.obsidianui.dev/docs/tabs	npx shadcn@latest add "https://www.obsidianui.dev/r/tabs.json"	registry:https://www.obsidianui.dev/r/tabs.json	free	install	react	@radix-ui/react-tabs clsx tailwind-merge	active		2026-10-07	e3fc59a1d9	
obsidianui	textarea	textarea	ui-primitive	https://www.obsidianui.dev/docs/textarea	npx shadcn@latest add "https://www.obsidianui.dev/r/textarea.json"	registry:https://www.obsidianui.dev/r/textarea.json	free	install	react	clsx tailwind-merge	active		2026-10-07	a1e11487a2	
obsidianui	toggle	toggle	ui-primitive	https://www.obsidianui.dev/docs/toggle	npx shadcn@latest add "https://www.obsidianui.dev/r/toggle.json"	registry:https://www.obsidianui.dev/r/toggle.json	free	install	react	@radix-ui/react-toggle class-variance-authority clsx tailwind-merge	active		2026-10-07	c815a9a5f7	
obsidianui	toggle-group	toggle-group	ui-primitive	https://www.obsidianui.dev/docs/toggle-group	npx shadcn@latest add "https://www.obsidianui.dev/r/toggle-group.json"	registry:https://www.obsidianui.dev/r/toggle-group.json	free	install	react	@radix-ui/react-toggle @radix-ui/react-toggle-group class-variance-authority clsx tailwind-merge	active		2026-10-07	ea262327fe	
obsidianui	tooltip	tooltip	ui-primitive	https://www.obsidianui.dev/docs/tooltip	npx shadcn@latest add "https://www.obsidianui.dev/r/tooltip.json"	registry:https://www.obsidianui.dev/r/tooltip.json	free	install	react	@radix-ui/react-tooltip clsx tailwind-merge	active		2026-10-07	f5ae6da9e7	
obsidianui	template:project-one	Project One	template	https://github.com/Atharvsinh-codez/Project-1	git clone https://github.com/Atharvsinh-codez/Project-1	manual	free	install	react		active		2026-10-07		
