reactbits	ascii-text	ASCIIText	Text Animations	ASCII 字符画文字，带动态 ASCII 背景，复古终端感 (three.js)；依赖 three	npx shadcn@latest add @react-bits/ASCIIText-TS-TW	free	install	registry:https://reactbits.dev/r/ASCIIText-TS-TW.json
reactbits	blur-text	BlurText	Text Animations	文字由模糊到清晰的逐字/逐词入场模糊揭示；依赖 motion	npx shadcn@latest add @react-bits/BlurText-TS-TW	free	install	registry:https://reactbits.dev/r/BlurText-TS-TW.json
reactbits	circular-text	CircularText	Text Animations	字符沿圆形排布并可旋转的环形文字/徽章文字；依赖 motion	npx shadcn@latest add @react-bits/CircularText-TS-TW	free	install	registry:https://reactbits.dev/r/CircularText-TS-TW.json
reactbits	count-up	CountUp	Text Animations	数字滚动计数器，支持格式化与小数，适合统计数据；依赖 motion	npx shadcn@latest add @react-bits/CountUp-TS-TW	free	install	registry:https://reactbits.dev/r/CountUp-TS-TW.json
reactbits	curved-loop	CurvedLoop	Text Animations	沿可调曲线循环流动的文字跑马灯，可拖拽	npx shadcn@latest add @react-bits/CurvedLoop-TS-TW	free	install	registry:https://reactbits.dev/r/CurvedLoop-TS-TW.json
reactbits	decrypted-text	DecryptedText	Text Animations	黑客风解密文字，随机字符乱码后还原为真实文本；依赖 motion	npx shadcn@latest add @react-bits/DecryptedText-TS-TW	free	install	registry:https://reactbits.dev/r/DecryptedText-TS-TW.json
reactbits	depth-text	DepthText	Text Animations	多层挤出立体文字，随指针产生视差	npx shadcn@latest add @react-bits/DepthText-TS-TW	free	install	registry:https://reactbits.dev/r/DepthText-TS-TW.json
reactbits	echo-text	EchoText	Text Animations	文字拖出残影/回声副本后合并成一个词	npx shadcn@latest add @react-bits/EchoText-TS-TW	free	install	registry:https://reactbits.dev/r/EchoText-TS-TW.json
reactbits	falling-text	FallingText	Text Animations	字符受重力下落并弹跳的物理文字入场 (matter-js)；依赖 matter-js	npx shadcn@latest add @react-bits/FallingText-TS-TW	free	install	registry:https://reactbits.dev/r/FallingText-TS-TW.json
reactbits	fold-text	FoldText	Text Animations	文字行像折纸展开一样翻折入场；依赖 gsap	npx shadcn@latest add @react-bits/FoldText-TS-TW	free	install	registry:https://reactbits.dev/r/FoldText-TS-TW.json
reactbits	fuzzy-text	FuzzyText	Text Animations	抖动毛糙文字，悬停强度可控，适合 404 标题	npx shadcn@latest add @react-bits/FuzzyText-TS-TW	free	install	registry:https://reactbits.dev/r/FuzzyText-TS-TW.json
reactbits	glitch-text	GlitchText	Text Animations	RGB 分离与抖动的故障风 glitch 文字	npx shadcn@latest add @react-bits/GlitchText-TS-TW	free	install	registry:https://reactbits.dev/r/GlitchText-TS-TW.json
reactbits	gradient-text	GradientText	Text Animations	文字上流动的渐变色扫光，可调速度与颜色；依赖 motion	npx shadcn@latest add @react-bits/GradientText-TS-TW	free	install	registry:https://reactbits.dev/r/GradientText-TS-TW.json
reactbits	masked-heading	MaskedHeading	Text Animations	大标题镂空透出流动色彩网格或图片，逐词揭示；依赖 gsap	npx shadcn@latest add @react-bits/MaskedHeading-TS-TW	free	install	registry:https://reactbits.dev/r/MaskedHeading-TS-TW.json
reactbits	particle-text	ParticleText	Text Animations	由漂浮粒子聚合成的文字，可散开再重组	npx shadcn@latest add @react-bits/ParticleText-TS-TW	free	install	registry:https://reactbits.dev/r/ParticleText-TS-TW.json
reactbits	rotating-text	RotatingText	Text Animations	多个短语轮播，3D 翻转/旋转切换，适合 hero 标语；依赖 motion	npx shadcn@latest add @react-bits/RotatingText-TS-TW	free	install	registry:https://reactbits.dev/r/RotatingText-TS-TW.json
reactbits	scrambled-text	ScrambledText	Text Animations	光标靠近处文字被打乱扭曲的交互文字；依赖 gsap	npx shadcn@latest add @react-bits/ScrambledText-TS-TW	free	install	registry:https://reactbits.dev/r/ScrambledText-TS-TW.json
reactbits	scroll-float	ScrollFloat	Text Animations	滚动时文字漂浮/视差位移入场；依赖 gsap	npx shadcn@latest add @react-bits/ScrollFloat-TS-TW	free	install	registry:https://reactbits.dev/r/ScrollFloat-TS-TW.json
reactbits	scroll-reveal	ScrollReveal	Text Animations	滚动时文字去模糊逐步显现；依赖 gsap	npx shadcn@latest add @react-bits/ScrollReveal-TS-TW	free	install	registry:https://reactbits.dev/r/ScrollReveal-TS-TW.json
reactbits	scroll-velocity	ScrollVelocity	Text Animations	随滚动速度加速与变形的文字跑马灯 marquee；依赖 motion	npx shadcn@latest add @react-bits/ScrollVelocity-TS-TW	free	install	registry:https://reactbits.dev/r/ScrollVelocity-TS-TW.json
reactbits	shiny-text	ShinyText	Text Animations	金属光泽扫过文字的高光闪光效果；依赖 motion	npx shadcn@latest add @react-bits/ShinyText-TS-TW	free	install	registry:https://reactbits.dev/r/ShinyText-TS-TW.json
reactbits	shuffle	Shuffle	Text Animations	字符先随机洗牌再定格的文字揭示；依赖 @gsap/react,gsap	npx shadcn@latest add @react-bits/Shuffle-TS-TW	free	install	registry:https://reactbits.dev/r/Shuffle-TS-TW.json
reactbits	split-flap-text	SplitFlapText	Text Animations	机场翻牌式 split-flap 文字切换	npx shadcn@latest add @react-bits/SplitFlapText-TS-TW	free	install	registry:https://reactbits.dev/r/SplitFlapText-TS-TW.json
reactbits	split-text	SplitText	Text Animations	把文字拆成字符/单词做错峰入场动画 (GSAP)；依赖 @gsap/react,gsap	npx shadcn@latest add @react-bits/SplitText-TS-TW	free	install	registry:https://reactbits.dev/r/SplitText-TS-TW.json
reactbits	stroke-text	StrokeText	Text Animations	描边文字先绘制轮廓再填充颜色；依赖 gsap	npx shadcn@latest add @react-bits/StrokeText-TS-TW	free	install	registry:https://reactbits.dev/r/StrokeText-TS-TW.json
reactbits	tech-text	TechText	Text Animations	字母在光标下变成虚线矢量路径，可拖拽回弹的科技感字标	npx shadcn@latest add @react-bits/TechText-TS-TW	free	install	registry:https://reactbits.dev/r/TechText-TS-TW.json
reactbits	text-cursor	TextCursor	Text Animations	文字跟随光标并留下拖尾副本；依赖 motion	npx shadcn@latest add @react-bits/TextCursor-TS-TW	free	install	registry:https://reactbits.dev/r/TextCursor-TS-TW.json
reactbits	text-loop	TextLoop	Text Animations	沿弯曲 SVG 路径无缝流动的文字跑马灯；依赖 gsap	npx shadcn@latest add @react-bits/TextLoop-TS-TW	free	install	registry:https://reactbits.dev/r/TextLoop-TS-TW.json
reactbits	text-pressure	TextPressure	Text Animations	字符随指针距离缩放/形变的可变字体压力效果	npx shadcn@latest add @react-bits/TextPressure-TS-TW	free	install	registry:https://reactbits.dev/r/TextPressure-TS-TW.json
reactbits	text-type	TextType	Text Animations	打字机效果，带闪烁光标与可调打字节奏；依赖 gsap	npx shadcn@latest add @react-bits/TextType-TS-TW	free	install	registry:https://reactbits.dev/r/TextType-TS-TW.json
reactbits	true-focus	TrueFocus	Text Animations	依次聚焦单词、其余模糊的焦点切换文字；依赖 motion	npx shadcn@latest add @react-bits/TrueFocus-TS-TW	free	install	registry:https://reactbits.dev/r/TrueFocus-TS-TW.json
reactbits	variable-proximity	VariableProximity	Text Animations	随指针距离连续变化字重等样式的可变字体效果；依赖 motion	npx shadcn@latest add @react-bits/VariableProximity-TS-TW	free	install	registry:https://reactbits.dev/r/VariableProximity-TS-TW.json
reactbits	warp-text	WarpText	Text Animations	WebGL 文字在指针周围弯曲折射扭曲；依赖 ogl	npx shadcn@latest add @react-bits/WarpText-TS-TW	free	install	registry:https://reactbits.dev/r/WarpText-TS-TW.json
reactbits	animated-content	AnimatedContent	Animations	通用入场包装器，滚动/挂载时按方向、距离、缓动动画任意子元素；依赖 gsap	npx shadcn@latest add @react-bits/AnimatedContent-TS-TW	free	install	registry:https://reactbits.dev/r/AnimatedContent-TS-TW.json
reactbits	antigravity	Antigravity	Animations	3D 反重力粒子场，粒子被光标排斥 (react-three-fiber)；依赖 @react-three/fiber,three	npx shadcn@latest add @react-bits/Antigravity-TS-TW	free	install	registry:https://reactbits.dev/r/Antigravity-TS-TW.json
reactbits	blob-cursor	BlobCursor	Animations	带惯性和弹性形变的液滴/blob 自定义光标；依赖 gsap	npx shadcn@latest add @react-bits/BlobCursor-TS-TW	free	install	registry:https://reactbits.dev/r/BlobCursor-TS-TW.json
reactbits	click-spark	ClickSpark	Animations	点击位置迸发粒子火花的点击反馈	npx shadcn@latest add @react-bits/ClickSpark-TS-TW	free	install	registry:https://reactbits.dev/r/ClickSpark-TS-TW.json
reactbits	crosshair	Crosshair	Animations	十字准星自定义光标，带链接悬停效果；依赖 gsap	npx shadcn@latest add @react-bits/Crosshair-TS-TW	free	install	registry:https://reactbits.dev/r/Crosshair-TS-TW.json
reactbits	cubes	Cubes	Animations	3D 旋转立方体阵列，可自动旋转或悬停交互；依赖 gsap	npx shadcn@latest add @react-bits/Cubes-TS-TW	free	install	registry:https://reactbits.dev/r/Cubes-TS-TW.json
reactbits	cursor-grid	CursorGrid	Animations	光标附近单元格发光的 canvas 网格，支持点击脉冲	npx shadcn@latest add @react-bits/CursorGrid-TS-TW	free	install	registry:https://reactbits.dev/r/CursorGrid-TS-TW.json
reactbits	dither-veil	DitherVeil	Animations	1-bit 抖动图片，光标烧穿露出彩色原图并逐格复原；依赖 ogl	npx shadcn@latest add @react-bits/DitherVeil-TS-TW	free	install	registry:https://reactbits.dev/r/DitherVeil-TS-TW.json
reactbits	elastic-mesh	ElasticMesh	Animations	指针下拉伸、阻尼回弹的弹簧网格表面；依赖 ogl	npx shadcn@latest add @react-bits/ElasticMesh-TS-TW	free	install	registry:https://reactbits.dev/r/ElasticMesh-TS-TW.json
reactbits	electric-border	ElectricBorder	Animations	带电弧与辉光的电流边框，强度可调	npx shadcn@latest add @react-bits/ElectricBorder-TS-TW	free	install	registry:https://reactbits.dev/r/ElectricBorder-TS-TW.json
reactbits	electric-logo	ElectricLogo	Animations	把 SVG/PNG logo 变成闪电描边，电荷跟随光标；依赖 ogl	npx shadcn@latest add @react-bits/ElectricLogo-TS-TW	free	install	registry:https://reactbits.dev/r/ElectricLogo-TS-TW.json
reactbits	fade-content	FadeContent	Animations	方向淡入/滑入的简单入场退场包装器；依赖 gsap	npx shadcn@latest add @react-bits/FadeContent-TS-TW	free	install	registry:https://reactbits.dev/r/FadeContent-TS-TW.json
reactbits	ghost-cursor	GhostCursor	Animations	半透明幽灵光标拖尾跟随；依赖 three	npx shadcn@latest add @react-bits/GhostCursor-TS-TW	free	install	registry:https://reactbits.dev/r/GhostCursor-TS-TW.json
reactbits	glare-hover	GlareHover	Animations	悬停时元素上划过逼真的反光高光	npx shadcn@latest add @react-bits/GlareHover-TS-TW	free	install	registry:https://reactbits.dev/r/GlareHover-TS-TW.json
reactbits	glow-cursor	GlowCursor	Animations	着色器驱动的发光光标拖尾，颜色/脉冲可调；依赖 ogl	npx shadcn@latest add @react-bits/GlowCursor-TS-TW	free	install	registry:https://reactbits.dev/r/GlowCursor-TS-TW.json
reactbits	gradual-blur	GradualBlur	Animations	边缘渐进模糊/按滚动逐步去模糊的电影感揭示	npx shadcn@latest add @react-bits/GradualBlur-TS-TW	free	install	registry:https://reactbits.dev/r/GradualBlur-TS-TW.json
reactbits	halftone-reveal	HalftoneReveal	Animations	印刷半调网点在光标周围显露清晰内容；依赖 ogl	npx shadcn@latest add @react-bits/HalftoneReveal-TS-TW	free	install	registry:https://reactbits.dev/r/HalftoneReveal-TS-TW.json
reactbits	image-trail	ImageTrail	Animations	光标移动时拖出图片轨迹，多种内置变体；依赖 gsap	npx shadcn@latest add @react-bits/ImageTrail-TS-TW	free	install	registry:https://reactbits.dev/r/ImageTrail-TS-TW.json
reactbits	laser-flow	LaserFlow	Animations	流动激光光束打在表面上的光效；依赖 three	npx shadcn@latest add @react-bits/LaserFlow-TS-TW	free	install	registry:https://reactbits.dev/r/LaserFlow-TS-TW.json
reactbits	logo-loop	LogoLoop	Animations	品牌/技术 logo 无缝循环滚动墙，悬停暂停	npx shadcn@latest add @react-bits/LogoLoop-TS-TW	free	install	registry:https://reactbits.dev/r/LogoLoop-TS-TW.json
reactbits	magic-rings	MagicRings	Animations	可交互的魔法光环效果；依赖 three	npx shadcn@latest add @react-bits/MagicRings-TS-TW	free	install	registry:https://reactbits.dev/r/MagicRings-TS-TW.json
reactbits	magnet	Magnet	Animations	元素被光标磁吸靠近并弹簧回位的磁性按钮	npx shadcn@latest add @react-bits/Magnet-TS-TW	free	install	registry:https://reactbits.dev/r/Magnet-TS-TW.json
reactbits	magnet-lines	MagnetLines	Animations	一片线段随光标方向偏转的磁力线	npx shadcn@latest add @react-bits/MagnetLines-TS-TW	free	install	registry:https://reactbits.dev/r/MagnetLines-TS-TW.json
reactbits	meta-balls	MetaBalls	Animations	液态融合分离的 metaball 变形球；依赖 ogl	npx shadcn@latest add @react-bits/MetaBalls-TS-TW	free	install	registry:https://reactbits.dev/r/MetaBalls-TS-TW.json
reactbits	metallic-paint	MetallicPaint	Animations	可作用于 SVG 的液态金属漆着色器	npx shadcn@latest add @react-bits/MetallicPaint-TS-TW	free	install	registry:https://reactbits.dev/r/MetallicPaint-TS-TW.json
reactbits	noise	Noise	Animations	动态胶片颗粒/噪点叠加层，增加质感	npx shadcn@latest add @react-bits/Noise-TS-TW	free	install	registry:https://reactbits.dev/r/Noise-TS-TW.json
reactbits	orbit-images	OrbitImages	Animations	图片沿自定义 SVG 路径环绕运动；依赖 motion	npx shadcn@latest add @react-bits/OrbitImages-TS-TW	free	install	registry:https://reactbits.dev/r/OrbitImages-TS-TW.json
reactbits	pixel-swap	PixelSwap	Animations	像素碎片拼合覆盖、切换内容再溶解的转场	npx shadcn@latest add @react-bits/PixelSwap-TS-TW	free	install	registry:https://reactbits.dev/r/PixelSwap-TS-TW.json
reactbits	pixel-trail	PixelTrail	Animations	复古像素方块光标拖尾；依赖 @react-three/drei,@react-three/fiber,three	npx shadcn@latest add @react-bits/PixelTrail-TS-TW	free	install	registry:https://reactbits.dev/r/PixelTrail-TS-TW.json
reactbits	pixel-transition	PixelTransition	Animations	悬停时像素溶解切换内容；依赖 gsap	npx shadcn@latest add @react-bits/PixelTransition-TS-TW	free	install	registry:https://reactbits.dev/r/PixelTransition-TS-TW.json
reactbits	ribbons	Ribbons	Animations	物理驱动的飘带光标拖尾；依赖 ogl	npx shadcn@latest add @react-bits/Ribbons-TS-TW	free	install	registry:https://reactbits.dev/r/Ribbons-TS-TW.json
reactbits	ripple-distortion	RippleDistortion	Animations	指针驱动的水波位移扭曲内容；依赖 ogl	npx shadcn@latest add @react-bits/RippleDistortion-TS-TW	free	install	registry:https://reactbits.dev/r/RippleDistortion-TS-TW.json
reactbits	scroll-expand	ScrollExpand	Animations	圆角媒体框随滚动放大到全屏出血	npx shadcn@latest add @react-bits/ScrollExpand-TS-TW	free	install	registry:https://reactbits.dev/r/ScrollExpand-TS-TW.json
reactbits	shape-blur	ShapeBlur	Animations	悬停时变形的模糊几何形状；依赖 three	npx shadcn@latest add @react-bits/ShapeBlur-TS-TW	free	install	registry:https://reactbits.dev/r/ShapeBlur-TS-TW.json
reactbits	splash-cursor	SplashCursor	Animations	光标处流体飞溅涟漪效果 (流体模拟)	npx shadcn@latest add @react-bits/SplashCursor-TS-TW	free	install	registry:https://reactbits.dev/r/SplashCursor-TS-TW.json
reactbits	star-border	StarBorder	Animations	沿边框环绕的星光闪烁动态边框，常用于按钮	npx shadcn@latest add @react-bits/StarBorder-TS-TW	free	install	registry:https://reactbits.dev/r/StarBorder-TS-TW.json
reactbits	sticker-peel	StickerPeel	Animations	贴纸角卷起剥离的 3D 交互；依赖 gsap	npx shadcn@latest add @react-bits/StickerPeel-TS-TW	free	install	registry:https://reactbits.dev/r/StickerPeel-TS-TW.json
reactbits	strands	Strands	Animations	透明画布上发光丝带交织波动；依赖 ogl	npx shadcn@latest add @react-bits/Strands-TS-TW	free	install	registry:https://reactbits.dev/r/Strands-TS-TW.json
reactbits	swarm-cursor	SwarmCursor	Animations	追逐光标的群体粒子 flocking 效果；依赖 ogl	npx shadcn@latest add @react-bits/SwarmCursor-TS-TW	free	install	registry:https://reactbits.dev/r/SwarmCursor-TS-TW.json
reactbits	target-cursor	TargetCursor	Animations	四角瞄准框锁定目标元素的光标；依赖 gsap,react-dom	npx shadcn@latest add @react-bits/TargetCursor-TS-TW	free	install	registry:https://reactbits.dev/r/TargetCursor-TS-TW.json
reactbits	accordion-gallery	AccordionGallery	Components	悬停展开的手风琴图片画廊，带视差与说明；依赖 gsap	npx shadcn@latest add @react-bits/AccordionGallery-TS-TW	free	install	registry:https://reactbits.dev/r/AccordionGallery-TS-TW.json
reactbits	animated-list	AnimatedList	Components	列表项错峰入场动画的动态列表；依赖 motion	npx shadcn@latest add @react-bits/AnimatedList-TS-TW	free	install	registry:https://reactbits.dev/r/AnimatedList-TS-TW.json
reactbits	border-glow	BorderGlow	Components	随光标方向发光的网格渐变边框卡片	npx shadcn@latest add @react-bits/BorderGlow-TS-TW	free	install	registry:https://reactbits.dev/r/BorderGlow-TS-TW.json
reactbits	bounce-cards	BounceCards	Components	挂载时弹跳入场的卡片组；依赖 gsap	npx shadcn@latest add @react-bits/BounceCards-TS-TW	free	install	registry:https://reactbits.dev/r/BounceCards-TS-TW.json
reactbits	bubble-menu	BubbleMenu	Components	圆形气泡展开式浮动菜单；依赖 gsap	npx shadcn@latest add @react-bits/BubbleMenu-TS-TW	free	install	registry:https://reactbits.dev/r/BubbleMenu-TS-TW.json
reactbits	card-nav	CardNav	Components	可展开为卡片面板的导航栏，含嵌套链接；依赖 gsap,react-icons	npx shadcn@latest add @react-bits/CardNav-TS-TW	free	install	registry:https://reactbits.dev/r/CardNav-TS-TW.json
reactbits	card-swap	CardSwap	Components	卡片堆叠位置互换轮换动画；依赖 gsap	npx shadcn@latest add @react-bits/CardSwap-TS-TW	free	install	registry:https://reactbits.dev/r/CardSwap-TS-TW.json
reactbits	carousel	Carousel	Components	支持触摸手势与循环的响应式轮播；依赖 motion,react-icons	npx shadcn@latest add @react-bits/Carousel-TS-TW	free	install	registry:https://reactbits.dev/r/Carousel-TS-TW.json
reactbits	chroma-grid	ChromaGrid	Components	灰度卡片网格，悬停处恢复彩色的聚光效果；依赖 gsap	npx shadcn@latest add @react-bits/ChromaGrid-TS-TW	free	install	registry:https://reactbits.dev/r/ChromaGrid-TS-TW.json
reactbits	circular-carousel	CircularCarousel	Components	3D 环形图片轮播，四种布局、惯性拖拽与吸附	npx shadcn@latest add @react-bits/CircularCarousel-TS-TW	free	install	registry:https://reactbits.dev/r/CircularCarousel-TS-TW.json
reactbits	circular-gallery	CircularGallery	Components	环形轨道旋转的 WebGL 图片画廊；依赖 ogl	npx shadcn@latest add @react-bits/CircularGallery-TS-TW	free	install	registry:https://reactbits.dev/r/CircularGallery-TS-TW.json
reactbits	counter	Counter	Components	带缓动的数字滚轮计数器；依赖 motion	npx shadcn@latest add @react-bits/Counter-TS-TW	free	install	registry:https://reactbits.dev/r/Counter-TS-TW.json
reactbits	curved-input	CurvedInput	Components	弧形弯曲的输入框，文本光标与按钮沿曲线	npx shadcn@latest add @react-bits/CurvedInput-TS-TW	free	install	registry:https://reactbits.dev/r/CurvedInput-TS-TW.json
reactbits	decay-card	DecayCard	Components	悬停视差、内容崩解的卡片；依赖 gsap	npx shadcn@latest add @react-bits/DecayCard-TS-TW	free	install	registry:https://reactbits.dev/r/DecayCard-TS-TW.json
reactbits	depth-carousel	DepthCarousel	Components	卡片沿 3D 轨道后退的纵深轮播，支持拖拽与键盘；依赖 gsap	npx shadcn@latest add @react-bits/DepthCarousel-TS-TW	free	install	registry:https://reactbits.dev/r/DepthCarousel-TS-TW.json
reactbits	dock	Dock	Components	macOS 风格放大 dock 栏；依赖 motion	npx shadcn@latest add @react-bits/Dock-TS-TW	free	install	registry:https://reactbits.dev/r/Dock-TS-TW.json
reactbits	dome-gallery	DomeGallery	Components	半球穹顶投影的沉浸式 3D 图片画廊；依赖 @use-gesture/react	npx shadcn@latest add @react-bits/DomeGallery-TS-TW	free	install	registry:https://reactbits.dev/r/DomeGallery-TS-TW.json
reactbits	drift-wall	DriftWall	Components	无限漂移的透视瓷砖墙，悬停抬起	npx shadcn@latest add @react-bits/DriftWall-TS-TW	free	install	registry:https://reactbits.dev/r/DriftWall-TS-TW.json
reactbits	elastic-slider	ElasticSlider	Components	弹性拉伸并弹簧回弹的滑块；依赖 motion	npx shadcn@latest add @react-bits/ElasticSlider-TS-TW	free	install	registry:https://reactbits.dev/r/ElasticSlider-TS-TW.json
reactbits	flex-carousel	FlexCarousel	Components	边缘带液态玻璃折射的无限图片横条轮播；依赖 ogl	npx shadcn@latest add @react-bits/FlexCarousel-TS-TW	free	install	registry:https://reactbits.dev/r/FlexCarousel-TS-TW.json
reactbits	flowing-menu	FlowingMenu	Components	悬停时流动跑马灯填充的全屏菜单；依赖 gsap	npx shadcn@latest add @react-bits/FlowingMenu-TS-TW	free	install	registry:https://reactbits.dev/r/FlowingMenu-TS-TW.json
reactbits	fluid-glass	FluidGlass	Components	液态玻璃折射 glassmorphism 容器 (react-three-fiber)；依赖 @react-three/drei,@react-three/fiber,maath,three	npx shadcn@latest add @react-bits/FluidGlass-TS-TW	free	install	registry:https://reactbits.dev/r/FluidGlass-TS-TW.json
reactbits	flying-posters	FlyingPosters	Components	滚动时无限旋转飞过的 3D 海报；依赖 ogl	npx shadcn@latest add @react-bits/FlyingPosters-TS-TW	free	install	registry:https://reactbits.dev/r/FlyingPosters-TS-TW.json
reactbits	folder	Folder	Components	可打开露出内容的交互文件夹	npx shadcn@latest add @react-bits/Folder-TS-TW	free	install	registry:https://reactbits.dev/r/Folder-TS-TW.json
reactbits	glass-icons	GlassIcons	Components	毛玻璃风格图标组	npx shadcn@latest add @react-bits/GlassIcons-TS-TW	free	install	registry:https://reactbits.dev/r/GlassIcons-TS-TW.json
reactbits	glass-surface	GlassSurface	Components	苹果风液态玻璃表面，实时折射与光照	npx shadcn@latest add @react-bits/GlassSurface-TS-TW	free	install	registry:https://reactbits.dev/r/GlassSurface-TS-TW.json
reactbits	gooey-nav	GooeyNav	Components	粘滞 gooey 融合效果的导航指示器	npx shadcn@latest add @react-bits/GooeyNav-TS-TW	free	install	registry:https://reactbits.dev/r/GooeyNav-TS-TW.json
reactbits	infinite-menu	InfiniteMenu	Components	无限循环的 3D 球面菜单/图片选择；依赖 gl-matrix	npx shadcn@latest add @react-bits/InfiniteMenu-TS-TW	free	install	registry:https://reactbits.dev/r/InfiniteMenu-TS-TW.json
reactbits	infinite-spiral	InfiniteSpiral	Components	无限循环的 3D 螺旋图片带	npx shadcn@latest add @react-bits/InfiniteSpiral-TS-TW	free	install	registry:https://reactbits.dev/r/InfiniteSpiral-TS-TW.json
reactbits	lanyard	Lanyard	Components	物理摆动的 3D 挂绳工牌卡片	npx shadcn@latest add @react-bits/Lanyard-TS-TW	free	install	registry:https://reactbits.dev/r/Lanyard-TS-TW.json
reactbits	line-sidebar	LineSidebar	Components	光标邻近项偏移高亮的线条侧边导航	npx shadcn@latest add @react-bits/LineSidebar-TS-TW	free	install	registry:https://reactbits.dev/r/LineSidebar-TS-TW.json
reactbits	magic-bento	MagicBento	Components	带聚光、粒子与倾斜的交互 bento 网格卡片；依赖 gsap	npx shadcn@latest add @react-bits/MagicBento-TS-TW	free	install	registry:https://reactbits.dev/r/MagicBento-TS-TW.json
reactbits	masonry	Masonry	Components	动画重排的响应式瀑布流 masonry 布局；依赖 gsap	npx shadcn@latest add @react-bits/Masonry-TS-TW	free	install	registry:https://reactbits.dev/r/Masonry-TS-TW.json
reactbits	model-viewer	ModelViewer	Components	three.js 3D 模型查看器，带轨道控制与光照预设；依赖 @react-three/drei,@react-three/fiber,three	npx shadcn@latest add @react-bits/ModelViewer-TS-TW	free	install	registry:https://reactbits.dev/r/ModelViewer-TS-TW.json
reactbits	morph-slider	MorphSlider	Components	WebGL 位移转场融化切换的图片滑块；依赖 gsap,ogl	npx shadcn@latest add @react-bits/MorphSlider-TS-TW	free	install	registry:https://reactbits.dev/r/MorphSlider-TS-TW.json
reactbits	option-wheel	OptionWheel	Components	滚轮/拖拽/方向键转动的弧形选项选择器	npx shadcn@latest add @react-bits/OptionWheel-TS-TW	free	install	registry:https://reactbits.dev/r/OptionWheel-TS-TW.json
reactbits	pill-nav	PillNav	Components	胶囊形导航，活动项滑动高亮；依赖 gsap,react-router-dom	npx shadcn@latest add @react-bits/PillNav-TS-TW	free	install	registry:https://reactbits.dev/r/PillNav-TS-TW.json
reactbits	pixel-card	PixelCard	Components	像素扩散揭示内容的卡片	npx shadcn@latest add @react-bits/PixelCard-TS-TW	free	install	registry:https://reactbits.dev/r/PixelCard-TS-TW.json
reactbits	profile-card	ProfileCard	Components	带 3D 悬停与反光的个人资料卡	npx shadcn@latest add @react-bits/ProfileCard-TS-TW	free	install	registry:https://reactbits.dev/r/ProfileCard-TS-TW.json
reactbits	reflective-card	ReflectiveCard	Components	摄像头实时反射与眩光的卡片；依赖 lucide-react	npx shadcn@latest add @react-bits/ReflectiveCard-TS-TW	free	install	registry:https://reactbits.dev/r/ReflectiveCard-TS-TW.json
reactbits	scroll-stack	ScrollStack	Components	滚动时卡片层叠堆积；依赖 lenis	npx shadcn@latest add @react-bits/ScrollStack-TS-TW	free	install	registry:https://reactbits.dev/r/ScrollStack-TS-TW.json
reactbits	specular-button	SpecularButton	Components	着色器驱动边缘高光跟随光标的玻璃按钮；依赖 ogl	npx shadcn@latest add @react-bits/SpecularButton-TS-TW	free	install	registry:https://reactbits.dev/r/SpecularButton-TS-TW.json
reactbits	spotlight-card	SpotlightCard	Components	光标聚光灯渐变照亮的卡片	npx shadcn@latest add @react-bits/SpotlightCard-TS-TW	free	install	registry:https://reactbits.dev/r/SpotlightCard-TS-TW.json
reactbits	stack	Stack	Components	可滑动切换的层叠卡片堆，支持自动播放；依赖 motion	npx shadcn@latest add @react-bits/Stack-TS-TW	free	install	registry:https://reactbits.dev/r/Stack-TS-TW.json
reactbits	staggered-menu	StaggeredMenu	Components	错峰动画打开/关闭的全屏菜单；依赖 gsap	npx shadcn@latest add @react-bits/StaggeredMenu-TS-TW	free	install	registry:https://reactbits.dev/r/StaggeredMenu-TS-TW.json
reactbits	stepper	Stepper	Components	多步骤进度指示/分步表单向导；依赖 motion	npx shadcn@latest add @react-bits/Stepper-TS-TW	free	install	registry:https://reactbits.dev/r/Stepper-TS-TW.json
reactbits	tilted-card	TiltedCard	Components	随指针 3D 透视倾斜的卡片；依赖 motion	npx shadcn@latest add @react-bits/TiltedCard-TS-TW	free	install	registry:https://reactbits.dev/r/TiltedCard-TS-TW.json
reactbits	bell-toggle	BellToggle	Micro	铃铛摇动并展开文字的胶囊开关/通知订阅切换；依赖 @hugeicons/core-free-icons,@hugeicons/react,motion	npx shadcn@latest add @react-bits/BellToggle-TS-TW	free	install	registry:https://reactbits.dev/r/BellToggle-TS-TW.json
reactbits	branched-menu	BranchedMenu	Micro	树状分支线展开的折叠菜单；依赖 @hugeicons/core-free-icons,@hugeicons/react	npx shadcn@latest add @react-bits/BranchedMenu-TS-TW	free	install	registry:https://reactbits.dev/r/BranchedMenu-TS-TW.json
reactbits	call-chip	CallChip	Micro	显示工具调用进度与耗时的内联 chip，成功/失败状态；依赖 @hugeicons/core-free-icons,@hugeicons/react	npx shadcn@latest add @react-bits/CallChip-TS-TW	free	install	registry:https://reactbits.dev/r/CallChip-TS-TW.json
reactbits	code-slots	CodeSlots	Micro	OTP 验证码输入框，支持粘贴与短信自动填充，错误/成功动画；依赖 @hugeicons/core-free-icons,@hugeicons/react,motion	npx shadcn@latest add @react-bits/CodeSlots-TS-TW	free	install	registry:https://reactbits.dev/r/CodeSlots-TS-TW.json
reactbits	comet-dial	CometDial	Micro	可拨动的刻度旋钮，彗星拖尾；依赖 motion	npx shadcn@latest add @react-bits/CometDial-TS-TW	free	install	registry:https://reactbits.dev/r/CometDial-TS-TW.json
reactbits	dodge-field	DodgeField	Micro	让子元素躲避指针的包装器（逃跑按钮）；依赖 motion	npx shadcn@latest add @react-bits/DodgeField-TS-TW	free	install	registry:https://reactbits.dev/r/DodgeField-TS-TW.json
reactbits	flip-card	FlipCard	Micro	点击/拖拽/甩动 3D 翻转的双面卡片；依赖 motion	npx shadcn@latest add @react-bits/FlipCard-TS-TW	free	install	registry:https://reactbits.dev/r/FlipCard-TS-TW.json
reactbits	folder-float	FolderFloat	Micro	悬停打开、便签弹出漂浮的文件夹；依赖 matter-js	npx shadcn@latest add @react-bits/FolderFloat-TS-TW	free	install	registry:https://reactbits.dev/r/FolderFloat-TS-TW.json
reactbits	fuse-button	FuseButton	Micro	完成后带燃烧引线倒计时撤销的按钮；依赖 @hugeicons/core-free-icons,@hugeicons/react	npx shadcn@latest add @react-bits/FuseButton-TS-TW	free	install	registry:https://reactbits.dev/r/FuseButton-TS-TW.json
reactbits	glide-select	GlideSelect	Micro	从角落弹出、悬停高亮滑动的下拉选择；依赖 @hugeicons/core-free-icons,@hugeicons/react	npx shadcn@latest add @react-bits/GlideSelect-TS-TW	free	install	registry:https://reactbits.dev/r/GlideSelect-TS-TW.json
reactbits	hold-button	HoldButton	Micro	按住确认、液体填充的长按按钮	npx shadcn@latest add @react-bits/HoldButton-TS-TW	free	install	registry:https://reactbits.dev/r/HoldButton-TS-TW.json
reactbits	jelly-radio	JellyRadio	Micro	果冻弹性膨胀的单选按钮组；依赖 motion	npx shadcn@latest add @react-bits/JellyRadio-TS-TW	free	install	registry:https://reactbits.dev/r/JellyRadio-TS-TW.json
reactbits	lattice-loader	LatticeLoader	Micro	点阵波动的 agent 状态加载行，带计时与完成标记	npx shadcn@latest add @react-bits/LatticeLoader-TS-TW	free	install	registry:https://reactbits.dev/r/LatticeLoader-TS-TW.json
reactbits	paper-crumple	PaperCrumple	Micro	按住将图片揉成纸团、可展开的 3D 纸张效果；依赖 three	npx shadcn@latest add @react-bits/PaperCrumple-TS-TW	free	install	registry:https://reactbits.dev/r/PaperCrumple-TS-TW.json
reactbits	peek-rating	PeekRating	Micro	可预览的星级评分，扫过起波浪、点击确认；依赖 @hugeicons/core-free-icons,@hugeicons/react	npx shadcn@latest add @react-bits/PeekRating-TS-TW	free	install	registry:https://reactbits.dev/r/PeekRating-TS-TW.json
reactbits	prompt-bar	PromptBar	Micro	AI 聊天输入框，带 @ 来源、/ 命令、模型选择、语音与附件；依赖 @hugeicons/core-free-icons,@hugeicons/react,motion	npx shadcn@latest add @react-bits/PromptBar-TS-TW	free	install	registry:https://reactbits.dev/r/PromptBar-TS-TW.json
reactbits	pulse-heart	PulseHeart	Micro	收缩翻色再脉冲的点赞心形按钮与计数；依赖 @hugeicons/core-free-icons	npx shadcn@latest add @react-bits/PulseHeart-TS-TW	free	install	registry:https://reactbits.dev/r/PulseHeart-TS-TW.json
reactbits	refine-frame	RefineFrame	Micro	AI 生成媒体的占位框，排队/生成/精修/完成各阶段无布局抖动；依赖 @hugeicons/core-free-icons,@hugeicons/react	npx shadcn@latest add @react-bits/RefineFrame-TS-TW	free	install	registry:https://reactbits.dev/r/RefineFrame-TS-TW.json
reactbits	rubber-segment	RubberSegment	Micro	橡皮筋拉伸滑块的分段控制器 segmented control；依赖 motion	npx shadcn@latest add @react-bits/RubberSegment-TS-TW	free	install	registry:https://reactbits.dev/r/RubberSegment-TS-TW.json
reactbits	scrub-field	ScrubField	Micro	拖拽调节数值的数字输入 chip，可点击输入；依赖 motion	npx shadcn@latest add @react-bits/ScrubField-TS-TW	free	install	registry:https://reactbits.dev/r/ScrubField-TS-TW.json
reactbits	shredder	Shredder	Micro	拖入碎纸机切条删除的列表交互；依赖 react-dom	npx shadcn@latest add @react-bits/Shredder-TS-TW	free	install	registry:https://reactbits.dev/r/Shredder-TS-TW.json
reactbits	slide-commit	SlideCommit	Micro	滑动确认按钮，带加载、成功与失败抖动；依赖 @hugeicons/core-free-icons,@hugeicons/react,motion	npx shadcn@latest add @react-bits/SlideCommit-TS-TW	free	install	registry:https://reactbits.dev/r/SlideCommit-TS-TW.json
reactbits	sling-button	SlingButton	Micro	弹弓式拉动发射的发送按钮；依赖 @hugeicons/core-free-icons,@hugeicons/react,motion	npx shadcn@latest add @react-bits/SlingButton-TS-TW	free	install	registry:https://reactbits.dev/r/SlingButton-TS-TW.json
reactbits	slosh-gauge	SloshGauge	Micro	液体晃动的储罐仪表/竖向滑块	npx shadcn@latest add @react-bits/SloshGauge-TS-TW	free	install	registry:https://reactbits.dev/r/SloshGauge-TS-TW.json
reactbits	spring-check	SpringCheck	Micro	弹簧动画勾选并划线的待办复选框；依赖 @hugeicons/core-free-icons,motion	npx shadcn@latest add @react-bits/SpringCheck-TS-TW	free	install	registry:https://reactbits.dev/r/SpringCheck-TS-TW.json
reactbits	squish-switch	SquishSwitch	Micro	可拖动、挤压形变的开关 switch；依赖 motion	npx shadcn@latest add @react-bits/SquishSwitch-TS-TW	free	install	registry:https://reactbits.dev/r/SquishSwitch-TS-TW.json
reactbits	status-mark	StatusMark	Micro	agent 任务状态小图标，空闲/进行/完成/失败形态变换；依赖 motion	npx shadcn@latest add @react-bits/StatusMark-TS-TW	free	install	registry:https://reactbits.dev/r/StatusMark-TS-TW.json
reactbits	swipe-row	SwipeRow	Micro	左滑露出操作、全滑删除的列表行；依赖 @hugeicons/core-free-icons,@hugeicons/react,motion	npx shadcn@latest add @react-bits/SwipeRow-TS-TW	free	install	registry:https://reactbits.dev/r/SwipeRow-TS-TW.json
reactbits	swipe-toast	SwipeToast	Micro	可下滑关闭、带剩余时间引线的 toast 通知；依赖 @hugeicons/core-free-icons,@hugeicons/react,motion	npx shadcn@latest add @react-bits/SwipeToast-TS-TW	free	install	registry:https://reactbits.dev/r/SwipeToast-TS-TW.json
reactbits	tear-ticket	TearTicket	Micro	撕下票根的门票交互，3D 视差；依赖 motion	npx shadcn@latest add @react-bits/TearTicket-TS-TW	free	install	registry:https://reactbits.dev/r/TearTicket-TS-TW.json
reactbits	thought-line	ThoughtLine	Micro	AI 推理过程标题行，显示步骤与"思考了 N 秒"；依赖 @hugeicons/core-free-icons,@hugeicons/react,motion	npx shadcn@latest add @react-bits/ThoughtLine-TS-TW	free	install	registry:https://reactbits.dev/r/ThoughtLine-TS-TW.json
reactbits	voice-pill	VoicePill	Micro	按住录音的麦克风按钮，展开为音量均衡条胶囊；依赖 @hugeicons/core-free-icons,@hugeicons/react	npx shadcn@latest add @react-bits/VoicePill-TS-TW	free	install	registry:https://reactbits.dev/r/VoicePill-TS-TW.json
reactbits	wake-slider	WakeSlider	Micro	细条组成、拖动产生尾迹的范围滑块；依赖 motion	npx shadcn@latest add @react-bits/WakeSlider-TS-TW	free	install	registry:https://reactbits.dev/r/WakeSlider-TS-TW.json
reactbits	warm-tooltip	WarmTooltip	Micro	共享延迟的 tooltip 组，首次等待后续即时；依赖 motion,react-dom	npx shadcn@latest add @react-bits/WarmTooltip-TS-TW	free	install	registry:https://reactbits.dev/r/WarmTooltip-TS-TW.json
reactbits	acid-squares	AcidSquares	Backgrounds	层叠方块组成的晶体走廊纵深背景 (WebGL)；依赖 ogl	npx shadcn@latest add @react-bits/AcidSquares-TS-TW	free	install	registry:https://reactbits.dev/r/AcidSquares-TS-TW.json
reactbits	aero-shards	AeroShards	Backgrounds	GPU 驱动的箔片碎片风雕背景 (WebGPU)；依赖 vgpu	npx shadcn@latest add @react-bits/AeroShards-TS-TW	free	install	registry:https://reactbits.dev/r/AeroShards-TS-TW.json
reactbits	aurora	Aurora	Backgrounds	流动极光渐变背景 (WebGL)；依赖 ogl	npx shadcn@latest add @react-bits/Aurora-TS-TW	free	install	registry:https://reactbits.dev/r/Aurora-TS-TW.json
reactbits	balatro	Balatro	Backgrounds	Balatro 游戏风旋涡着色器背景；依赖 ogl	npx shadcn@latest add @react-bits/Balatro-TS-TW	free	install	registry:https://reactbits.dev/r/Balatro-TS-TW.json
reactbits	ballpit	Ballpit	Backgrounds	物理弹球池背景，彩色小球弹跳 (three.js)；依赖 gsap,three	npx shadcn@latest add @react-bits/Ballpit-TS-TW	free	install	registry:https://reactbits.dev/r/Ballpit-TS-TW.json
reactbits	beams	Beams	Backgrounds	交叉流动的光束丝带背景；依赖 @react-three/drei,@react-three/fiber,three	npx shadcn@latest add @react-bits/Beams-TS-TW	free	install	registry:https://reactbits.dev/r/Beams-TS-TW.json
reactbits	color-bends	ColorBends	Backgrounds	鲜艳色带平滑弯曲流动背景；依赖 three	npx shadcn@latest add @react-bits/ColorBends-TS-TW	free	install	registry:https://reactbits.dev/r/ColorBends-TS-TW.json
reactbits	crt-warp	CRTWarp	Backgrounds	CRT 等离子弯曲扫描线背景；依赖 three	npx shadcn@latest add @react-bits/CRTWarp-TS-TW	free	install	registry:https://reactbits.dev/r/CRTWarp-TS-TW.json
reactbits	dark-veil	DarkVeil	Backgrounds	低调深色流动背景，适合暗色 hero；依赖 ogl	npx shadcn@latest add @react-bits/DarkVeil-TS-TW	free	install	registry:https://reactbits.dev/r/DarkVeil-TS-TW.json
reactbits	dither	Dither	Backgrounds	复古抖动噪点着色器背景；依赖 @react-three/fiber,@react-three/postprocessing,postprocessing,three	npx shadcn@latest add @react-bits/Dither-TS-TW	free	install	registry:https://reactbits.dev/r/Dither-TS-TW.json
reactbits	dot-field	DotField	Backgrounds	光标处凸起发光的交互点阵背景	npx shadcn@latest add @react-bits/DotField-TS-TW	free	install	registry:https://reactbits.dev/r/DotField-TS-TW.json
reactbits	dot-grid	DotGrid	Backgrounds	光标交互的动态点阵网格背景；依赖 gsap	npx shadcn@latest add @react-bits/DotGrid-TS-TW	free	install	registry:https://reactbits.dev/r/DotGrid-TS-TW.json
reactbits	evil-eye	EvilEye	Backgrounds	程序化邪眼着色器，虹膜与火焰辉光；依赖 ogl	npx shadcn@latest add @react-bits/EvilEye-TS-TW	free	install	registry:https://reactbits.dev/r/EvilEye-TS-TW.json
reactbits	faulty-terminal	FaultyTerminal	Backgrounds	故障终端 CRT 扫描线方块背景；依赖 ogl	npx shadcn@latest add @react-bits/FaultyTerminal-TS-TW	free	install	registry:https://reactbits.dev/r/FaultyTerminal-TS-TW.json
reactbits	ferrofluid	Ferrofluid	Backgrounds	磁流体等高线发光背景，光标磁铁；依赖 ogl	npx shadcn@latest add @react-bits/Ferrofluid-TS-TW	free	install	registry:https://reactbits.dev/r/Ferrofluid-TS-TW.json
reactbits	floating-lines	FloatingLines	Backgrounds	随光标反应的 3D 漂浮线条背景；依赖 three	npx shadcn@latest add @react-bits/FloatingLines-TS-TW	free	install	registry:https://reactbits.dev/r/FloatingLines-TS-TW.json
reactbits	galaxy	Galaxy	Backgrounds	视差星空背景，指针交互；依赖 ogl	npx shadcn@latest add @react-bits/Galaxy-TS-TW	free	install	registry:https://reactbits.dev/r/Galaxy-TS-TW.json
reactbits	ghost-fibers	GhostFibers	Backgrounds	深蓝递归纤维光带背景；依赖 ogl	npx shadcn@latest add @react-bits/GhostFibers-TS-TW	free	install	registry:https://reactbits.dev/r/GhostFibers-TS-TW.json
reactbits	gradient-blinds	GradientBlinds	Backgrounds	带聚光与噪声扭曲的渐变百叶窗背景；依赖 ogl	npx shadcn@latest add @react-bits/GradientBlinds-TS-TW	free	install	registry:https://reactbits.dev/r/GradientBlinds-TS-TW.json
reactbits	gradient-waves	GradientWaves	Backgrounds	光线步进正弦波滚向朦胧地平线；依赖 ogl	npx shadcn@latest add @react-bits/GradientWaves-TS-TW	free	install	registry:https://reactbits.dev/r/GradientWaves-TS-TW.json
reactbits	grainient	Grainient	Backgrounds	颗粒感渐变漩涡背景 (grainy gradient)；依赖 ogl	npx shadcn@latest add @react-bits/Grainient-TS-TW	free	install	registry:https://reactbits.dev/r/Grainient-TS-TW.json
reactbits	grid-distortion	GridDistortion	Backgrounds	随光标扭曲的网格图片背景；依赖 three	npx shadcn@latest add @react-bits/GridDistortion-TS-TW	free	install	registry:https://reactbits.dev/r/GridDistortion-TS-TW.json
reactbits	grid-motion	GridMotion	Backgrounds	随光标透视移动的网格图片墙；依赖 gsap	npx shadcn@latest add @react-bits/GridMotion-TS-TW	free	install	registry:https://reactbits.dev/r/GridMotion-TS-TW.json
reactbits	grid-scan	GridScan	Backgrounds	3D 网格房间扫描效果背景；依赖 face-api.js,postprocessing,three	npx shadcn@latest add @react-bits/GridScan-TS-TW	free	install	registry:https://reactbits.dev/r/GridScan-TS-TW.json
reactbits	hyperspeed	Hyperspeed	Backgrounds	按住加速的超空间光速穿梭背景；依赖 postprocessing,three	npx shadcn@latest add @react-bits/Hyperspeed-TS-TW	free	install	registry:https://reactbits.dev/r/Hyperspeed-TS-TW.json
reactbits	iridescence	Iridescence	Backgrounds	虹彩流动波纹着色器背景；依赖 ogl	npx shadcn@latest add @react-bits/Iridescence-TS-TW	free	install	registry:https://reactbits.dev/r/Iridescence-TS-TW.json
reactbits	letter-glitch	LetterGlitch	Backgrounds	黑客帝国式字母故障背景	npx shadcn@latest add @react-bits/LetterGlitch-TS-TW	free	install	registry:https://reactbits.dev/r/LetterGlitch-TS-TW.json
reactbits	lightfall	Lightfall	Backgrounds	彩色光线雨落入发光隧道背景；依赖 ogl	npx shadcn@latest add @react-bits/Lightfall-TS-TW	free	install	registry:https://reactbits.dev/r/Lightfall-TS-TW.json
reactbits	lightning	Lightning	Backgrounds	程序化分叉闪电背景	npx shadcn@latest add @react-bits/Lightning-TS-TW	free	install	registry:https://reactbits.dev/r/Lightning-TS-TW.json
reactbits	light-pillar	LightPillar	Backgrounds	竖直光柱辉光背景；依赖 three	npx shadcn@latest add @react-bits/LightPillar-TS-TW	free	install	registry:https://reactbits.dev/r/LightPillar-TS-TW.json
reactbits	light-rays	LightRays	Backgrounds	体积光束/光线背景，方向可调；依赖 ogl	npx shadcn@latest add @react-bits/LightRays-TS-TW	free	install	registry:https://reactbits.dev/r/LightRays-TS-TW.json
reactbits	light-tunnel	LightTunnel	Backgrounds	径向光纤隧道光脉冲背景；依赖 ogl	npx shadcn@latest add @react-bits/LightTunnel-TS-TW	free	install	registry:https://reactbits.dev/r/LightTunnel-TS-TW.json
reactbits	line-waves	LineWaves	Backgrounds	彩色扭曲线条波浪背景；依赖 ogl	npx shadcn@latest add @react-bits/LineWaves-TS-TW	free	install	registry:https://reactbits.dev/r/LineWaves-TS-TW.json
reactbits	liquid-chrome	LiquidChrome	Backgrounds	液态铬金属反射背景；依赖 ogl	npx shadcn@latest add @react-bits/LiquidChrome-TS-TW	free	install	registry:https://reactbits.dev/r/LiquidChrome-TS-TW.json
reactbits	liquid-ether	LiquidEther	Backgrounds	可交互液体流动着色器背景；依赖 three	npx shadcn@latest add @react-bits/LiquidEther-TS-TW	free	install	registry:https://reactbits.dev/r/LiquidEther-TS-TW.json
reactbits	micro-slats	MicroSlats	Backgrounds	细小板条组成的透视海浪背景，光标搅动；依赖 ogl	npx shadcn@latest add @react-bits/MicroSlats-TS-TW	free	install	registry:https://reactbits.dev/r/MicroSlats-TS-TW.json
reactbits	molten-metal	MoltenMetal	Backgrounds	熔融金属焦散等离子丝背景；依赖 ogl	npx shadcn@latest add @react-bits/MoltenMetal-TS-TW	free	install	registry:https://reactbits.dev/r/MoltenMetal-TS-TW.json
reactbits	orb	Orb	Backgrounds	悬停可交互的能量光球背景；依赖 ogl	npx shadcn@latest add @react-bits/Orb-TS-TW	free	install	registry:https://reactbits.dev/r/Orb-TS-TW.json
reactbits	particles	Particles	Backgrounds	可配置粒子系统背景；依赖 ogl	npx shadcn@latest add @react-bits/Particles-TS-TW	free	install	registry:https://reactbits.dev/r/Particles-TS-TW.json
reactbits	pattern-waves	PatternWaves	Backgrounds	点/线/字形半调表面如丝绸起伏的背景；依赖 ogl	npx shadcn@latest add @react-bits/PatternWaves-TS-TW	free	install	registry:https://reactbits.dev/r/PatternWaves-TS-TW.json
reactbits	pixel-blast	PixelBlast	Backgrounds	像素爆破粒子背景，可加液态后处理；依赖 postprocessing,three	npx shadcn@latest add @react-bits/PixelBlast-TS-TW	free	install	registry:https://reactbits.dev/r/PixelBlast-TS-TW.json
reactbits	pixel-snow	PixelSnow	Backgrounds	像素雪花飘落背景；依赖 three	npx shadcn@latest add @react-bits/PixelSnow-TS-TW	free	install	registry:https://reactbits.dev/r/PixelSnow-TS-TW.json
reactbits	plasma	Plasma	Backgrounds	有机等离子渐变流动背景；依赖 ogl	npx shadcn@latest add @react-bits/Plasma-TS-TW	free	install	registry:https://reactbits.dev/r/Plasma-TS-TW.json
reactbits	plasma-wave	PlasmaWave	Backgrounds	双波干涉的光线步进等离子波背景；依赖 ogl	npx shadcn@latest add @react-bits/PlasmaWave-TS-TW	free	install	registry:https://reactbits.dev/r/PlasmaWave-TS-TW.json
reactbits	prism	Prism	Backgrounds	旋转棱镜光效背景；依赖 ogl	npx shadcn@latest add @react-bits/Prism-TS-TW	free	install	registry:https://reactbits.dev/r/Prism-TS-TW.json
reactbits	prismatic-burst	PrismaticBurst	Backgrounds	可控颜色的放射光线爆发背景；依赖 ogl	npx shadcn@latest add @react-bits/PrismaticBurst-TS-TW	free	install	registry:https://reactbits.dev/r/PrismaticBurst-TS-TW.json
reactbits	radar	Radar	Backgrounds	雷达扫描环与旋转波束背景；依赖 ogl	npx shadcn@latest add @react-bits/Radar-TS-TW	free	install	registry:https://reactbits.dev/r/Radar-TS-TW.json
reactbits	ripple-grid	RippleGrid	Backgrounds	持续涟漪波动的网格背景；依赖 ogl	npx shadcn@latest add @react-bits/RippleGrid-TS-TW	free	install	registry:https://reactbits.dev/r/RippleGrid-TS-TW.json
reactbits	scanner	Scanner	Backgrounds	示波器式干涉条纹扫过背景；依赖 ogl	npx shadcn@latest add @react-bits/Scanner-TS-TW	free	install	registry:https://reactbits.dev/r/Scanner-TS-TW.json
reactbits	shape-grid	ShapeGrid	Backgrounds	方形/六边形/圆/三角形动态网格背景	npx shadcn@latest add @react-bits/ShapeGrid-TS-TW	free	install	registry:https://reactbits.dev/r/ShapeGrid-TS-TW.json
reactbits	shape-waves	ShapeWaves	Backgrounds	形状沿波浪变亮放大的 WebGPU 背景，可文字镂空；依赖 vgpu	npx shadcn@latest add @react-bits/ShapeWaves-TS-TW	free	install	registry:https://reactbits.dev/r/ShapeWaves-TS-TW.json
reactbits	side-rays	SideRays	Backgrounds	侧边射出的光线背景；依赖 ogl	npx shadcn@latest add @react-bits/SideRays-TS-TW	free	install	registry:https://reactbits.dev/r/SideRays-TS-TW.json
reactbits	silk	Silk	Backgrounds	柔和光照的丝绸波浪背景；依赖 @react-three/fiber,three	npx shadcn@latest add @react-bits/Silk-TS-TW	free	install	registry:https://reactbits.dev/r/Silk-TS-TW.json
reactbits	sliced-waves	SlicedWaves	Backgrounds	发光条栅如均衡器起伏的背景；依赖 ogl	npx shadcn@latest add @react-bits/SlicedWaves-TS-TW	free	install	registry:https://reactbits.dev/r/SlicedWaves-TS-TW.json
reactbits	soft-aurora	SoftAurora	Backgrounds	柔和北极光着色器背景；依赖 ogl	npx shadcn@latest add @react-bits/SoftAurora-TS-TW	free	install	registry:https://reactbits.dev/r/SoftAurora-TS-TW.json
reactbits	threads	Threads	Backgrounds	织物般流动线条背景；依赖 ogl	npx shadcn@latest add @react-bits/Threads-TS-TW	free	install	registry:https://reactbits.dev/r/Threads-TS-TW.json
reactbits	topography	Topography	Backgrounds	发光等高线地形图背景；依赖 ogl	npx shadcn@latest add @react-bits/Topography-TS-TW	free	install	registry:https://reactbits.dev/r/Topography-TS-TW.json
reactbits	waves	Waves	Backgrounds	层叠线条平滑波浪背景	npx shadcn@latest add @react-bits/Waves-TS-TW	free	install	registry:https://reactbits.dev/r/Waves-TS-TW.json
reactbits	web-threads	WebThreads	Backgrounds	发光正弦丝线汇聚点背景；依赖 ogl	npx shadcn@latest add @react-bits/WebThreads-TS-TW	free	install	registry:https://reactbits.dev/r/WebThreads-TS-TW.json
reactbits	pro-staggered-text	Staggered Text	Pro Components/Text	[Pro] 功能丰富的错峰文字揭示动画	https://pro.reactbits.dev/docs/components/staggered-text	pro	install	none
reactbits	pro-glitch-text	Glitch Text	Pro Components/Text	[Pro] canvas 故障文字，光标处粘滞 glitch	https://pro.reactbits.dev/docs/components/glitch-text	pro	install	none
reactbits	pro-smooth-cursor	Smooth Cursor	Pro Components/Cursor Effects	[Pro] 弹簧物理平滑光标拖尾 (canvas)	https://pro.reactbits.dev/docs/components/smooth-cursor	pro	install	none
reactbits	pro-text-path	Text Path	Pro Components/Text	[Pro] 沿 SVG 路径运动的文字 (GSAP)	https://pro.reactbits.dev/docs/components/text-path	pro	install	none
reactbits	pro-3d-text-reveal	3D Text Reveal	Pro Components/Text	[Pro] 滚动触发的 3D 文字揭示 (GSAP)	https://pro.reactbits.dev/docs/components/3d-text-reveal	pro	install	none
reactbits	pro-particle-text	Particle Text	Pro Components/Text	[Pro] WebGL 3D 粒子文字	https://pro.reactbits.dev/docs/components/particle-text	pro	install	none
reactbits	pro-text-scatter	Text Scatter	Pro Components/Text	[Pro] 字母交互散开效果	https://pro.reactbits.dev/docs/components/text-scatter	pro	install	none
reactbits	pro-3d-letter-swap	3D Letter Swap	Pro Components/Text	[Pro] 3D 字母翻转交换悬停动画	https://pro.reactbits.dev/docs/components/3d-letter-swap	pro	install	none
reactbits	pro-custom-cursor	Custom Cursor	Pro Components/Cursor Effects	[Pro] 吸附目标变形的自定义光标	https://pro.reactbits.dev/docs/components/custom-cursor	pro	install	none
reactbits	pro-blur-highlight	Blur Highlight	Pro Components/Text	[Pro] 段落模糊入场并自动高亮关键词	https://pro.reactbits.dev/docs/components/blur-highlight	pro	install	none
reactbits	pro-globe	Globe	Pro Components/3D & Shaders	[Pro] 带弧线与地点标记的 3D 地球	https://pro.reactbits.dev/docs/components/globe	pro	install	none
reactbits	pro-rotating-cards	Rotating Cards	Pro Components/3D & Shaders	[Pro] 可拖拽的 3D 环形旋转卡片轮播	https://pro.reactbits.dev/docs/components/rotating-cards	pro	install	none
reactbits	pro-draggable-grid	Draggable Grid	Pro Components/UI & Cards	[Pro] 可平移拖拽、带惯性的无限网格	https://pro.reactbits.dev/docs/components/draggable-grid	pro	install	none
reactbits	pro-comparison-slider	Comparison Slider	Pro Components/UI & Cards	[Pro] 前后对比图滑块 before/after	https://pro.reactbits.dev/docs/components/comparison-slider	pro	install	none
reactbits	pro-shader-reveal	Shader Reveal	Pro Components/3D & Shaders	[Pro] 液态着色器图片揭示	https://pro.reactbits.dev/docs/components/shader-reveal	pro	install	none
reactbits	pro-device	Device	Pro Components/UI & Cards	[Pro] CSS 设备外壳 mockup（手机/笔记本），可放自定义内容	https://pro.reactbits.dev/docs/components/device	pro	install	none
reactbits	pro-simple-graph	Simple Graph	Pro Components/UI & Cards	[Pro] 带交互的动画折线图	https://pro.reactbits.dev/docs/components/simple-graph	pro	install	none
reactbits	pro-credit-card	Credit Card	Pro Components/UI & Cards	[Pro] 3D 视差倾斜信用卡	https://pro.reactbits.dev/docs/components/credit-card	pro	install	none
reactbits	pro-circle-gallery	Circle Gallery	Pro Components/UI & Cards	[Pro] 惯性拖拽的 3D 环形图片轮播	https://pro.reactbits.dev/docs/components/circle-gallery	pro	install	none
reactbits	pro-ai-blob	AI Blob	Pro Components/3D & Shaders	[Pro] AI 风 3D 发光 blob 球	https://pro.reactbits.dev/docs/components/ai-blob	pro	install	none
reactbits	pro-gradient-carousel	Gradient Carousel	Pro Components/UI & Cards	[Pro] 根据图片提取渐变背景的 3D 卡片轮播	https://pro.reactbits.dev/docs/components/gradient-carousel	pro	install	none
reactbits	pro-circles	Circles	Pro Components/UI & Cards	[Pro] 带图片的旋转轨道环	https://pro.reactbits.dev/docs/components/circles	pro	install	none
reactbits	pro-shader-card	Shader Card	Pro Components/3D & Shaders	[Pro] WebGL 着色器背景卡片	https://pro.reactbits.dev/docs/components/shader-card	pro	install	none
reactbits	pro-preloader	Preloader	Pro Components/UI & Cards	[Pro] 多风格页面加载 preloader 开场动画	https://pro.reactbits.dev/docs/components/preloader	pro	install	none
reactbits	pro-hover-preview	Hover Preview	Pro Components/UI & Cards	[Pro] 悬停关键词弹出图片预览	https://pro.reactbits.dev/docs/components/hover-preview	pro	install	none
reactbits	pro-modal-cards	Modal Cards	Pro Components/UI & Cards	[Pro] 展开为全屏模态的卡片	https://pro.reactbits.dev/docs/components/modal-cards	pro	install	none
reactbits	pro-pixelate-hover	Pixelate Hover	Pro Components/3D & Shaders	[Pro] 光标控制的像素化揭示	https://pro.reactbits.dev/docs/components/pixelate-hover	pro	install	none
reactbits	pro-animated-list	Animated List	Pro Components/UI & Cards	[Pro] 动画列表	https://pro.reactbits.dev/docs/components/animated-list	pro	install	none
reactbits	pro-neon-reveal	Neon Reveal	Pro Components/Backgrounds	[Pro] 霓虹灯条扫过容器的效果	https://pro.reactbits.dev/docs/components/neon-reveal	pro	install	none
reactbits	pro-depth-card	Depth Card	Pro Components/3D & Shaders	[Pro] 随鼠标的透视纵深卡片	https://pro.reactbits.dev/docs/components/depth-card	pro	install	none
reactbits	pro-liquid-swap	Liquid Swap	Pro Components/UI & Cards	[Pro] 液态玻璃球切换图片转场	https://pro.reactbits.dev/docs/components/liquid-swap	pro	install	none
reactbits	pro-parallax-cards	Parallax Cards	Pro Components/UI & Cards	[Pro] 鼠标视差的 3D 分层卡片	https://pro.reactbits.dev/docs/components/parallax-cards	pro	install	none
reactbits	pro-perspective-grid	Perspective Grid	Pro Components/Backgrounds	[Pro] 无限滚动的 3D 透视网格背景	https://pro.reactbits.dev/docs/components/perspective-grid	pro	install	none
reactbits	pro-glitter-warp	Glitter Warp	Pro Components/Backgrounds	[Pro] 闪烁粒子星空曲速隧道背景	https://pro.reactbits.dev/docs/components/glitter-warp	pro	install	none
reactbits	pro-shader-waves	Shader Waves	Pro Components/Backgrounds	[Pro] 可配色噪声波浪着色器背景	https://pro.reactbits.dev/docs/components/shader-waves	pro	install	none
reactbits	pro-gradient-blob	Gradient Blob	Pro Components/3D & Shaders	[Pro] 光标交互的渐变 3D 变形 blob	https://pro.reactbits.dev/docs/components/gradient-blob	pro	install	none
reactbits	pro-light-droplets	Light Droplets	Pro Components/Backgrounds	[Pro] 旋转发光光线下落背景	https://pro.reactbits.dev/docs/components/light-droplets	pro	install	none
reactbits	pro-lightspeed	Lightspeed	Pro Components/Backgrounds	[Pro] 点击加速的超空间光速背景	https://pro.reactbits.dev/docs/components/lightspeed	pro	install	none
reactbits	pro-dither-wave	Dither Wave	Pro Components/Backgrounds	[Pro] 复古抖动波浪背景	https://pro.reactbits.dev/docs/components/dither-wave	pro	install	none
reactbits	pro-radial-liquid	Radial Liquid	Pro Components/Backgrounds	[Pro] 径向液态波浪着色器背景	https://pro.reactbits.dev/docs/components/radial-liquid	pro	install	none
reactbits	pro-chroma-waves	Chroma Waves	Pro Components/Backgrounds	[Pro] 色彩噪声波浪着色器背景	https://pro.reactbits.dev/docs/components/chroma-waves	pro	install	none
reactbits	pro-mosaic	Mosaic	Pro Components/Backgrounds	[Pro] 马赛克波浪/视频背景	https://pro.reactbits.dev/docs/components/mosaic	pro	install	none
reactbits	pro-vortex	Vortex	Pro Components/Backgrounds	[Pro] 无限旋转 3D 粒子隧道背景	https://pro.reactbits.dev/docs/components/vortex	pro	install	none
reactbits	pro-portal	Portal	Pro Components/3D & Shaders	[Pro] 圆形传送门粒子着色器	https://pro.reactbits.dev/docs/components/portal	pro	install	none
reactbits	pro-rising-lines	Rising Lines	Pro Components/Backgrounds	[Pro] 上升线条与激光粒子背景	https://pro.reactbits.dev/docs/components/rising-lines	pro	install	none
reactbits	pro-color-loops	Color Loops	Pro Components/Backgrounds	[Pro] 彩色轨道环流动背景	https://pro.reactbits.dev/docs/components/color-loops	pro	install	none
reactbits	pro-rotating-stars	Rotating Stars	Pro Components/Backgrounds	[Pro] 旋转星点轨道背景	https://pro.reactbits.dev/docs/components/rotating-stars	pro	install	none
reactbits	pro-dither-cursor	Dither Cursor	Pro Components/Cursor Effects	[Pro] 抖动像素拖尾光标	https://pro.reactbits.dev/docs/components/dither-cursor	pro	install	none
reactbits	pro-ascii-cursor	Ascii Cursor	Pro Components/Cursor Effects	[Pro] ASCII 字符拖尾光标	https://pro.reactbits.dev/docs/components/ascii-cursor	pro	install	none
reactbits	pro-ascii-waves	Ascii Waves	Pro Components/Backgrounds	[Pro] ASCII 字符波浪背景	https://pro.reactbits.dev/docs/components/ascii-waves	pro	install	none
reactbits	pro-synaptic-shift	Synaptic Shift	Pro Components/Backgrounds	[Pro] 神经网络连接动画背景	https://pro.reactbits.dev/docs/components/synaptic-shift	pro	install	none
reactbits	pro-dot-shift	Dot Shift	Pro Components/Backgrounds	[Pro] 移动点阵背景	https://pro.reactbits.dev/docs/components/dot-shift	pro	install	none
reactbits	pro-star-burst	Star Burst	Pro Components/3D & Shaders	[Pro] 星爆粒子爆炸效果	https://pro.reactbits.dev/docs/components/star-burst	pro	install	none
reactbits	pro-silk-waves	Silk Waves	Pro Components/Backgrounds	[Pro] 丝绸流动波浪背景	https://pro.reactbits.dev/docs/components/silk-waves	pro	install	none
reactbits	pro-falling-rays	Falling Rays	Pro Components/Backgrounds	[Pro] 光线雨落背景	https://pro.reactbits.dev/docs/components/falling-rays	pro	install	none
reactbits	pro-liquid-bars	Liquid Bars	Pro Components/Backgrounds	[Pro] 液态条形波动背景	https://pro.reactbits.dev/docs/components/liquid-bars	pro	install	none
reactbits	pro-aurora-blur	Aurora Blur	Pro Components/Backgrounds	[Pro] 模糊极光背景	https://pro.reactbits.dev/docs/components/aurora-blur	pro	install	none
reactbits	pro-chroma-card	Chroma Card	Pro Components/UI & Cards	[Pro] 色彩漂移卡片	https://pro.reactbits.dev/docs/components/chroma-card	pro	install	none
reactbits	pro-liquid-lines	Liquid Lines	Pro Components/Backgrounds	[Pro] 液态流动线条背景	https://pro.reactbits.dev/docs/components/liquid-lines	pro	install	none
reactbits	pro-squircle-shift	Squircle Shift	Pro Components/Backgrounds	[Pro] 超椭圆变形动画背景	https://pro.reactbits.dev/docs/components/squircle-shift	pro	install	none
reactbits	pro-grain-wave	Grain Wave	Pro Components/Backgrounds	[Pro] 颗粒感波浪纹理背景	https://pro.reactbits.dev/docs/components/grain-wave	pro	install	none
reactbits	pro-glass-flow	Glass Flow	Pro Components/Backgrounds	[Pro] 流动玻璃模糊背景	https://pro.reactbits.dev/docs/components/glass-flow	pro	install	none
reactbits	pro-shadow-bars	Shadow Bars	Pro Components/Backgrounds	[Pro] 纵深阴影条背景	https://pro.reactbits.dev/docs/components/shadow-bars	pro	install	none
reactbits	pro-warp-twister	Warp Twister	Pro Components/Backgrounds	[Pro] 扭曲旋涡变形背景	https://pro.reactbits.dev/docs/components/warp-twister	pro	install	none
reactbits	pro-center-flow	Center Flow	Pro Components/UI & Cards	[Pro] 中心径向流动动画	https://pro.reactbits.dev/docs/components/center-flow	pro	install	none
reactbits	pro-glass-cursor	Glass Cursor	Pro Components/Cursor Effects	[Pro] 玻璃折射模糊光标拖尾	https://pro.reactbits.dev/docs/components/glass-cursor	pro	install	none
reactbits	pro-agentic-ball	Agentic Ball	Pro Components/3D & Shaders	[Pro] AI agent 风 3D 旋涡发光球	https://pro.reactbits.dev/docs/components/agentic-ball	pro	install	none
reactbits	pro-black-hole	Black Hole	Pro Components/Backgrounds	[Pro] 黑洞引力粒子背景	https://pro.reactbits.dev/docs/components/black-hole	pro	install	none
reactbits	pro-blurred-rays	Blurred Rays	Pro Components/Backgrounds	[Pro] 闪烁竖直光束泛光背景	https://pro.reactbits.dev/docs/components/blurred-rays	pro	install	none
reactbits	pro-click-stack	Click Stack	Pro Components/UI & Cards	[Pro] 点击循环切换的卡片堆	https://pro.reactbits.dev/docs/components/click-stack	pro	install	none
reactbits	pro-flame-paths	Flame Paths	Pro Components/Backgrounds	[Pro] 火焰状波浪背景	https://pro.reactbits.dev/docs/components/flame-paths	pro	install	none
reactbits	pro-frame-border	Frame Border	Pro Components/3D & Shaders	[Pro] 噪声纹理动态边框	https://pro.reactbits.dev/docs/components/frame-border	pro	install	none
reactbits	pro-gradient-bars	Gradient Bars	Pro Components/Backgrounds	[Pro] 条纹渐变柱背景	https://pro.reactbits.dev/docs/components/gradient-bars	pro	install	none
reactbits	pro-halftone-vortex	Halftone Vortex	Pro Components/Cursor Effects	[Pro] 光标响应的半调点旋涡	https://pro.reactbits.dev/docs/components/halftone-vortex	pro	install	none
reactbits	pro-halftone-wave	Halftone Wave	Pro Components/Backgrounds	[Pro] 噪声半调点阵背景	https://pro.reactbits.dev/docs/components/halftone-wave	pro	install	none
reactbits	pro-infinite-gallery	Infinite Gallery	Pro Components/3D & Shaders	[Pro] 可拖拽视差的 3D 无限滚动画廊	https://pro.reactbits.dev/docs/components/infinite-gallery	pro	install	none
reactbits	pro-liquid-ascii	Liquid Ascii	Pro Components/Cursor Effects	[Pro] ASCII 字符渲染的流体模拟光标效果	https://pro.reactbits.dev/docs/components/liquid-ascii	pro	install	none
reactbits	pro-metallic-swirl	Metallic Swirl	Pro Components/Backgrounds	[Pro] 金属漩涡着色器背景	https://pro.reactbits.dev/docs/components/metallic-swirl	pro	install	none
reactbits	pro-retro-lines	Retro Lines	Pro Components/Backgrounds	[Pro] 复古透视网格波浪背景	https://pro.reactbits.dev/docs/components/retro-lines	pro	install	none
reactbits	pro-rubber-fluid	Rubber Fluid	Pro Components/Backgrounds	[Pro] 橡胶流体扭曲着色器背景	https://pro.reactbits.dev/docs/components/rubber-fluid	pro	install	none
reactbits	pro-simple-swirl	Simple Swirl	Pro Components/Backgrounds	[Pro] 同心发光漩涡背景	https://pro.reactbits.dev/docs/components/simple-swirl	pro	install	none
reactbits	pro-square-matrix	Square Matrix	Pro Components/Backgrounds	[Pro] 预设波形的点阵背景	https://pro.reactbits.dev/docs/components/square-matrix	pro	install	none
reactbits	pro-star-swipe	Star Swipe	Pro Components/Backgrounds	[Pro] 保角星空扭曲扫掠背景	https://pro.reactbits.dev/docs/components/star-swipe	pro	install	none
reactbits	pro-swirl-blend	Swirl Blend	Pro Components/Backgrounds	[Pro] 可调色板的彩色迭代漩涡背景	https://pro.reactbits.dev/docs/components/swirl-blend	pro	install	none
reactbits	pro-text-cube	Text Cube	Pro Components/Cursor Effects	[Pro] 跟随光标的 3D 文字立方体	https://pro.reactbits.dev/docs/components/text-cube	pro	install	none
reactbits	pro-warped-card	Warped Card	Pro Components/3D & Shaders	[Pro] 鼠标处鼓起扭曲的图片卡片	https://pro.reactbits.dev/docs/components/warped-card	pro	install	none
reactbits	pro-watercolor	Watercolor	Pro Components/Backgrounds	[Pro] 双色水彩噪声背景	https://pro.reactbits.dev/docs/components/watercolor	pro	install	none
reactbits	pro-fog-sphere	Fog Sphere	Pro Components/Backgrounds	[Pro] 柔和雾气球体背景	https://pro.reactbits.dev/docs/components/fog-sphere	pro	install	none
reactbits	pro-ascii-tiles	ASCII Tiles	Pro Components/Backgrounds	[Pro] 发光 ASCII 字符玻璃瓦片背景	https://pro.reactbits.dev/docs/components/ascii-tiles	pro	install	none
reactbits	pro-cursor-wave	Cursor Wave	Pro Components/Cursor Effects	[Pro] 响应光标与点击的形状网格	https://pro.reactbits.dev/docs/components/cursor-wave	pro	install	none
reactbits	pro-twilight-lines	Twilight Lines	Pro Components/Backgrounds	[Pro] 暖色脉冲发光线条背景	https://pro.reactbits.dev/docs/components/twilight-lines	pro	install	none
reactbits	pro-chroma-blinds	Chroma Blinds	Pro Components/Cursor Effects	[Pro] 向光标弯曲的彩色斜条纹	https://pro.reactbits.dev/docs/components/chroma-blinds	pro	install	none
reactbits	pro-pixel-reveal	Pixel Reveal	Pro Components/3D & Shaders	[Pro] 像素扫过揭示图片	https://pro.reactbits.dev/docs/components/pixel-reveal	pro	install	none
reactbits	pro-parallax-carousel	Parallax Carousel	Pro Components/3D & Shaders	[Pro] 视差手感的可拖拽图片轮播	https://pro.reactbits.dev/docs/components/parallax-carousel	pro	install	none
reactbits	pro-glass-tiles	Glass Tiles	Pro Components/Backgrounds	[Pro] 彩色玻璃瓦片闪烁背景	https://pro.reactbits.dev/docs/components/glass-tiles	pro	install	none
reactbits	pro-parallax-pills	Parallax Pills	Pro Components/Cursor Effects	[Pro] 随光标漂移弹跳的标签胶囊	https://pro.reactbits.dev/docs/components/parallax-pills	pro	install	none
reactbits	pro-blinking-squares	Blinking Squares	Pro Components/Backgrounds	[Pro] 小方块闪烁网格背景	https://pro.reactbits.dev/docs/components/blinking-squares	pro	install	none
reactbits	pro-user-cursor	User Cursor	Pro Components/Cursor Effects	[Pro] 带名字标签的协作光标	https://pro.reactbits.dev/docs/components/user-cursor	pro	install	none
reactbits	pro-magic-transform	Magic Transform	Pro Components/UI & Cards	[Pro] 文档飞入变成彩色结果的 AI 转换动画	https://pro.reactbits.dev/docs/components/magic-transform	pro	install	none
reactbits	pro-circle-stack	Circle Stack	Pro Components/3D & Shaders	[Pro] 倾斜圆形堆叠轮换图片	https://pro.reactbits.dev/docs/components/circle-stack	pro	install	none
reactbits	pro-particle-image	Particle Image	Pro Components/3D & Shaders	[Pro] 图片分解为 GPU 粒子再重组	https://pro.reactbits.dev/docs/components/particle-image	pro	install	none
reactbits	pro-skewed-carousel	Skewed Carousel	Pro Components/UI & Cards	[Pro] 滚动时倾斜缩放的卡片跑马灯	https://pro.reactbits.dev/docs/components/skewed-carousel	pro	install	none
reactbits	pro-tumble-carousel	Tumble Carousel	Pro Components/3D & Shaders	[Pro] 卡片翻滚切换的轮播	https://pro.reactbits.dev/docs/components/tumble-carousel	pro	install	none
reactbits	pro-tilted-tiles	Tilted Tiles	Pro Components/UI & Cards	[Pro] 滚动漂移的倾斜图片列网格	https://pro.reactbits.dev/docs/components/tilted-tiles	pro	install	none
reactbits	pro-squares-terminal	Squares Terminal	Pro Components/Backgrounds	[Pro] 终端风方块闪烁网格背景	https://pro.reactbits.dev/docs/components/squares-terminal	pro	install	none
reactbits	pro-neural-float	Neural Float	Pro Components/Backgrounds	[Pro] 漂浮神经丝背景	https://pro.reactbits.dev/docs/components/neural-float	pro	install	none
reactbits	pro-wireframe-ball	Wireframe Ball	Pro Components/Backgrounds	[Pro] 光线步进旋转线框多面体	https://pro.reactbits.dev/docs/components/wireframe-ball	pro	install	none
reactbits	pro-blinking-dots	Blinking Dots	Pro Components/Backgrounds	[Pro] 固定网格闪烁点阵背景	https://pro.reactbits.dev/docs/components/blinking-dots	pro	install	none
reactbits	pro-specter-orb	Specter Orb	Pro Components/Backgrounds	[Pro] 烟雾缭绕的幽灵光球	https://pro.reactbits.dev/docs/components/specter-orb	pro	install	none
reactbits	pro-speeding-text	Speeding Text	Pro Components/Text	[Pro] 高速掠过拉伸拖影的文字	https://pro.reactbits.dev/docs/components/speeding-text	pro	install	none
reactbits	pro-pixel-rain	Pixel Rain	Pro Components/Backgrounds	[Pro] 像素数字雨背景	https://pro.reactbits.dev/docs/components/pixel-rain	pro	install	none
reactbits	pro-mosaic-waves	Mosaic Waves	Pro Components/Backgrounds	[Pro] 马赛克瓦片波浪背景	https://pro.reactbits.dev/docs/components/mosaic-waves	pro	install	none
reactbits	pro-pixel-magnet	Pixel Magnet	Pro Components/Cursor Effects	[Pro] 光标磁化像素拖尾	https://pro.reactbits.dev/docs/components/pixel-magnet	pro	install	none
reactbits	pro-rolling-blinds	Rolling Blinds	Pro Components/Backgrounds	[Pro] 百叶窗式光带开合背景	https://pro.reactbits.dev/docs/components/rolling-blinds	pro	install	none
reactbits	pro-neural-tunnel	Neural Tunnel	Pro Components/Backgrounds	[Pro] 神经丝无限隧道背景	https://pro.reactbits.dev/docs/components/neural-tunnel	pro	install	none
reactbits	pro-glowing-wave	Glowing Wave	Pro Components/Backgrounds	[Pro] 单条发光波浪背景	https://pro.reactbits.dev/docs/components/glowing-wave	pro	install	none
reactbits	pro-minimal-ripple	Minimal Ripple	Pro Components/Backgrounds	[Pro] 极简同心涟漪背景	https://pro.reactbits.dev/docs/components/minimal-ripple	pro	install	none
reactbits	pro-glue-dots	Glue Dots	Pro Components/Backgrounds	[Pro] 黏连拉伸的 metaball 点	https://pro.reactbits.dev/docs/components/glue-dots	pro	install	none
reactbits	pro-card-spread	Card Spread	Pro Components/UI & Cards	[Pro] 悬停扇形展开的卡牌	https://pro.reactbits.dev/docs/components/card-spread	pro	install	none
reactbits	pro-page-flip	Page Flip	Pro Components/3D & Shaders	[Pro] 可拖拽翻书翻页效果	https://pro.reactbits.dev/docs/components/page-flip	pro	install	none
reactbits	pro-bending-marquee	Bending Marquee	Pro Components/Text	[Pro] 沿曲线弯曲的跑马灯文字	https://pro.reactbits.dev/docs/components/bending-marquee	pro	install	none
reactbits	pro-aura-blob	Aura Blob	Pro Components/Backgrounds	[Pro] 光晕环绕的发光 blob 背景	https://pro.reactbits.dev/docs/components/aura-blob	pro	install	none
reactbits	pro-aurora-beam	Aurora Beam	Pro Components/Backgrounds	[Pro] 层叠光幕极光光束背景	https://pro.reactbits.dev/docs/components/aurora-beam	pro	install	none
reactbits	pro-thinking-dots	Thinking Dots	Pro Components/Backgrounds	[Pro] 呼吸点阵 AI 思考背景	https://pro.reactbits.dev/docs/components/thinking-dots	pro	install	none
reactbits	pro-rising-particles	Rising Particles	Pro Components/Backgrounds	[Pro] 上升发光粒子背景	https://pro.reactbits.dev/docs/components/rising-particles	pro	install	none
reactbits	pro-landscape	Landscape	Pro Components/Backgrounds	[Pro] 程序生成滚动地形背景	https://pro.reactbits.dev/docs/components/landscape	pro	install	none
reactbits	pro-tech-wall	Tech Wall	Pro Components/Backgrounds	[Pro] 科技面板墙依次点亮背景	https://pro.reactbits.dev/docs/components/tech-wall	pro	install	none
reactbits	pro-spectral-clouds	Spectral Clouds	Pro Components/Backgrounds	[Pro] 光谱色体积云背景	https://pro.reactbits.dev/docs/components/spectral-clouds	pro	install	none
reactbits	pro-reel-gallery	Reel Gallery	Pro Components/UI & Cards	[Pro] 滚动滑行的倾斜胶片图片画廊	https://pro.reactbits.dev/docs/components/reel-gallery	pro	install	none
reactbits	pro-grid-rise	Grid Rise	Pro Components/Cursor Effects	[Pro] 光标下抬升涟漪的瓦片场	https://pro.reactbits.dev/docs/components/grid-rise	pro	install	none
reactbits	pro-lenticular-carousel	Lenticular Carousel	Pro Components/3D & Shaders	[Pro] 光栅卡翻转效果的画廊	https://pro.reactbits.dev/docs/components/lenticular-carousel	pro	install	none
reactbits	pro-scroll-stack	Scroll Stack	Pro Components/UI & Cards	[Pro] 滚动钉住堆叠旋转溶解的卡片	https://pro.reactbits.dev/docs/components/scroll-stack	pro	install	none
reactbits	pro-frame-scrub	Frame Scrub	Pro Components/UI & Cards	[Pro] 滚动驱动帧序列播放 (canvas)，类苹果产品页	https://pro.reactbits.dev/docs/components/frame-scrub	pro	install	none
reactbits	pro-scroll-mask	Scroll Mask	Pro Components/UI & Cards	[Pro] 滚动打开遮罩揭示图片（六种方式）	https://pro.reactbits.dev/docs/components/scroll-mask	pro	install	none
reactbits	pro-particle-morph	Particle Morph	Pro Components/3D & Shaders	[Pro] GPU 粒子在图片/logo/剪影间变形	https://pro.reactbits.dev/docs/components/particle-morph	pro	install	none
reactbits	pro-eclipse	Eclipse	Pro Components/Backgrounds	[Pro] 日食光谱日冕背景	https://pro.reactbits.dev/docs/components/eclipse	pro	install	none
reactbits	pro-scroll-portal	Scroll Portal	Pro Components/3D & Shaders	[Pro] 滚动镜头穿越嵌套画框切换场景	https://pro.reactbits.dev/docs/components/scroll-portal	pro	install	none
reactbits	pro-pixel-sculpt	Pixel Sculpt	Pro Components/3D & Shaders	[Pro] 实例化瓦片浮雕图片，指针涟漪	https://pro.reactbits.dev/docs/components/pixel-sculpt	pro	install	none
reactbits	pro-neural-flash	Neural Flash	Pro Components/Backgrounds	[Pro] 神经闪电丝反馈场背景	https://pro.reactbits.dev/docs/components/neural-flash	pro	install	none
reactbits	pro-inverted-dome	Inverted Dome	Pro Components/3D & Shaders	[Pro] 透镜弯曲的可拖拽无限图片网格	https://pro.reactbits.dev/docs/components/inverted-dome	pro	install	none
reactbits	pro-ravine	Ravine	Pro Components/Backgrounds	[Pro] 光线步进无尽峡谷飞行背景	https://pro.reactbits.dev/docs/components/ravine	pro	install	none
reactbits	pro-long-exposure	Long Exposure	Pro Components/Backgrounds	[Pro] 长曝光车灯光轨背景	https://pro.reactbits.dev/docs/components/long-exposure	pro	install	none
reactbits	pro-glowing-ridges	Glowing Ridges	Pro Components/Backgrounds	[Pro] 虹彩山脊丝绸光背景	https://pro.reactbits.dev/docs/components/glowing-ridges	pro	install	none
reactbits	pro-bend-gallery	Bend Gallery	Pro Components/3D & Shaders	[Pro] 滚动时折弯下沉的图片列画廊	https://pro.reactbits.dev/docs/components/bend-gallery	pro	install	none
reactbits	pro-twisting-gallery	Twisting Gallery	Pro Components/3D & Shaders	[Pro] 滚动扭转摇摆的图片画廊	https://pro.reactbits.dev/docs/components/twisting-gallery	pro	install	none
reactbits	pro-glass-reveal	Glass Reveal	Pro Components/3D & Shaders	[Pro] 跟随指针的玻璃透镜折射切换图片	https://pro.reactbits.dev/docs/components/glass-reveal	pro	install	none
reactbits	pro-dolly-gallery	Dolly Gallery	Pro Components/3D & Shaders	[Pro] 滚动镜头推进穿过纵深图片	https://pro.reactbits.dev/docs/components/dolly-gallery	pro	install	none
reactbits	pro-tile-reveal	Tile Reveal	Pro Components/UI & Cards	[Pro] 滚动瓦片飞入后放大揭示标题与 CTA	https://pro.reactbits.dev/docs/components/tile-reveal	pro	install	none
reactbits	pro-depth-image	Depth Image	Pro Components/3D & Shaders	[Pro] 估算深度重新打光的照片指针光照	https://pro.reactbits.dev/docs/components/depth-image	pro	install	none
reactbits	pro-ascii-ripple	ASCII Ripple	Pro Components/Text	[Pro] 等宽文字如液面波动的 ASCII 涟漪	https://pro.reactbits.dev/docs/components/ascii-ripple	pro	install	none
reactbits	category:pro-blocks/hero-section	Hero Section	Pro Blocks	[Pro] 首屏 hero 区块，24 个变体（落地页 section）	https://pro.reactbits.dev/docs/blocks/hero-section	pro	install	none
reactbits	category:pro-blocks/features	Features	Pro Blocks	[Pro] 功能特性介绍区块，13 个变体（落地页 section）	https://pro.reactbits.dev/docs/blocks/features	pro	install	none
reactbits	category:pro-blocks/bento	Bento	Pro Blocks	[Pro] bento 网格功能卡片瓦片，42 个变体（落地页 section）	https://pro.reactbits.dev/docs/blocks/bento	pro	install	none
reactbits	category:pro-blocks/social-proof	Social Proof	Pro Blocks	[Pro] 社会证明/用户评价/信任背书区块，16 个变体（落地页 section）	https://pro.reactbits.dev/docs/blocks/social-proof	pro	install	none
reactbits	category:pro-blocks/contact	Contact	Pro Blocks	[Pro] 联系表单区块，12 个变体（落地页 section）	https://pro.reactbits.dev/docs/blocks/contact	pro	install	none
reactbits	category:pro-blocks/footer	Footer	Pro Blocks	[Pro] 页脚区块，12 个变体（落地页 section）	https://pro.reactbits.dev/docs/blocks/footer	pro	install	none
reactbits	category:pro-blocks/comparison	Comparison	Pro Blocks	[Pro] 功能/价格/竞品对比区块，8 个变体（落地页 section）	https://pro.reactbits.dev/docs/blocks/comparison	pro	install	none
reactbits	category:pro-blocks/navigation	Navigation	Pro Blocks	[Pro] 官网导航栏区块，15 个变体（落地页 section）	https://pro.reactbits.dev/docs/blocks/navigation	pro	install	none
reactbits	category:pro-blocks/auth	Auth	Pro Blocks	[Pro] 登录注册区块，6 个变体（落地页 section）	https://pro.reactbits.dev/docs/blocks/auth	pro	install	none
reactbits	category:pro-blocks/cta	Call To Action	Pro Blocks	[Pro] 行动号召 CTA 区块，14 个变体（落地页 section）	https://pro.reactbits.dev/docs/blocks/cta	pro	install	none
reactbits	category:pro-blocks/faq	FAQ	Pro Blocks	[Pro] FAQ 手风琴区块，9 个变体（落地页 section）	https://pro.reactbits.dev/docs/blocks/faq	pro	install	none
reactbits	category:pro-blocks/pricing	Pricing	Pro Blocks	[Pro] 定价表/套餐区块，15 个变体（落地页 section）	https://pro.reactbits.dev/docs/blocks/pricing	pro	install	none
reactbits	category:pro-blocks/stats	Stats	Pro Blocks	[Pro] 数据统计指标区块，15 个变体（落地页 section）	https://pro.reactbits.dev/docs/blocks/stats	pro	install	none
reactbits	category:pro-blocks/404	404	Pro Blocks	[Pro] 404 错误页，8 个变体（落地页 section）	https://pro.reactbits.dev/docs/blocks/404	pro	install	none
reactbits	category:pro-blocks/profile	Profile	Pro Blocks	[Pro] 用户资料区块，6 个变体（落地页 section）	https://pro.reactbits.dev/docs/blocks/profile	pro	install	none
reactbits	category:pro-blocks/about	About	Pro Blocks	[Pro] 关于我们/团队/使命区块，12 个变体（落地页 section）	https://pro.reactbits.dev/docs/blocks/about	pro	install	none
reactbits	category:pro-blocks/waitlist	Waitlist	Pro Blocks	[Pro] 等候名单预注册区块，6 个变体（落地页 section）	https://pro.reactbits.dev/docs/blocks/waitlist	pro	install	none
reactbits	category:pro-blocks/showcase	Showcase	Pro Blocks	[Pro] 产品/作品展示区块，8 个变体（落地页 section）	https://pro.reactbits.dev/docs/blocks/showcase	pro	install	none
reactbits	category:pro-blocks/how-it-works	How It Works	Pro Blocks	[Pro] 使用步骤流程区块，9 个变体（落地页 section）	https://pro.reactbits.dev/docs/blocks/how-it-works	pro	install	none
reactbits	category:pro-blocks/download	Download	Pro Blocks	[Pro] 应用/文件下载区块，8 个变体（落地页 section）	https://pro.reactbits.dev/docs/blocks/download	pro	install	none
reactbits	category:pro-blocks/blog	Blog	Pro Blocks	[Pro] 博客文章列表与布局区块，11 个变体（落地页 section）	https://pro.reactbits.dev/docs/blocks/blog	pro	install	none
reactbits	category:pro-blocks/ecommerce	Ecommerce	Pro Blocks	[Pro] 电商商品页/目录区块，11 个变体（落地页 section）	https://pro.reactbits.dev/docs/blocks/ecommerce	pro	install	none
reactbits	category:pro-app-ui/ai-chat	AI Chat	Pro App UI/AI & Agents	[Pro] AI 对话界面，含流式输出、工具调用、来源与 artifacts，9 个变体	https://pro.reactbits.dev/docs/app-ui/ai-chat	pro	install	none
reactbits	category:pro-app-ui/prompt-input	Prompt Input	Pro App UI/AI & Agents	[Pro] AI 提示词输入框/composer，含命令、附件、模型选择，7 个变体	https://pro.reactbits.dev/docs/app-ui/prompt-input	pro	install	none
reactbits	category:pro-app-ui/agent-activity	Agent Activity	Pro App UI/AI & Agents	[Pro] agent 运行流、时间线与日志，7 个变体	https://pro.reactbits.dev/docs/app-ui/agent-activity	pro	install	none
reactbits	category:pro-app-ui/tool-calls	Tool Calls	Pro App UI/AI & Agents	[Pro] 工具调用卡片、结果、diff 与权限确认，6 个变体	https://pro.reactbits.dev/docs/app-ui/tool-calls	pro	install	none
reactbits	category:pro-app-ui/agent-approval	Agent Approval	Pro App UI/AI & Agents	[Pro] 人机协同审批/权限确认/审计界面，6 个变体	https://pro.reactbits.dev/docs/app-ui/agent-approval	pro	install	none
reactbits	category:pro-app-ui/agent-plan	Agent Plan	Pro App UI/AI & Agents	[Pro] agent 任务计划清单与执行树，6 个变体	https://pro.reactbits.dev/docs/app-ui/agent-plan	pro	install	none
reactbits	category:pro-app-ui/ai-usage	AI Usage	Pro App UI/AI & Agents	[Pro] token 用量、配额、限流与模型成本界面，8 个变体	https://pro.reactbits.dev/docs/app-ui/ai-usage	pro	install	none
reactbits	category:pro-app-ui/app-shell	App Shell	Pro App UI/Navigation	[Pro] 完整应用框架（导航+头部+内容区），9 个变体	https://pro.reactbits.dev/docs/app-ui/app-shell	pro	install	none
reactbits	category:pro-app-ui/card	Cards	Pro App UI/Data	[Pro] 人员/套餐/动态/文件卡片，11 个变体	https://pro.reactbits.dev/docs/app-ui/card	pro	install	none
reactbits	category:pro-app-ui/onboarding	Onboarding	Pro App UI/Auth & Onboarding	[Pro] 新手引导、分步设置、邀请与激活，7 个变体	https://pro.reactbits.dev/docs/app-ui/onboarding	pro	install	none
reactbits	category:pro-app-ui/kanban	Kanban	Pro App UI/Workflows	[Pro] 看板拖拽列、泳道与迭代容量，6 个变体	https://pro.reactbits.dev/docs/app-ui/kanban	pro	install	none
reactbits	category:pro-app-ui/wizard	Wizard	Pro App UI/Workflows	[Pro] 多步骤向导与审阅页，7 个变体	https://pro.reactbits.dev/docs/app-ui/wizard	pro	install	none
reactbits	category:pro-app-ui/comments	Comments	Pro App UI/Workflows	[Pro] 评论线程、批注、@提及与解决流程，6 个变体	https://pro.reactbits.dev/docs/app-ui/comments	pro	install	none
reactbits	category:pro-app-ui/scheduling	Scheduling	Pro App UI/Workflows	[Pro] 日历、日程、可用时间与预约，7 个变体	https://pro.reactbits.dev/docs/app-ui/scheduling	pro	install	none
reactbits	category:pro-app-ui/app-sidebar	App Sidebar	Pro App UI/Navigation	[Pro] 应用侧边栏与移动导航，7 个变体	https://pro.reactbits.dev/docs/app-ui/app-sidebar	pro	install	none
reactbits	category:pro-app-ui/command-menu	Command Menu	Pro App UI/Navigation	[Pro] 命令面板 command palette 与快速搜索，6 个变体	https://pro.reactbits.dev/docs/app-ui/command-menu	pro	install	none
reactbits	category:pro-app-ui/data-table	Data Table	Pro App UI/Data	[Pro] 数据表格，含筛选、选择、行内编辑，8 个变体	https://pro.reactbits.dev/docs/app-ui/data-table	pro	install	none
reactbits	category:pro-app-ui/dashboard	Dashboard	Pro App UI/Data	[Pro] 仪表盘指标网格与图表面板，14 个变体	https://pro.reactbits.dev/docs/app-ui/dashboard	pro	install	none
reactbits	category:pro-app-ui/app-dialog	App Dialog	Pro App UI/Overlays	[Pro] 对话框、抽屉、sheet、popover，7 个变体	https://pro.reactbits.dev/docs/app-ui/app-dialog	pro	install	none
reactbits	category:pro-app-ui/notifications	Notifications	Pro App UI/Overlays	[Pro] 通知中心、toast、收件箱与偏好设置，6 个变体	https://pro.reactbits.dev/docs/app-ui/notifications	pro	install	none
reactbits	category:pro-app-ui/integrations	Integrations	Pro App UI/Workflows	[Pro] 集成市场、API key、webhook、OAuth 授权，6 个变体	https://pro.reactbits.dev/docs/app-ui/integrations	pro	install	none
reactbits	category:pro-app-ui/editor	Editor	Pro App UI/Workflows	[Pro] 富文本/markdown/代码编辑器外壳，5 个变体	https://pro.reactbits.dev/docs/app-ui/editor	pro	install	none
reactbits	category:pro-app-ui/settings-form	Settings Form	Pro App UI/Forms	[Pro] 设置页、个人资料、成员管理表单，6 个变体	https://pro.reactbits.dev/docs/app-ui/settings-form	pro	install	none
reactbits	category:pro-app-ui/analytics	Analytics	Pro App UI/Data	[Pro] 分析图表、漏斗、留存矩阵与报表，16 个变体	https://pro.reactbits.dev/docs/app-ui/analytics	pro	install	none
reactbits	category:pro-app-ui/list	List	Pro App UI/Data	[Pro] 列表、信息流、排行榜、树形列表，12 个变体	https://pro.reactbits.dev/docs/app-ui/list	pro	install	none
reactbits	category:pro-app-ui/forms	Forms	Pro App UI/Forms	[Pro] 带校验和分节的记录表单，12 个变体	https://pro.reactbits.dev/docs/app-ui/forms	pro	install	none
reactbits	category:pro-app-ui/filtering	Filtering	Pro App UI/Data	[Pro] 分面筛选与查询构建器，9 个变体	https://pro.reactbits.dev/docs/app-ui/filtering	pro	install	none
reactbits	category:pro-app-ui/feedback	Feedback	Pro App UI/Workflows	[Pro] 应用内反馈、问卷、评分与需求看板，6 个变体	https://pro.reactbits.dev/docs/app-ui/feedback	pro	install	none
reactbits	category:pro-app-ui/support	Support	Pro App UI/Workflows	[Pro] 帮助中心、工单与客服聊天，5 个变体	https://pro.reactbits.dev/docs/app-ui/support	pro	install	none
reactbits	category:pro-app-ui/billing	Billing	Pro App UI/Workflows	[Pro] 账单、发票、套餐管理与用量计量，8 个变体	https://pro.reactbits.dev/docs/app-ui/billing	pro	install	none
reactbits	category:pro-app-ui/chat	Chat	Pro App UI/Workflows	[Pro] 团队频道、私信、群聊即时通讯，6 个变体	https://pro.reactbits.dev/docs/app-ui/chat	pro	install	none
reactbits	category:pro-app-ui/file-manager	File Manager	Pro App UI/Data	[Pro] 文件管理器、资产网格与上传队列，4 个变体	https://pro.reactbits.dev/docs/app-ui/file-manager	pro	install	none
reactbits	category:pro-app-ui/monitoring	Monitoring	Pro App UI/Data	[Pro] 监控指标、服务健康、告警与事故，10 个变体	https://pro.reactbits.dev/docs/app-ui/monitoring	pro	install	none
reactbits	category:pro-app-ui/navbar	Navbar	Pro App UI/Navigation	[Pro] 应用顶栏、mega menu 与面包屑，14 个变体	https://pro.reactbits.dev/docs/app-ui/navbar	pro	install	none
reactbits	category:pro-app-ui/mobile	Mobile	Pro App UI/Navigation	[Pro] 移动端底部标签栏、浮动 dock 与底部弹层，5 个变体	https://pro.reactbits.dev/docs/app-ui/mobile	pro	install	none
reactbits	category:pro-app-ui/empty-state	Empty State	Pro App UI/Data	[Pro] 空状态、无结果与加载失败，5 个变体	https://pro.reactbits.dev/docs/app-ui/empty-state	pro	install	none
reactbits	category:pro-app-ui/paywall	Paywall	Pro App UI/Auth & Onboarding	[Pro] 付费墙、功能门槛与升级提示，7 个变体	https://pro.reactbits.dev/docs/app-ui/paywall	pro	install	none
reactbits	category:pro-app-ui/authentication	Authentication	Pro App UI/Auth & Onboarding	[Pro] 登录、注册与找回密码页，14 个变体	https://pro.reactbits.dev/docs/app-ui/authentication	pro	install	none
reactbits	pro-template-agentframe-template	Agentframe	Pro Templates	[Pro] Next.js AI agent 产品官网模板，像素风景动画；预览 https://rbp-agentframe-template.vercel.app/	https://pro.reactbits.dev/docs/templates/agentframe-template	pro	install	none
reactbits	pro-template-cloudlight-template	Cloudlight	Pro Templates	[Pro] Next.js 云存储落地页模板，WebGL 云朵 hero；预览 https://rbp-cloudlight-template.vercel.app/	https://pro.reactbits.dev/docs/templates/cloudlight-template	pro	install	none
reactbits	pro-template-imageworks-template	Imageworks	Pro Templates	[Pro] Next.js AI 图片平台落地页模板，3D hero；预览 https://rbp-imageworks-template.vercel.app/	https://pro.reactbits.dev/docs/templates/imageworks-template	pro	install	none
reactbits	pro-template-sparkdesign-template	Sparkdesign	Pro Templates	[Pro] Next.js 协作设计工具落地页模板；预览 https://rbp-sparkdesign-template.vercel.app/	https://pro.reactbits.dev/docs/templates/sparkdesign-template	pro	install	none
reactbits	pro-template-saas-landing	SaaS	Pro Templates	[Pro] Next.js SaaS 产品落地页模板；预览 https://rbp-saas-template.vercel.app/	https://pro.reactbits.dev/docs/templates/saas-landing	pro	install	none
reactbits	pro-template-minimal-landing	Minimal	Pro Templates	[Pro] Next.js 极简落地页模板，WebGL 光标；预览 https://rbp-minimal-template.vercel.app/	https://pro.reactbits.dev/docs/templates/minimal-landing	pro	install	none
reactbits	pro-template-agency-site	Agency	Pro Templates	[Pro] Next.js 创意代理公司官网模板；预览 https://rbp-agency-template.vercel.app/	https://pro.reactbits.dev/docs/templates/agency-site	pro	install	none
reactbits	pro-template-finance-landing	Finance	Pro Templates	[Pro] Next.js 金融科技落地页模板；预览 https://rbp-finance-template.vercel.app/	https://pro.reactbits.dev/docs/templates/finance-landing	pro	install	none
reactbits	pro-template-ai-saas-landing	AI SaaS	Pro Templates	[Pro] Next.js AI SaaS 落地页模板，流体光标；预览 https://rbp-ai-saas-template.vercel.app/	https://pro.reactbits.dev/docs/templates/ai-saas-landing	pro	install	none
reactbits	pro-template-shader-template	Shader	Pro Templates	[Pro] Next.js 全屏着色器沉浸式落地页模板；预览 https://rbp-shader-template.vercel.app/	https://pro.reactbits.dev/docs/templates/shader-template	pro	install	none
reactbits	pro-template-wireframe-template	Wireframe	Pro Templates	[Pro] Next.js 建筑线框 3D 风落地页模板；预览 https://rbp-wireframe-template.vercel.app/	https://pro.reactbits.dev/docs/templates/wireframe-template	pro	install	none
reactbits	pro-template-portfolio-template	Portfolio	Pro Templates	[Pro] Next.js 个人作品集模板（免费）；预览 https://rbp-portfolio.vercel.app/	https://pro.reactbits.dev/docs/templates/portfolio-template	free	install	manual
reactbits	pro-template-8-bit-template	8 Bit	Pro Templates	[Pro] Next.js 复古像素 8-bit 落地页模板；预览 https://rbp-8-bit-template.vercel.app/	https://pro.reactbits.dev/docs/templates/8-bit-template	pro	install	none
reactbits	pro-template-ai-app-template	AI App	Pro Templates	[Pro] Next.js AI 应用极简落地页模板，滚动手机演示；预览 https://rbp-ai-app-template.vercel.app/	https://pro.reactbits.dev/docs/templates/ai-app-template	pro	install	none
reactbits	pro-template-security-template	Security	Pro Templates	[Pro] Next.js 安全产品暗色编辑风落地页模板；预览 https://rbp-security-template.vercel.app/	https://pro.reactbits.dev/docs/templates/security-template	pro	install	none
reactbits	pro-kit-apple-minimal	Apple Minimal	Pro Agent Kit/skill	[Pro] 苹果极简风设计方向 skill	https://pro.reactbits.dev/docs/agent-kit/skills/apple-minimal	pro	install	none
reactbits	pro-kit-corporate-trust	Corporate Trust	Pro Agent Kit/skill	[Pro] 企业/金融/医疗可信风设计 skill	https://pro.reactbits.dev/docs/agent-kit/skills/corporate-trust	pro	install	none
reactbits	pro-kit-editorial	Editorial	Pro Agent Kit/skill	[Pro] 杂志编辑排版风设计 skill	https://pro.reactbits.dev/docs/agent-kit/skills/editorial	pro	install	none
reactbits	pro-kit-luxury-serif	Luxury Serif	Pro Agent Kit/skill	[Pro] 奢侈品衬线风设计 skill	https://pro.reactbits.dev/docs/agent-kit/skills/luxury-serif	pro	install	none
reactbits	pro-kit-neobrutalism	Neobrutalism	Pro Agent Kit/skill	[Pro] 新野兽派 neobrutalism 设计 skill	https://pro.reactbits.dev/docs/agent-kit/skills/neobrutalism	pro	install	none
reactbits	pro-kit-playful-motion	Playful Motion	Pro Agent Kit/skill	[Pro] 弹簧物理活泼动效风设计 skill	https://pro.reactbits.dev/docs/agent-kit/skills/playful-motion	pro	install	none
reactbits	pro-kit-swiss-grid	Swiss Grid	Pro Agent Kit/skill	[Pro] 瑞士国际主义网格风设计 skill	https://pro.reactbits.dev/docs/agent-kit/skills/swiss-grid	pro	install	none
reactbits	pro-kit-terminal-dark	Terminal Dark	Pro Agent Kit/skill	[Pro] 开发者工具暗色终端风设计 skill（免费）	https://pro.reactbits.dev/docs/agent-kit/skills/terminal-dark	free	install	manual
reactbits	pro-kit-agency	Agency	Pro Agent Kit/prompt	[Pro] 工作室/代理公司官网提示词	https://pro.reactbits.dev/docs/agent-kit/prompts/agency	pro	install	none
reactbits	pro-kit-consumer-hardware	Consumer Hardware	Pro Agent Kit/prompt	[Pro] 消费硬件产品页提示词	https://pro.reactbits.dev/docs/agent-kit/prompts/consumer-hardware	pro	install	none
reactbits	pro-kit-developer-tool	Developer Tool	Pro Agent Kit/prompt	[Pro] 开发者工具落地页提示词	https://pro.reactbits.dev/docs/agent-kit/prompts/developer-tool	pro	install	none
reactbits	pro-kit-ecommerce-brand	Ecommerce Brand	Pro Agent Kit/prompt	[Pro] DTC 电商产品页提示词	https://pro.reactbits.dev/docs/agent-kit/prompts/ecommerce-brand	pro	install	none
reactbits	pro-kit-fintech	Fintech	Pro Agent Kit/prompt	[Pro] 金融产品页提示词	https://pro.reactbits.dev/docs/agent-kit/prompts/fintech	pro	install	none
reactbits	pro-kit-fitness	Fitness	Pro Agent Kit/prompt	[Pro] 健身房/健身产品页提示词	https://pro.reactbits.dev/docs/agent-kit/prompts/fitness	pro	install	none
reactbits	pro-kit-real-estate	Real Estate	Pro Agent Kit/prompt	[Pro] 房地产楼盘页提示词	https://pro.reactbits.dev/docs/agent-kit/prompts/real-estate	pro	install	none
reactbits	pro-kit-saas	SaaS Landing Page	Pro Agent Kit/prompt	[Pro] SaaS 落地页提示词	https://pro.reactbits.dev/docs/agent-kit/prompts/saas	pro	install	none
reactbits	pro-kit-agency-homepage	Agency Homepage	Pro Agent Kit/recipe	[Pro] 代理公司首页区块组合配方	https://pro.reactbits.dev/docs/agent-kit/recipes/agency-homepage	pro	install	none
reactbits	pro-kit-product-launch	Product Launch Page	Pro Agent Kit/recipe	[Pro] 产品发布页区块组合配方	https://pro.reactbits.dev/docs/agent-kit/recipes/product-launch	pro	install	none
reactbits	pro-kit-saas-homepage	SaaS Homepage	Pro Agent Kit/recipe	[Pro] SaaS 首页区块组合配方	https://pro.reactbits.dev/docs/agent-kit/recipes/saas-homepage	pro	install	none
reactbits	pro-kit-agent-skill	React Bits Pro Skill	Pro Agent Kit/skill	[Pro] 教 agent 正确安装使用 React Bits Pro 的 skill	https://pro.reactbits.dev/docs/agent-kit/agent-skill	pro	install	none
