accordion	手风琴折叠面板 Accordion，FAQ	layout-card	foundation				
alert	提示条 Alert，信息/警告/错误消息横幅	feedback	foundation				
alert-dialog	确认对话框 AlertDialog，危险操作二次确认	overlay	foundation				
aspect-ratio	固定宽高比容器 AspectRatio，图片/视频	media	foundation				
avatar	头像 Avatar，头像组 avatar group	avatar-user	foundation				
badge	徽标 Badge，状态标签 tag	feedback	foundation				
breadcrumb	面包屑导航 Breadcrumb	navigation	foundation				
button	按钮 Button，多种 variant/size，icon 按钮	form-input,button	foundation				
button-group	按钮组 ButtonGroup，分段按钮、split button、与输入框拼接	form-input,button	foundation				
calendar	日历 Calendar，日期选择，基于 react-day-picker，支持范围/多月/伊斯兰历	date-time,select	foundation				
card	卡片容器 Card	layout-card	foundation				
carousel	轮播 Carousel，基于 Embla	media	foundation				
chart	图表基础组件 Chart（Recharts 封装 ChartContainer/Tooltip/Legend）	chart	foundation				
checkbox	复选框 Checkbox	toggle-slider,form-input	foundation				
collapsible	可折叠容器 Collapsible，展开/收起	layout-card	foundation				
combobox	可搜索下拉 Combobox，自动补全 autocomplete、多选 chips	search-command,select	foundation				
command	命令面板 Command（cmdk），⌘K 搜索、快捷操作	search-command	foundation				
context-menu	右键菜单 ContextMenu	overlay,navigation	foundation				
dialog	模态对话框 Dialog modal	overlay	foundation				
drawer	移动端抽屉 Drawer，基于 Base UI Drawer，支持档位和多方向滑动（Radix 版用 Vaul）	overlay	foundation				
dropdown-menu	下拉菜单 DropdownMenu，带勾选/单选/子菜单	navigation,select	foundation				
empty	空状态 Empty，无数据/404/空列表占位	empty-onboarding	foundation				
field	表单字段容器 Field：label、描述、错误信息、fieldset 组合，表单布局	form-input,layout-card	foundation				
form	旧版 Form（react-hook-form 封装），新项目推荐 Field	form-input	foundation				
hover-card	悬停卡片 HoverCard，鼠标悬停预览用户/链接	overlay	foundation		hover,cursor		
input	文本输入框 Input	form-input	foundation				
input-group	输入框组 InputGroup，前后缀 addon、图标、按钮、内嵌 spinner	form-input	foundation				
input-otp	一次性验证码输入 InputOTP，OTP/短信验证码	form-input	foundation				
item	通用列表项 Item，列表/菜单/设置项行，带图标头像操作	navigation,avatar-user	foundation				
label	表单标签 Label	form-input	foundation				
menubar	桌面应用式菜单栏 Menubar（aria base 无）	navigation	foundation				
navigation-menu	导航菜单 NavigationMenu，带下拉的站点顶部导航 mega menu（aria base 无）	navigation,layout-card	foundation				
pagination	分页 Pagination	navigation	foundation				
popover	气泡弹层 Popover	overlay	foundation				
progress	进度条 Progress	loading	foundation				
radio-group	单选组 RadioGroup	toggle-slider,form-input	foundation				
resizable	可拖拽调整大小的面板 Resizable panels，分栏布局	layout-card	foundation		drag		
scroll-area	自定义滚动条区域 ScrollArea	layout-card	foundation		scroll		
select	下拉选择 Select	select,form-input	foundation				
separator	分隔线 Separator	layout-card	foundation				
sheet	侧滑面板 Sheet（上下左右滑出的 drawer）	overlay	foundation				
sidebar	应用侧边栏 Sidebar，可折叠为图标、inset/floating，后台布局	navigation,layout-card	foundation				
skeleton	骨架屏 Skeleton，加载占位	loading	foundation				
slider	滑块 Slider，范围选择 range	toggle-slider,form-input	foundation				
sonner	Toast 通知 Sonner（sonner 库），radix/aria 推荐用它	feedback	foundation				
spinner	加载转圈 Spinner，loading 指示器	loading	foundation				
switch	开关 Switch toggle	toggle-slider,form-input	foundation				
table	基础表格 Table（数据表格见 data-table 示例）	table	foundation				
tabs	标签页 Tabs	navigation,layout-card	foundation				
textarea	多行文本输入 Textarea	form-input	foundation				
toast	Toast 通知（Base UI 原生，仅 base），支持 action、promise、堆叠、滑动关闭	feedback	foundation		swipe		
toggle	切换按钮 Toggle（按下/弹起）	toggle-slider,button	foundation		press		
toggle-group	切换按钮组 ToggleGroup，工具栏格式按钮	toggle-slider,button	foundation				
tooltip	文字提示 Tooltip	overlay	foundation				
kbd	键盘按键显示 Kbd，快捷键提示	other	foundation		keyboard		
native-select	原生 select 样式化 NativeSelect	select,form-input	foundation				
direction	文字方向 Provider Direction，RTL 支持	other	foundation				
attachment	附件展示 Attachment，文件/图片、上传状态、元数据	ai-ux,upload	foundation				
bubble	聊天气泡 Bubble，variants、对齐、reactions	ai-ux	foundation				
message-scroller	聊天滚动容器 MessageScroller，AI 对话流式回复锚定、历史加载、跳转消息	ai-ux	foundation		scroll		
questionnaire	多步问卷 Questionnaire，单选/多选/自由输入/跳过，AI human-in-the-loop 追问	ai-ux,toggle-slider	foundation				
marker	对话中的状态标记 Marker：工具调用、系统提示、分隔行、标签行（tool call / system marker）	ai-ux	foundation				
message	聊天消息行 Message，头像、对齐、header/footer，AI chat	ai-ux	foundation				
dashboard-01	后台仪表盘整页：侧边栏 + 指标卡 + 交互面积图 + 可拖拽数据表 data table（A dashboard with sidebar, charts and data table.）	template,chart	foundation		drag		
sidebar-01	侧边栏：按分组的简单导航（A simple sidebar with navigation grouped by section.）	navigation	foundation				
sidebar-02	侧边栏：可折叠分组（A sidebar with collapsible sections.）	navigation	foundation				
sidebar-03	侧边栏：带子菜单（A sidebar with submenus.）	navigation	foundation				
sidebar-04	浮动 floating 侧边栏带子菜单（A floating sidebar with submenus.）	navigation	foundation				
sidebar-05	侧边栏：可折叠子菜单（A sidebar with collapsible submenus.）	navigation,layout-card	foundation				
sidebar-06	侧边栏：子菜单以下拉菜单呈现（A sidebar with submenus as dropdowns.）	navigation,select	foundation				
sidebar-07	可折叠为图标栏的侧边栏（最常用后台布局）（A sidebar that collapses to icons.）	navigation,layout-card	foundation				
sidebar-08	inset 内嵌侧边栏 + 次级导航（An inset sidebar with secondary navigation.）	navigation	foundation				
sidebar-09	多级嵌套可折叠侧边栏（邮件客户端式）（Collapsible nested sidebars.）	navigation,layout-card	foundation				
sidebar-10	放在 popover 里的侧边栏（A sidebar in a popover.）	overlay,navigation	foundation				
sidebar-11	带可折叠文件树 file tree 的侧边栏（A sidebar with a collapsible file tree.）	navigation,layout-card	foundation				
sidebar-12	带日历的侧边栏（A sidebar with a calendar.）	navigation,date-time	foundation				
sidebar-13	放在对话框 dialog 里的侧边栏（设置面板）（A sidebar in a dialog.）	navigation,overlay	foundation				
sidebar-14	右侧侧边栏（A sidebar on the right.）	navigation	foundation				
sidebar-15	左右双侧边栏（A left and right sidebar.）	navigation	foundation				
sidebar-16	带吸顶站点 header 的侧边栏（A sidebar with a sticky site header.）	navigation	foundation				
login-01	登录表单：简单卡片（A simple login form.）	auth,form-input	foundation				
login-02	登录页：两栏 + 封面图（A two column login page with a cover image.）	auth,media	foundation				
login-03	登录页：灰色背景居中（A login page with a muted background color.）	auth	foundation				
login-04	登录页：表单 + 配图卡片（A login page with form and image.）	auth,form-input	foundation				
login-05	登录页：仅邮箱登录 magic link（A simple email-only login page.）	auth	foundation				
signup-01	注册表单：简单卡片（A simple signup form.）	auth,form-input	foundation				
signup-02	注册页：两栏 + 封面图（A two column signup page with a cover image.）	auth,media	foundation				
signup-03	注册页：灰色背景（A signup page with a muted background color.）	auth	foundation				
signup-04	注册页：表单 + 配图（A signup page with form and image.）	auth,form-input	foundation				
signup-05	注册表单：带第三方社交登录按钮（A simple signup form with social providers.）	auth,form-input	foundation				
preview	shadcn/create 预设预览用的组件拼盘页面（展示整套风格）	other	foundation				
preview-02	shadcn/create 预设预览用的组件拼盘页面（展示整套风格）	other	foundation				
preview-03	shadcn/create 预设预览用的组件拼盘页面（展示整套风格）	other	foundation				
chart-area-axes	面积图：带坐标轴（Recharts + Card，可复制图表 dashboard 数据可视化）	chart	foundation				
chart-area-default	面积图：默认（Recharts + Card，可复制图表 dashboard 数据可视化）	chart	foundation				
chart-area-gradient	面积图：渐变填充（Recharts + Card，可复制图表 dashboard 数据可视化）	chart	foundation	gradient			
chart-area-icons	面积图：带图标（Recharts + Card，可复制图表 dashboard 数据可视化）	chart	foundation				
chart-area-interactive	面积图：交互（可切换时间范围/指标）（Recharts + Card，可复制图表 dashboard 数据可视化）	chart	foundation				
chart-area-legend	面积图：带图例（Recharts + Card，可复制图表 dashboard 数据可视化）	chart	foundation				
chart-area-linear	面积图：直线插值（Recharts + Card，可复制图表 dashboard 数据可视化）	chart	foundation				
chart-area-stacked-expand	面积图：百分比堆叠（Recharts + Card，可复制图表 dashboard 数据可视化）	chart	foundation				
chart-area-stacked	面积图：堆叠（Recharts + Card，可复制图表 dashboard 数据可视化）	chart	foundation				
chart-area-step	面积图：阶梯（Recharts + Card，可复制图表 dashboard 数据可视化）	chart	foundation				
chart-bar-active	柱状图：高亮选中项（Recharts + Card，可复制图表 dashboard 数据可视化）	chart	foundation				
chart-bar-default	柱状图：默认（Recharts + Card，可复制图表 dashboard 数据可视化）	chart	foundation				
chart-bar-horizontal	柱状图：横向（Recharts + Card，可复制图表 dashboard 数据可视化）	chart	foundation				
chart-bar-interactive	柱状图：交互（可切换时间范围/指标）（Recharts + Card，可复制图表 dashboard 数据可视化）	chart	foundation				
chart-bar-label-custom	柱状图：自定义标签（Recharts + Card，可复制图表 dashboard 数据可视化）	chart	foundation				
chart-bar-label	柱状图：带数值标签（Recharts + Card，可复制图表 dashboard 数据可视化）	chart	foundation				
chart-bar-mixed	柱状图：混合颜色（Recharts + Card，可复制图表 dashboard 数据可视化）	chart	foundation				
chart-bar-multiple	柱状图：多系列（Recharts + Card，可复制图表 dashboard 数据可视化）	chart	foundation				
chart-bar-negative	柱状图：含负值（Recharts + Card，可复制图表 dashboard 数据可视化）	chart	foundation				
chart-bar-stacked	柱状图：堆叠（Recharts + Card，可复制图表 dashboard 数据可视化）	chart	foundation				
chart-line-default	折线图：默认（Recharts + Card，可复制图表 dashboard 数据可视化）	chart	foundation				
chart-line-dots-colors	折线图：彩色数据点（Recharts + Card，可复制图表 dashboard 数据可视化）	chart	foundation				
chart-line-dots-custom	折线图：自定义数据点（Recharts + Card，可复制图表 dashboard 数据可视化）	chart	foundation				
chart-line-dots	折线图：带数据点（Recharts + Card，可复制图表 dashboard 数据可视化）	chart	foundation				
chart-line-interactive	折线图：交互（可切换时间范围/指标）（Recharts + Card，可复制图表 dashboard 数据可视化）	chart	foundation				
chart-line-label-custom	折线图：自定义标签（Recharts + Card，可复制图表 dashboard 数据可视化）	chart	foundation				
chart-line-label	折线图：带数值标签（Recharts + Card，可复制图表 dashboard 数据可视化）	chart	foundation				
chart-line-linear	折线图：直线插值（Recharts + Card，可复制图表 dashboard 数据可视化）	chart	foundation				
chart-line-multiple	折线图：多系列（Recharts + Card，可复制图表 dashboard 数据可视化）	chart	foundation				
chart-line-step	折线图：阶梯（Recharts + Card，可复制图表 dashboard 数据可视化）	chart	foundation				
chart-pie-donut-active	饼图/环形图：环形高亮扇区（Recharts + Card，可复制图表 dashboard 数据可视化）	chart	foundation				
chart-pie-donut-text	饼图/环形图：环形中心文字（Recharts + Card，可复制图表 dashboard 数据可视化）	chart	foundation				
chart-pie-donut	饼图/环形图：环形（Recharts + Card，可复制图表 dashboard 数据可视化）	chart	foundation				
chart-pie-interactive	饼图/环形图：交互（可切换时间范围/指标）（Recharts + Card，可复制图表 dashboard 数据可视化）	chart	foundation				
chart-pie-label-custom	饼图/环形图：自定义标签（Recharts + Card，可复制图表 dashboard 数据可视化）	chart	foundation				
chart-pie-label-list	饼图/环形图：标签列表（Recharts + Card，可复制图表 dashboard 数据可视化）	chart	foundation				
chart-pie-label	饼图/环形图：带数值标签（Recharts + Card，可复制图表 dashboard 数据可视化）	chart	foundation				
chart-pie-legend	饼图/环形图：带图例（Recharts + Card，可复制图表 dashboard 数据可视化）	chart	foundation				
chart-pie-separator-none	饼图/环形图：无分隔线（Recharts + Card，可复制图表 dashboard 数据可视化）	chart	foundation				
chart-pie-simple	饼图/环形图：简单（Recharts + Card，可复制图表 dashboard 数据可视化）	chart	foundation				
chart-pie-stacked	饼图/环形图：堆叠（Recharts + Card，可复制图表 dashboard 数据可视化）	chart	foundation				
chart-radar-default	雷达图：默认（Recharts + Card，可复制图表 dashboard 数据可视化）	chart	foundation				
chart-radar-dots	雷达图：带数据点（Recharts + Card，可复制图表 dashboard 数据可视化）	chart	foundation				
chart-radar-grid-circle-fill	雷达图：圆形网格填充（Recharts + Card，可复制图表 dashboard 数据可视化）	chart	foundation				
chart-radar-grid-circle-no-lines	雷达图：圆形网格无径线（Recharts + Card，可复制图表 dashboard 数据可视化）	chart	foundation				
chart-radar-grid-circle	雷达图：圆形网格（Recharts + Card，可复制图表 dashboard 数据可视化）	chart	foundation				
chart-radar-grid-custom	雷达图：自定义网格（Recharts + Card，可复制图表 dashboard 数据可视化）	chart	foundation				
chart-radar-grid-fill	雷达图：网格填充（Recharts + Card，可复制图表 dashboard 数据可视化）	chart	foundation				
chart-radar-grid-none	雷达图：无网格（Recharts + Card，可复制图表 dashboard 数据可视化）	chart	foundation				
chart-radar-icons	雷达图：带图标（Recharts + Card，可复制图表 dashboard 数据可视化）	chart	foundation				
chart-radar-label-custom	雷达图：自定义标签（Recharts + Card，可复制图表 dashboard 数据可视化）	chart	foundation				
chart-radar-legend	雷达图：带图例（Recharts + Card，可复制图表 dashboard 数据可视化）	chart	foundation				
chart-radar-lines-only	雷达图：仅线条（Recharts + Card，可复制图表 dashboard 数据可视化）	chart	foundation				
chart-radar-multiple	雷达图：多系列（Recharts + Card，可复制图表 dashboard 数据可视化）	chart	foundation				
chart-radar-radius	雷达图：带半径轴（Recharts + Card，可复制图表 dashboard 数据可视化）	chart	foundation				
chart-radial-grid	径向/环形进度图：网格（Recharts + Card，可复制图表 dashboard 数据可视化）	chart	foundation				
chart-radial-label	径向/环形进度图：带数值标签（Recharts + Card，可复制图表 dashboard 数据可视化）	chart	foundation				
chart-radial-shape	径向/环形进度图：形状（Recharts + Card，可复制图表 dashboard 数据可视化）	chart	foundation				
chart-radial-simple	径向/环形进度图：简单（Recharts + Card，可复制图表 dashboard 数据可视化）	chart	foundation				
chart-radial-stacked	径向/环形进度图：堆叠（Recharts + Card，可复制图表 dashboard 数据可视化）	chart	foundation				
chart-radial-text	径向/环形进度图：中心文字（Recharts + Card，可复制图表 dashboard 数据可视化）	chart	foundation				
chart-tooltip-default	图表 tooltip 样式：默认（Recharts + Card，可复制图表 dashboard 数据可视化）	chart	foundation				
chart-tooltip-indicator-line	图表 tooltip 样式：线形指示器（Recharts + Card，可复制图表 dashboard 数据可视化）	chart	foundation				
chart-tooltip-indicator-none	图表 tooltip 样式：无指示器（Recharts + Card，可复制图表 dashboard 数据可视化）	chart	foundation				
chart-tooltip-label-none	图表 tooltip 样式：无标签（Recharts + Card，可复制图表 dashboard 数据可视化）	chart	foundation				
chart-tooltip-label-custom	图表 tooltip 样式：自定义标签（Recharts + Card，可复制图表 dashboard 数据可视化）	chart	foundation				
chart-tooltip-label-formatter	图表 tooltip 样式：标签格式化（Recharts + Card，可复制图表 dashboard 数据可视化）	chart	foundation				
chart-tooltip-formatter	图表 tooltip 样式：数值格式化（Recharts + Card，可复制图表 dashboard 数据可视化）	chart	foundation				
chart-tooltip-icons	图表 tooltip 样式：带图标（Recharts + Card，可复制图表 dashboard 数据可视化）	chart	foundation				
chart-tooltip-advanced	图表 tooltip 样式：高级自定义（Recharts + Card，可复制图表 dashboard 数据可视化）	chart	foundation				
theme-neutral	主题 CSS 变量 neutral（亮/暗两套 cssVars，配色 theming）	design-system	foundation				
theme-stone	主题 CSS 变量 stone（亮/暗两套 cssVars，配色 theming）	design-system	foundation				
theme-zinc	主题 CSS 变量 zinc（亮/暗两套 cssVars，配色 theming）	design-system	foundation				
theme-gray	主题 CSS 变量 gray（亮/暗两套 cssVars，配色 theming）	design-system	foundation				
theme-slate	主题 CSS 变量 slate（亮/暗两套 cssVars，配色 theming）	design-system	foundation				
base-color-neutral	基础色 neutral：inlineColors + cssVars（light/dark）主题 token，init/migrate base-color 使用	design-system	foundation	dark			
base-color-stone	基础色 stone：inlineColors + cssVars（light/dark）主题 token，init/migrate base-color 使用	design-system	foundation	dark			
base-color-zinc	基础色 zinc：inlineColors + cssVars（light/dark）主题 token，init/migrate base-color 使用	design-system	foundation	dark			
base-color-mauve	基础色 mauve：inlineColors + cssVars（light/dark）主题 token，init/migrate base-color 使用	design-system	foundation	dark			
base-color-olive	基础色 olive：inlineColors + cssVars（light/dark）主题 token，init/migrate base-color 使用	design-system	foundation	dark			
base-color-mist	基础色 mist：inlineColors + cssVars（light/dark）主题 token，init/migrate base-color 使用	design-system	foundation	dark			
base-color-taupe	基础色 taupe：inlineColors + cssVars（light/dark）主题 token，init/migrate base-color 使用	design-system	foundation	dark			
base-color-gray	基础色 gray：inlineColors + cssVars（light/dark）主题 token，init/migrate base-color 使用	design-system	foundation	dark			
base-color-slate	基础色 slate：inlineColors + cssVars（light/dark）主题 token，init/migrate base-color 使用	design-system	foundation	dark			
tailwind-colors	Tailwind 全色板（hex/rgb/hsl/oklch），/colors 页面数据，配色取色	design-system	foundation				
themes-css	预置主题 CSS 合集（themes 页面用的变量集合）	design-system	foundation				旧版 HSL 三元组格式（Tailwind v3 时代），新项目只作参考，不要直接导入
presets	24 个 base×style 预设（vega/nova/maia/lyra/mira/luma/rhea/sera × base/radix/aria），字体/图标库/圆角/菜单色组合	design-system	foundation				
font-geist	正文字体 geist（registry:font，配置 next/font 或 @fontsource 与 CSS 变量）	design-system	foundation				
font-inter	正文字体 inter（registry:font，配置 next/font 或 @fontsource 与 CSS 变量）	design-system	foundation				
font-noto-sans	正文字体 noto-sans（registry:font，配置 next/font 或 @fontsource 与 CSS 变量）	design-system	foundation				
font-nunito-sans	正文字体 nunito-sans（registry:font，配置 next/font 或 @fontsource 与 CSS 变量）	design-system	foundation				
font-figtree	正文字体 figtree（registry:font，配置 next/font 或 @fontsource 与 CSS 变量）	design-system	foundation				
font-roboto	正文字体 roboto（registry:font，配置 next/font 或 @fontsource 与 CSS 变量）	design-system	foundation				
font-raleway	正文字体 raleway（registry:font，配置 next/font 或 @fontsource 与 CSS 变量）	design-system	foundation				
font-dm-sans	正文字体 dm-sans（registry:font，配置 next/font 或 @fontsource 与 CSS 变量）	design-system	foundation				
font-public-sans	正文字体 public-sans（registry:font，配置 next/font 或 @fontsource 与 CSS 变量）	design-system	foundation				
font-outfit	正文字体 outfit（registry:font，配置 next/font 或 @fontsource 与 CSS 变量）	design-system	foundation				
font-oxanium	正文字体 oxanium（registry:font，配置 next/font 或 @fontsource 与 CSS 变量）	design-system	foundation				
font-manrope	正文字体 manrope（registry:font，配置 next/font 或 @fontsource 与 CSS 变量）	design-system	foundation				
font-space-grotesk	正文字体 space-grotesk（registry:font，配置 next/font 或 @fontsource 与 CSS 变量）	design-system	foundation				
font-montserrat	正文字体 montserrat（registry:font，配置 next/font 或 @fontsource 与 CSS 变量）	design-system	foundation				
font-ibm-plex-sans	正文字体 ibm-plex-sans（registry:font，配置 next/font 或 @fontsource 与 CSS 变量）	design-system	foundation				
font-source-sans-3	正文字体 source-sans-3（registry:font，配置 next/font 或 @fontsource 与 CSS 变量）	design-system	foundation				
font-instrument-sans	正文字体 instrument-sans（registry:font，配置 next/font 或 @fontsource 与 CSS 变量）	design-system	foundation				
font-jetbrains-mono	正文字体 jetbrains-mono（registry:font，配置 next/font 或 @fontsource 与 CSS 变量）	design-system	foundation				
font-geist-mono	正文字体 geist-mono（registry:font，配置 next/font 或 @fontsource 与 CSS 变量）	design-system	foundation				
font-noto-serif	正文字体 noto-serif（registry:font，配置 next/font 或 @fontsource 与 CSS 变量）	design-system	foundation				
font-roboto-slab	正文字体 roboto-slab（registry:font，配置 next/font 或 @fontsource 与 CSS 变量）	design-system	foundation				
font-merriweather	正文字体 merriweather（registry:font，配置 next/font 或 @fontsource 与 CSS 变量）	design-system	foundation				
font-lora	正文字体 lora（registry:font，配置 next/font 或 @fontsource 与 CSS 变量）	design-system	foundation				
font-playfair-display	正文字体 playfair-display（registry:font，配置 next/font 或 @fontsource 与 CSS 变量）	design-system	foundation				
font-eb-garamond	正文字体 eb-garamond（registry:font，配置 next/font 或 @fontsource 与 CSS 变量）	design-system	foundation				
font-instrument-serif	正文字体 instrument-serif（registry:font，配置 next/font 或 @fontsource 与 CSS 变量）	design-system	foundation				
font-heading-geist	标题字体 geist（registry:font，配置 next/font 或 @fontsource 与 CSS 变量）	design-system	foundation				
font-heading-inter	标题字体 inter（registry:font，配置 next/font 或 @fontsource 与 CSS 变量）	design-system	foundation				
font-heading-noto-sans	标题字体 noto-sans（registry:font，配置 next/font 或 @fontsource 与 CSS 变量）	design-system	foundation				
font-heading-nunito-sans	标题字体 nunito-sans（registry:font，配置 next/font 或 @fontsource 与 CSS 变量）	design-system	foundation				
font-heading-figtree	标题字体 figtree（registry:font，配置 next/font 或 @fontsource 与 CSS 变量）	design-system	foundation				
font-heading-roboto	标题字体 roboto（registry:font，配置 next/font 或 @fontsource 与 CSS 变量）	design-system	foundation				
font-heading-raleway	标题字体 raleway（registry:font，配置 next/font 或 @fontsource 与 CSS 变量）	design-system	foundation				
font-heading-dm-sans	标题字体 dm-sans（registry:font，配置 next/font 或 @fontsource 与 CSS 变量）	design-system	foundation				
font-heading-public-sans	标题字体 public-sans（registry:font，配置 next/font 或 @fontsource 与 CSS 变量）	design-system	foundation				
font-heading-outfit	标题字体 outfit（registry:font，配置 next/font 或 @fontsource 与 CSS 变量）	design-system	foundation				
font-heading-oxanium	标题字体 oxanium（registry:font，配置 next/font 或 @fontsource 与 CSS 变量）	design-system	foundation				
font-heading-manrope	标题字体 manrope（registry:font，配置 next/font 或 @fontsource 与 CSS 变量）	design-system	foundation				
font-heading-space-grotesk	标题字体 space-grotesk（registry:font，配置 next/font 或 @fontsource 与 CSS 变量）	design-system	foundation				
font-heading-montserrat	标题字体 montserrat（registry:font，配置 next/font 或 @fontsource 与 CSS 变量）	design-system	foundation				
font-heading-ibm-plex-sans	标题字体 ibm-plex-sans（registry:font，配置 next/font 或 @fontsource 与 CSS 变量）	design-system	foundation				
font-heading-source-sans-3	标题字体 source-sans-3（registry:font，配置 next/font 或 @fontsource 与 CSS 变量）	design-system	foundation				
font-heading-instrument-sans	标题字体 instrument-sans（registry:font，配置 next/font 或 @fontsource 与 CSS 变量）	design-system	foundation				
font-heading-jetbrains-mono	标题字体 jetbrains-mono（registry:font，配置 next/font 或 @fontsource 与 CSS 变量）	design-system	foundation				
font-heading-geist-mono	标题字体 geist-mono（registry:font，配置 next/font 或 @fontsource 与 CSS 变量）	design-system	foundation				
font-heading-noto-serif	标题字体 noto-serif（registry:font，配置 next/font 或 @fontsource 与 CSS 变量）	design-system	foundation				
font-heading-roboto-slab	标题字体 roboto-slab（registry:font，配置 next/font 或 @fontsource 与 CSS 变量）	design-system	foundation				
font-heading-merriweather	标题字体 merriweather（registry:font，配置 next/font 或 @fontsource 与 CSS 变量）	design-system	foundation				
font-heading-lora	标题字体 lora（registry:font，配置 next/font 或 @fontsource 与 CSS 变量）	design-system	foundation				
font-heading-playfair-display	标题字体 playfair-display（registry:font，配置 next/font 或 @fontsource 与 CSS 变量）	design-system	foundation				
font-heading-eb-garamond	标题字体 eb-garamond（registry:font，配置 next/font 或 @fontsource 与 CSS 变量）	design-system	foundation				
font-heading-instrument-serif	标题字体 instrument-serif（registry:font，配置 next/font 或 @fontsource 与 CSS 变量）	design-system	foundation				
utils	cn 工具函数（现为 re-export cn 包，className 合并 tailwind-merge）	other	foundation				
use-mobile	移动端断点检测 hook useIsMobile（sidebar 依赖）	other	foundation				
typeset	Markdown/HTML 排版 CSS（prose 替代），博客/文档/流式聊天，三参数 size/leading/flow	ai-ux	foundation				
shimmer	文字闪光 shimmer 动效工具类（loading 文本效果），随 shadcn 包的 tailwind.css 提供	loading,text-effect	foundation				
scroll-fade	滚动容器边缘渐隐 scroll fade 工具类	motion-transition	foundation		scroll		
react-questionnaire	无样式 headless 问卷逻辑 Questionnaire（自带标记）	other	foundation				
react-message-scroller	无样式 headless 聊天滚动行为 MessageScroller	ai-ux,motion-transition	foundation		scroll		
helpers-ai-sdk	AI SDK useChat 的假会话 transport：无模型/无 API key 演示流式聊天、tool call、reasoning	ai-ux	foundation				
helpers-tanstack-ai	TanStack AI useChat 的假会话 connection（AG-UI 事件流）	ai-ux	foundation				
data-table	数据表格指南：TanStack Table + Table，排序/筛选/分页/列显隐/行选择	table,navigation	foundation				
date-picker	日期选择器组合：Popover + Calendar，单日/范围/预设	overlay,date-time	foundation				
typography	排版样式示例 h1-h4/p/blockquote/list/inline code	other	foundation				
icons-map	跨图标库映射表（lucide/tabler/hugeicons/phosphor 等），migrate icons 用	icon	foundation				
templates	init 用的项目模板 tar.gz（next/vite/start/react-router/astro，单仓/monorepo）	template	foundation				
accordion-demo	手风琴示例代码：基础用法（accordion-demo）	layout-card	foundation				
alert-demo	提示条示例代码：基础用法（alert-demo）	feedback	foundation				
alert-destructive	提示条示例代码：危险/错误样式（alert-destructive）	feedback	foundation				
alert-dialog-demo	确认对话框示例代码：基础用法（alert-dialog-demo）	overlay,feedback	foundation				
aspect-ratio-demo	宽高比容器示例代码：基础用法（aspect-ratio-demo）	other	foundation				
avatar-demo	头像示例代码：基础用法（avatar-demo）	avatar-user	foundation				
badge-demo	徽标示例代码：基础用法（badge-demo）	feedback	foundation				
badge-destructive	徽标示例代码：危险/错误样式（badge-destructive）	feedback	foundation				
badge-outline	徽标示例代码：描边样式（badge-outline）	feedback	foundation				
badge-secondary	徽标示例代码：次要样式（badge-secondary）	feedback	foundation				
breadcrumb-demo	面包屑示例代码：基础用法（breadcrumb-demo）	navigation	foundation				
breadcrumb-separator	面包屑示例代码：分隔符（breadcrumb-separator）	navigation,layout-card	foundation				
breadcrumb-dropdown	面包屑示例代码：下拉菜单（breadcrumb-dropdown）	navigation,select	foundation				
breadcrumb-ellipsis	面包屑示例代码：省略号（breadcrumb-ellipsis）	navigation	foundation				
breadcrumb-link	面包屑示例代码：链接组件（breadcrumb-link）	navigation	foundation				
breadcrumb-responsive	面包屑示例代码：响应式（breadcrumb-responsive）	navigation	foundation				
button-demo	按钮示例代码：基础用法（button-demo）	button	foundation				
button-default	按钮示例代码：默认样式（button-default）	button	foundation				
button-secondary	按钮示例代码：次要样式（button-secondary）	button	foundation				
button-destructive	按钮示例代码：危险/错误样式（button-destructive）	button	foundation				
button-outline	按钮示例代码：描边样式（button-outline）	button	foundation				
button-ghost	按钮示例代码：幽灵样式（button-ghost）	button	foundation				
button-link	按钮示例代码：链接样式（button-link）	button	foundation				
button-with-icon	按钮示例代码：带图标（button-with-icon）	button	foundation				
button-loading	按钮示例代码：加载状态（button-loading）	loading,button	foundation				
button-icon	按钮示例代码：图标按钮（button-icon）	button	foundation				
button-as-child	按钮示例代码：as-child 用法（button-as-child）	button	foundation				
button-rounded	按钮示例代码：圆角样式（button-rounded）	button	foundation				
button-size	按钮示例代码：不同尺寸（button-size）	button	foundation				
button-group-demo	按钮组示例代码：基础用法（button-group-demo）	button	foundation				
button-group-nested	按钮组示例代码：嵌套（button-group-nested）	button	foundation				
button-group-size	按钮组示例代码：不同尺寸（button-group-size）	button	foundation				
button-group-separator	按钮组示例代码：分隔线（button-group-separator）	button,layout-card	foundation				
button-group-split	按钮组示例代码：主按钮加下拉拆分（button-group-split）	button	foundation				
button-group-input	按钮组示例代码：和输入框拼接（button-group-input）	form-input,button	foundation				
button-group-dropdown	按钮组示例代码：搭配下拉菜单（button-group-dropdown）	select,button	foundation				
button-group-select	按钮组示例代码：搭配下拉选择（button-group-select）	select,button	foundation				
button-group-popover	按钮组示例代码：搭配气泡弹层（button-group-popover）	overlay,button	foundation				
button-group-input-group	按钮组示例代码：和输入框组拼接（button-group-input-group）	form-input,button	foundation				
button-group-orientation	按钮组示例代码：排列方向（button-group-orientation）	button	foundation				
calendar-demo	日历示例代码：基础用法（calendar-demo）	date-time	foundation				
card-demo	卡片示例代码：基础用法（card-demo）	layout-card	foundation				
card-with-form	卡片示例代码：带表单（card-with-form）	form-input,layout-card	foundation				
carousel-demo	轮播示例代码：基础用法（carousel-demo）	media	foundation				
carousel-size	轮播示例代码：不同尺寸（carousel-size）	media	foundation				
carousel-spacing	轮播示例代码：间距（carousel-spacing）	media	foundation				
carousel-orientation	轮播示例代码：排列方向（carousel-orientation）	media	foundation				
carousel-api	轮播示例代码：API 用法（carousel-api）	media	foundation				
carousel-plugin	轮播示例代码：插件用法（carousel-plugin）	media	foundation				
checkbox-demo	复选框示例代码：基础用法（checkbox-demo）	toggle-slider	foundation				
checkbox-disabled	复选框示例代码：禁用状态（checkbox-disabled）	toggle-slider	foundation				
checkbox-with-text	复选框示例代码：带文字（checkbox-with-text）	toggle-slider	foundation				
collapsible-demo	可折叠容器示例代码：基础用法（collapsible-demo）	layout-card	foundation				
combobox-demo	可搜索下拉示例代码：基础用法（combobox-demo）	select	foundation				
combobox-dropdown-menu	可搜索下拉示例代码：搭配下拉菜单（combobox-dropdown-menu）	navigation,select	foundation				
combobox-popover	可搜索下拉示例代码：搭配气泡弹层（combobox-popover）	overlay,select	foundation				
combobox-responsive	可搜索下拉示例代码：响应式（combobox-responsive）	select	foundation				
command-demo	命令面板示例代码：基础用法（command-demo）	search-command	foundation				
command-dialog	命令面板示例代码：搭配对话框（command-dialog）	overlay,search-command	foundation				
context-menu-demo	右键菜单示例代码：基础用法（context-menu-demo）	overlay,navigation	foundation				
data-table-demo	数据表格示例代码：基础用法（data-table-demo）	table	foundation				
date-picker-demo	日期选择器示例代码：基础用法（date-picker-demo）	date-time,select	foundation				
date-picker-with-presets	日期选择器示例代码：带快捷预设（date-picker-with-presets）	date-time,select	foundation				
date-picker-with-range	日期选择器示例代码：带范围选择（date-picker-with-range）	date-time,select	foundation				
dialog-demo	模态对话框示例代码：基础用法（dialog-demo）	overlay	foundation				
dialog-close-button	模态对话框示例代码：关闭按钮（dialog-close-button）	overlay,button	foundation				
drawer-demo	抽屉示例代码：基础用法（drawer-demo）	overlay	foundation				
empty-demo	空状态示例代码：基础用法（empty-demo）	empty-onboarding	foundation				
empty-icon	空状态示例代码：带图标（empty-icon）	empty-onboarding	foundation				
empty-avatar	空状态示例代码：搭配头像（empty-avatar）	avatar-user,empty-onboarding	foundation				
empty-avatar-group	空状态示例代码：搭配头像组（empty-avatar-group）	avatar-user,empty-onboarding	foundation				
empty-input-group	空状态示例代码：搭配输入框组（empty-input-group）	form-input,empty-onboarding	foundation				
empty-outline	空状态示例代码：描边样式（empty-outline）	empty-onboarding	foundation				
empty-background	空状态示例代码：带背景（empty-background）	background,empty-onboarding	foundation				
field-demo	表单字段示例代码：基础用法（field-demo）	form-input	foundation				
field-input	表单字段示例代码：输入框字段（field-input）	form-input	foundation				
field-textarea	表单字段示例代码：多行文本字段（field-textarea）	form-input	foundation				
field-fieldset	表单字段示例代码：字段集（field-fieldset）	form-input	foundation				
field-radio	表单字段示例代码：单选字段（field-radio）	toggle-slider,form-input	foundation				
field-checkbox	表单字段示例代码：复选字段（field-checkbox）	toggle-slider,form-input	foundation				
field-switch	表单字段示例代码：开关字段（field-switch）	toggle-slider,form-input	foundation				
field-slider	表单字段示例代码：滑块字段（field-slider）	toggle-slider,form-input	foundation				
field-select	表单字段示例代码：下拉选择字段（field-select）	select,form-input	foundation				
field-choice-card	表单字段示例代码：选项卡片（field-choice-card）	form-input,layout-card	foundation				
field-group	表单字段示例代码：字段分组（field-group）	form-input	foundation				
field-responsive	表单字段示例代码：响应式（field-responsive）	form-input	foundation				
form-next-demo	旧版表单示例代码：next 基础用法（form-next-demo）	form-input	foundation				
form-next-complex	旧版表单示例代码：next 复杂表单（form-next-complex）	form-input	foundation				
form-rhf-demo	旧版表单示例代码：react-hook-form 基础用法（form-rhf-demo）	form-input	foundation				
form-rhf-input	旧版表单示例代码：react-hook-form 输入框（form-rhf-input）	form-input	foundation				
form-rhf-select	旧版表单示例代码：react-hook-form 下拉选择（form-rhf-select）	select,form-input	foundation				
form-rhf-checkbox	旧版表单示例代码：react-hook-form 复选框（form-rhf-checkbox）	toggle-slider,form-input	foundation				
form-rhf-switch	旧版表单示例代码：react-hook-form 开关（form-rhf-switch）	toggle-slider,form-input	foundation				
form-rhf-textarea	旧版表单示例代码：react-hook-form 多行文本（form-rhf-textarea）	form-input	foundation				
form-rhf-radiogroup	旧版表单示例代码：react-hook-form 单选组（form-rhf-radiogroup）	toggle-slider,form-input	foundation				
form-rhf-array	旧版表单示例代码：react-hook-form 数组字段（form-rhf-array）	form-input	foundation				
form-rhf-complex	旧版表单示例代码：react-hook-form 复杂表单（form-rhf-complex）	form-input	foundation				
form-rhf-password	旧版表单示例代码：react-hook-form 密码输入（form-rhf-password）	form-input	foundation				
form-tanstack-demo	旧版表单示例代码：tanstack 基础用法（form-tanstack-demo）	form-input	foundation				
form-tanstack-input	旧版表单示例代码：tanstack 输入框（form-tanstack-input）	form-input	foundation				
form-tanstack-textarea	旧版表单示例代码：tanstack 多行文本（form-tanstack-textarea）	form-input	foundation				
form-tanstack-select	旧版表单示例代码：tanstack 下拉选择（form-tanstack-select）	select,form-input	foundation				
form-tanstack-checkbox	旧版表单示例代码：tanstack 复选框（form-tanstack-checkbox）	toggle-slider,form-input	foundation				
form-tanstack-switch	旧版表单示例代码：tanstack 开关（form-tanstack-switch）	toggle-slider,form-input	foundation				
form-tanstack-radiogroup	旧版表单示例代码：tanstack 单选组（form-tanstack-radiogroup）	toggle-slider,form-input	foundation				
form-tanstack-array	旧版表单示例代码：tanstack 数组字段（form-tanstack-array）	form-input	foundation				
form-tanstack-complex	旧版表单示例代码：tanstack 复杂表单（form-tanstack-complex）	form-input	foundation				
form-formisch-demo	旧版表单示例代码：formisch 基础用法（form-formisch-demo）	form-input	foundation				
form-formisch-input	旧版表单示例代码：formisch 输入框（form-formisch-input）	form-input	foundation				
form-formisch-textarea	旧版表单示例代码：formisch 多行文本（form-formisch-textarea）	form-input	foundation				
form-formisch-select	旧版表单示例代码：formisch 下拉选择（form-formisch-select）	select,form-input	foundation				
form-formisch-checkbox	旧版表单示例代码：formisch 复选框（form-formisch-checkbox）	toggle-slider,form-input	foundation				
form-formisch-radiogroup	旧版表单示例代码：formisch 单选组（form-formisch-radiogroup）	toggle-slider,form-input	foundation				
form-formisch-switch	旧版表单示例代码：formisch 开关（form-formisch-switch）	toggle-slider,form-input	foundation				
form-formisch-array	旧版表单示例代码：formisch 数组字段（form-formisch-array）	form-input	foundation				
form-formisch-complex	旧版表单示例代码：formisch 复杂表单（form-formisch-complex）	form-input	foundation				
drawer-dialog	抽屉示例代码：搭配对话框（drawer-dialog）	overlay	foundation				
dropdown-menu-demo	下拉菜单示例代码：基础用法（dropdown-menu-demo）	navigation,select	foundation				
dropdown-menu-checkboxes	下拉菜单示例代码：勾选项（dropdown-menu-checkboxes）	navigation,select	foundation				
dropdown-menu-radio-group	下拉菜单示例代码：单选组（dropdown-menu-radio-group）	navigation,select	foundation				
dropdown-menu-dialog	下拉菜单示例代码：搭配对话框（dropdown-menu-dialog）	overlay,navigation	foundation				
hover-card-demo	悬停卡片示例代码：基础用法（hover-card-demo）	overlay,layout-card	foundation		hover		
input-demo	输入框示例代码：基础用法（input-demo）	form-input	foundation				
input-disabled	输入框示例代码：禁用状态（input-disabled）	form-input	foundation				
input-file	输入框示例代码：文件选择（input-file）	upload,form-input	foundation				
input-with-button	输入框示例代码：带按钮（input-with-button）	form-input,button	foundation				
input-with-label	输入框示例代码：带标签（input-with-label）	form-input	foundation				
input-with-text	输入框示例代码：带文字（input-with-text）	form-input	foundation				
input-group-demo	输入框组示例代码：基础用法（input-group-demo）	form-input	foundation				
input-group-label	输入框组示例代码：带标签（input-group-label）	form-input	foundation				
input-group-text	输入框组示例代码：带文本（input-group-text）	form-input	foundation				
input-group-tooltip	输入框组示例代码：带文字提示（input-group-tooltip）	overlay,form-input	foundation				
input-group-button	输入框组示例代码：带按钮（input-group-button）	form-input,button	foundation				
input-group-button-group	输入框组示例代码：带按钮组（input-group-button-group）	form-input,button	foundation				
input-group-dropdown	输入框组示例代码：带下拉菜单（input-group-dropdown）	select,form-input	foundation				
input-group-spinner	输入框组示例代码：带加载转圈（input-group-spinner）	loading,form-input	foundation				
input-group-textarea	输入框组示例代码：带多行文本（input-group-textarea）	form-input	foundation				
input-group-icon	输入框组示例代码：带图标（input-group-icon）	form-input	foundation				
input-group-custom	输入框组示例代码：自定义（input-group-custom）	form-input	foundation				
input-otp-demo	验证码输入示例代码：基础用法（input-otp-demo）	form-input	foundation				
input-otp-pattern	验证码输入示例代码：格式规则（input-otp-pattern）	form-input	foundation				
input-otp-separator	验证码输入示例代码：分隔符（input-otp-separator）	form-input,layout-card	foundation				
input-otp-controlled	验证码输入示例代码：受控（input-otp-controlled）	form-input	foundation				
item-demo	列表项示例代码：基础用法（item-demo）	other	foundation				
item-size	列表项示例代码：不同尺寸（item-size）	other	foundation				
item-variant	列表项示例代码：变体样式（item-variant）	other	foundation				
item-icon	列表项示例代码：图标（item-icon）	other	foundation				
item-image	列表项示例代码：图片（item-image）	media	foundation				
item-avatar	列表项示例代码：头像（item-avatar）	avatar-user	foundation				
item-group	列表项示例代码：分组（item-group）	other	foundation				
item-header	列表项示例代码：头部（item-header）	navigation	foundation				
item-dropdown	列表项示例代码：下拉菜单（item-dropdown）	select	foundation				
item-link	列表项示例代码：链接（item-link）	other	foundation				
kbd-demo	键盘按键示例代码：基础用法（kbd-demo）	other	foundation				
kbd-tooltip	键盘按键示例代码：搭配文字提示（kbd-tooltip）	overlay	foundation				
kbd-input-group	键盘按键示例代码：搭配输入框组（kbd-input-group）	form-input	foundation				
kbd-button	键盘按键示例代码：搭配按钮（kbd-button）	button	foundation				
kbd-group	键盘按键示例代码：分组（kbd-group）	other	foundation				
label-demo	表单标签示例代码：基础用法（label-demo）	other	foundation				
menubar-demo	菜单栏示例代码：基础用法（menubar-demo）	navigation	foundation				
navigation-menu-demo	导航菜单示例代码：基础用法（navigation-menu-demo）	navigation	foundation				
native-select-demo	原生下拉选择示例代码：基础用法（native-select-demo）	select	foundation				
native-select-groups	原生下拉选择示例代码：分组（native-select-groups）	select	foundation				
native-select-disabled	原生下拉选择示例代码：禁用状态（native-select-disabled）	select	foundation				
native-select-invalid	原生下拉选择示例代码：错误状态（native-select-invalid）	select	foundation				
pagination-demo	分页示例代码：基础用法（pagination-demo）	navigation	foundation				
popover-demo	气泡弹层示例代码：基础用法（popover-demo）	overlay	foundation				
progress-demo	进度条示例代码：基础用法（progress-demo）	loading	foundation				
radio-group-demo	单选组示例代码：基础用法（radio-group-demo）	toggle-slider	foundation				
resizable-demo	可拖拽面板示例代码：基础用法（resizable-demo）	layout-card	foundation				
resizable-demo-with-handle	可拖拽面板示例代码：带拖拽手柄（resizable-demo-with-handle）	layout-card	foundation				
resizable-vertical	可拖拽面板示例代码：垂直方向（resizable-vertical）	layout-card	foundation				
resizable-handle	可拖拽面板示例代码：拖拽手柄（resizable-handle）	layout-card	foundation				
scroll-area-demo	滚动条区域示例代码：基础用法（scroll-area-demo）	layout-card,motion-transition	foundation		scroll		
scroll-area-horizontal-demo	滚动条区域示例代码：水平方向基础用法（scroll-area-horizontal-demo）	layout-card,motion-transition	foundation		scroll		
select-demo	下拉选择示例代码：基础用法（select-demo）	select	foundation				
select-scrollable	下拉选择示例代码：可滚动列表（select-scrollable）	select	foundation		scroll		
separator-demo	分隔线示例代码：基础用法（separator-demo）	layout-card	foundation				
sheet-demo	侧滑面板示例代码：基础用法（sheet-demo）	overlay	foundation				
sheet-side	侧滑面板示例代码：滑出方向（sheet-side）	overlay	foundation				
skeleton-demo	骨架屏示例代码：基础用法（skeleton-demo）	loading	foundation				
skeleton-card	骨架屏示例代码：卡片骨架（skeleton-card）	loading,layout-card	foundation				
slider-demo	滑块示例代码：基础用法（slider-demo）	toggle-slider	foundation				
sonner-demo	Toast 通知示例代码：基础用法（sonner-demo）	feedback	foundation				
sonner-types	Toast 通知示例代码：通知类型（sonner-types）	feedback	foundation				
spinner-demo	加载转圈示例代码：基础用法（spinner-demo）	loading	foundation				
spinner-basic	加载转圈示例代码：基础样式（spinner-basic）	loading	foundation				
spinner-button	加载转圈示例代码：按钮内加载（spinner-button）	loading,button	foundation				
spinner-badge	加载转圈示例代码：徽标内加载（spinner-badge）	loading,feedback	foundation				
spinner-input-group	加载转圈示例代码：输入框组内加载（spinner-input-group）	loading,form-input	foundation				
spinner-empty	加载转圈示例代码：空状态内加载（spinner-empty）	loading,empty-onboarding	foundation				
spinner-color	加载转圈示例代码：颜色（spinner-color）	loading	foundation				
spinner-custom	加载转圈示例代码：自定义（spinner-custom）	loading	foundation				
spinner-size	加载转圈示例代码：不同尺寸（spinner-size）	loading	foundation				
spinner-item	加载转圈示例代码：列表项内加载（spinner-item）	loading	foundation				
switch-demo	开关示例代码：基础用法（switch-demo）	toggle-slider	foundation				
table-demo	表格示例代码：基础用法（table-demo）	table	foundation				
tabs-demo	标签页示例代码：基础用法（tabs-demo）	navigation	foundation				
textarea-demo	多行文本输入示例代码：基础用法（textarea-demo）	text-effect,form-input	foundation				
textarea-disabled	多行文本输入示例代码：禁用状态（textarea-disabled）	text-effect,form-input	foundation				
textarea-with-button	多行文本输入示例代码：带按钮（textarea-with-button）	text-effect,form-input	foundation				
textarea-with-label	多行文本输入示例代码：带标签（textarea-with-label）	text-effect,form-input	foundation				
textarea-with-text	多行文本输入示例代码：带文字（textarea-with-text）	text-effect,form-input	foundation				
toggle-group-demo	切换按钮组示例代码：基础用法（toggle-group-demo）	toggle-slider	foundation				
toggle-group-disabled	切换按钮组示例代码：禁用状态（toggle-group-disabled）	toggle-slider	foundation				
toggle-group-lg	切换按钮组示例代码：大尺寸（toggle-group-lg）	toggle-slider	foundation				
toggle-group-outline	切换按钮组示例代码：描边样式（toggle-group-outline）	toggle-slider	foundation				
toggle-group-sm	切换按钮组示例代码：小尺寸（toggle-group-sm）	toggle-slider	foundation				
toggle-group-single	切换按钮组示例代码：单选（toggle-group-single）	toggle-slider	foundation				
toggle-group-spacing	切换按钮组示例代码：间距（toggle-group-spacing）	toggle-slider	foundation				
toggle-demo	切换按钮示例代码：基础用法（toggle-demo）	toggle-slider	foundation				
toggle-disabled	切换按钮示例代码：禁用状态（toggle-disabled）	toggle-slider	foundation				
toggle-lg	切换按钮示例代码：大尺寸（toggle-lg）	toggle-slider	foundation				
toggle-outline	切换按钮示例代码：描边样式（toggle-outline）	toggle-slider	foundation				
toggle-sm	切换按钮示例代码：小尺寸（toggle-sm）	toggle-slider	foundation				
toggle-with-text	切换按钮示例代码：带文字（toggle-with-text）	toggle-slider	foundation				
tooltip-demo	文字提示示例代码：基础用法（tooltip-demo）	overlay	foundation				
typography-blockquote	排版样式示例代码：引用块（typography-blockquote）	other	foundation				
typography-demo	排版样式示例代码：基础用法（typography-demo）	other	foundation				
typography-h1	排版样式示例代码：h1 标题（typography-h1）	other	foundation				
typography-h2	排版样式示例代码：h2 标题（typography-h2）	other	foundation				
typography-h3	排版样式示例代码：h3 标题（typography-h3）	other	foundation				
typography-h4	排版样式示例代码：h4 标题（typography-h4）	other	foundation				
typography-inline-code	排版样式示例代码：行内代码（typography-inline-code）	other	foundation				
typography-large	排版样式示例代码：大号文字（typography-large）	other	foundation				
typography-lead	排版样式示例代码：导语段落（typography-lead）	other	foundation				
typography-list	排版样式示例代码：列表（typography-list）	other	foundation				
typography-muted	排版样式示例代码：弱化文字（typography-muted）	other	foundation				
typography-p	排版样式示例代码：段落（typography-p）	other	foundation				
typography-small	排版样式示例代码：小号文字（typography-small）	other	foundation				
typography-table	排版样式示例代码：表格（typography-table）	table	foundation				
mode-toggle	主题切换示例代码：深浅色模式切换（mode-toggle）	toggle-slider	foundation				
chart-bar-demo	图表示例代码：柱状图基础用法（chart-bar-demo）	chart	foundation				
chart-bar-demo-grid	图表示例代码：柱状图加网格线（chart-bar-demo-grid）	chart	foundation				
chart-bar-demo-axis	图表示例代码：柱状图加坐标轴（chart-bar-demo-axis）	chart	foundation				
chart-bar-demo-tooltip	图表示例代码：柱状图加提示框（chart-bar-demo-tooltip）	chart	foundation				
chart-bar-demo-legend	图表示例代码：柱状图加图例（chart-bar-demo-legend）	chart	foundation				
chart-tooltip-demo	图表示例代码：提示框基础用法（chart-tooltip-demo）	chart	foundation				
calendar-hijri	日历示例代码：伊斯兰历（calendar-hijri）	date-time	foundation				
sidebar-demo	侧边栏示例代码：基础用法（sidebar-demo）	navigation	foundation				
sidebar-header	侧边栏示例代码：头部区域（sidebar-header）	navigation	foundation				
sidebar-footer	侧边栏示例代码：底部区域（sidebar-footer）	navigation	foundation				
sidebar-group	侧边栏示例代码：分组（sidebar-group）	navigation	foundation				
sidebar-group-collapsible	侧边栏示例代码：可折叠分组（sidebar-group-collapsible）	navigation,layout-card	foundation				
sidebar-group-action	侧边栏示例代码：分组操作按钮（sidebar-group-action）	navigation	foundation				
sidebar-menu	侧边栏示例代码：菜单（sidebar-menu）	navigation	foundation				
sidebar-menu-action	侧边栏示例代码：菜单项操作按钮（sidebar-menu-action）	navigation	foundation				
sidebar-menu-sub	侧边栏示例代码：子菜单（sidebar-menu-sub）	navigation	foundation				
sidebar-menu-collapsible	侧边栏示例代码：可折叠菜单（sidebar-menu-collapsible）	navigation,layout-card	foundation				
sidebar-menu-badge	侧边栏示例代码：菜单徽标（sidebar-menu-badge）	navigation,feedback	foundation				
sidebar-rsc	侧边栏示例代码：RSC 版（sidebar-rsc）	navigation	foundation				
sidebar-controlled	侧边栏示例代码：受控（sidebar-controlled）	navigation	foundation				
accordion-example	手风琴示例代码：新 style 全变体合集（accordion-example）	layout-card	foundation				
alert-example	提示条示例代码：新 style 全变体合集（alert-example）	feedback	foundation				
alert-dialog-example	确认对话框示例代码：新 style 全变体合集（alert-dialog-example）	overlay,feedback	foundation				
aspect-ratio-example	宽高比容器示例代码：新 style 全变体合集（aspect-ratio-example）	other	foundation				
avatar-example	头像示例代码：新 style 全变体合集（avatar-example）	avatar-user	foundation				
badge-example	徽标示例代码：新 style 全变体合集（badge-example）	feedback	foundation				
breadcrumb-example	面包屑示例代码：新 style 全变体合集（breadcrumb-example）	navigation	foundation				
button-example	按钮示例代码：新 style 全变体合集（button-example）	button	foundation				
button-group-example	按钮组示例代码：新 style 全变体合集（button-group-example）	button	foundation				
calendar-example	日历示例代码：新 style 全变体合集（calendar-example）	date-time	foundation				
card-example	卡片示例代码：新 style 全变体合集（card-example）	layout-card	foundation				
carousel-example	轮播示例代码：新 style 全变体合集（carousel-example）	media	foundation				
chart-example	图表示例代码：新 style 全变体合集（chart-example）	chart	foundation				
checkbox-example	复选框示例代码：新 style 全变体合集（checkbox-example）	toggle-slider	foundation				
collapsible-example	可折叠容器示例代码：新 style 全变体合集（collapsible-example）	layout-card	foundation				
combobox-example	可搜索下拉示例代码：新 style 全变体合集（combobox-example）	select	foundation				
command-example	命令面板示例代码：新 style 全变体合集（command-example）	search-command	foundation				
context-menu-example	右键菜单示例代码：新 style 全变体合集（context-menu-example）	overlay,navigation	foundation				
dialog-example	模态对话框示例代码：新 style 全变体合集（dialog-example）	overlay	foundation				
drawer-example	抽屉示例代码：新 style 全变体合集（drawer-example）	overlay	foundation				
dropdown-menu-example	下拉菜单示例代码：新 style 全变体合集（dropdown-menu-example）	navigation,select	foundation				
empty-example	空状态示例代码：新 style 全变体合集（empty-example）	empty-onboarding	foundation				
field-example	表单字段示例代码：新 style 全变体合集（field-example）	form-input	foundation				
hover-card-example	悬停卡片示例代码：新 style 全变体合集（hover-card-example）	overlay,layout-card	foundation		hover		
input-example	输入框示例代码：新 style 全变体合集（input-example）	form-input	foundation				
input-group-example	输入框组示例代码：新 style 全变体合集（input-group-example）	form-input	foundation				
input-otp-example	验证码输入示例代码：新 style 全变体合集（input-otp-example）	form-input	foundation				
item-example	列表项示例代码：新 style 全变体合集（item-example）	other	foundation				
kbd-example	键盘按键示例代码：新 style 全变体合集（kbd-example）	other	foundation				
label-example	表单标签示例代码：新 style 全变体合集（label-example）	other	foundation				
menubar-example	菜单栏示例代码：新 style 全变体合集（menubar-example）	navigation	foundation				
native-select-example	原生下拉选择示例代码：新 style 全变体合集（native-select-example）	select	foundation				
navigation-menu-example	导航菜单示例代码：新 style 全变体合集（navigation-menu-example）	navigation	foundation				
pagination-example	分页示例代码：新 style 全变体合集（pagination-example）	navigation	foundation				
popover-example	气泡弹层示例代码：新 style 全变体合集（popover-example）	overlay	foundation				
progress-example	进度条示例代码：新 style 全变体合集（progress-example）	loading	foundation				
radio-group-example	单选组示例代码：新 style 全变体合集（radio-group-example）	toggle-slider	foundation				
resizable-example	可拖拽面板示例代码：新 style 全变体合集（resizable-example）	layout-card	foundation				
scroll-area-example	滚动条区域示例代码：新 style 全变体合集（scroll-area-example）	layout-card,motion-transition	foundation		scroll		
select-example	下拉选择示例代码：新 style 全变体合集（select-example）	select	foundation				
separator-example	分隔线示例代码：新 style 全变体合集（separator-example）	layout-card	foundation				
sheet-example	侧滑面板示例代码：新 style 全变体合集（sheet-example）	overlay	foundation				
sidebar-example	侧边栏示例代码：新 style 全变体合集（sidebar-example）	navigation	foundation				
sidebar-icon-example	侧边栏示例代码：折叠成图标栏（新 style 全变体合集，sidebar-icon-example）	navigation	foundation				
sidebar-inset-example	侧边栏示例代码：内嵌布局 inset（新 style 全变体合集，sidebar-inset-example）	navigation	foundation				
sidebar-floating-example	侧边栏示例代码：悬浮布局 floating（新 style 全变体合集，sidebar-floating-example）	navigation	foundation				
skeleton-example	骨架屏示例代码：新 style 全变体合集（skeleton-example）	loading	foundation				
slider-example	滑块示例代码：新 style 全变体合集（slider-example）	toggle-slider	foundation				
sonner-example	Toast 通知示例代码：新 style 全变体合集（sonner-example）	feedback	foundation				
spinner-example	加载转圈示例代码：新 style 全变体合集（spinner-example）	loading	foundation				
switch-example	开关示例代码：新 style 全变体合集（switch-example）	toggle-slider	foundation				
table-example	表格示例代码：新 style 全变体合集（table-example）	table	foundation				
tabs-example	标签页示例代码：新 style 全变体合集（tabs-example）	navigation	foundation				
textarea-example	多行文本输入示例代码：新 style 全变体合集（textarea-example）	text-effect,form-input	foundation				
toast-example	Toast 通知示例代码：新 style 全变体合集（toast-example）	feedback	foundation				
toggle-example	切换按钮示例代码：新 style 全变体合集（toggle-example）	toggle-slider	foundation				
toggle-group-example	切换按钮组示例代码：新 style 全变体合集（toggle-group-example）	toggle-slider	foundation				
tooltip-example	文字提示示例代码：新 style 全变体合集（tooltip-example）	overlay	foundation				
demo	多组件综合演示：卡片、表单字段、输入框组、开关、滑块、单选、下拉菜单、确认对话框放在一起用（新 style 全变体合集，demo）	other	foundation				
component-example	多组件综合示例页：确认对话框、徽章、按钮、卡片、可搜索下拉、下拉菜单、表单字段、输入框、选择框放在一起用（新 style 全变体合集，component-example）	other	foundation				
attachment-example	附件展示示例代码：新 style 全变体合集（attachment-example）	other	foundation				
bubble-example	聊天气泡示例代码：新 style 全变体合集（bubble-example）	other	foundation				
message-scroller-example	聊天滚动容器示例代码：新 style 全变体合集（message-scroller-example）	motion-transition	foundation		scroll		
questionnaire-example	多步问卷示例代码：新 style 全变体合集（questionnaire-example）	other	foundation				
marker-example	状态标记示例代码：新 style 全变体合集（marker-example）	other	foundation				
message-example	聊天消息行示例代码：新 style 全变体合集（message-example）	other	foundation				
example	示例页布局辅助组件 ExampleWrapper / Example：各 *-example 全变体合集用它排版，不是某个组件的示例（example）	other	foundation				
